vote_key,episode_id,user_id,series_name,season_number,episode_number
141245-21667900-15,141245,21667900,Band of Brothers,1,1
141245-21667900-25,141245,21667900,Band of Brothers,1,1
141245-21667900-30,141245,21667900,Band of Brothers,1,1
307266-21667900-30,307266,21667900,Angels in America,1,1
307266-21667900-15,307266,21667900,Angels in America,1,1
307266-21667900-14,307266,21667900,Angels in America,1,1
307266-21667900-38,307266,21667900,Angels in America,1,1
326715-21667900-13,326715,21667900,The Tudors,1,1
326715-21667900-25,326715,21667900,The Tudors,1,1
440752-21667900-13,440752,21667900,Toradora!,1,25
440752-21667900-19,440752,21667900,Toradora!,1,25
501751-21667900-19,501751,21667900,Fullmetal Alchemist: Brotherhood,1,1
879161-21667900-28,879161,21667900,Fullmetal Alchemist: Brotherhood,1,19
879161-21667900-18,879161,21667900,Fullmetal Alchemist: Brotherhood,1,19
879161-21667900-19,879161,21667900,Fullmetal Alchemist: Brotherhood,1,19
3941411-21667900-30,3941411,21667900,The Office (US),7,22
3941421-21667900-35,3941421,21667900,The Office (US),7,23
4079947-21667900-28,4079947,21667900,Homeland,1,1
4079947-21667900-13,4079947,21667900,Homeland,1,1
4079947-21667900-18,4079947,21667900,Homeland,1,1
4079947-21667900-19,4079947,21667900,Homeland,1,1
4175251-21667900-18,4175251,21667900,Homeland,1,2
4175251-21667900-13,4175251,21667900,Homeland,1,2
4175251-21667900-19,4175251,21667900,Homeland,1,2
4175251-21667900-28,4175251,21667900,Homeland,1,2
4175252-21667900-28,4175252,21667900,Homeland,1,3
4175252-21667900-13,4175252,21667900,Homeland,1,3
4175252-21667900-19,4175252,21667900,Homeland,1,3
4175252-21667900-18,4175252,21667900,Homeland,1,3
4175253-21667900-13,4175253,21667900,Homeland,1,4
4175253-21667900-28,4175253,21667900,Homeland,1,4
4175253-21667900-18,4175253,21667900,Homeland,1,4
4175253-21667900-19,4175253,21667900,Homeland,1,4
4175254-21667900-18,4175254,21667900,Homeland,1,5
4175254-21667900-13,4175254,21667900,Homeland,1,5
4175254-21667900-19,4175254,21667900,Homeland,1,5
4175254-21667900-28,4175254,21667900,Homeland,1,5
4175255-21667900-28,4175255,21667900,Homeland,1,6
4175255-21667900-18,4175255,21667900,Homeland,1,6
4175255-21667900-19,4175255,21667900,Homeland,1,6
4175256-21667900-28,4175256,21667900,Homeland,1,7
4175256-21667900-18,4175256,21667900,Homeland,1,7
4175256-21667900-19,4175256,21667900,Homeland,1,7
4182830-21667900-30,4182830,21667900,Homeland,1,8
4182830-21667900-28,4182830,21667900,Homeland,1,8
4182830-21667900-19,4182830,21667900,Homeland,1,8
4182830-21667900-15,4182830,21667900,Homeland,1,8
4182830-21667900-18,4182830,21667900,Homeland,1,8
4198125-21667900-15,4198125,21667900,Homeland,1,9
4198125-21667900-18,4198125,21667900,Homeland,1,9
4198125-21667900-28,4198125,21667900,Homeland,1,9
4198125-21667900-30,4198125,21667900,Homeland,1,9
4198125-21667900-19,4198125,21667900,Homeland,1,9
4198126-21667900-18,4198126,21667900,Homeland,1,10
4198126-21667900-28,4198126,21667900,Homeland,1,10
4198126-21667900-19,4198126,21667900,Homeland,1,10
4198126-21667900-30,4198126,21667900,Homeland,1,10
4198126-21667900-15,4198126,21667900,Homeland,1,10
4198127-21667900-30,4198127,21667900,Homeland,1,11
4198127-21667900-15,4198127,21667900,Homeland,1,11
4198127-21667900-19,4198127,21667900,Homeland,1,11
4198127-21667900-28,4198127,21667900,Homeland,1,11
4198127-21667900-18,4198127,21667900,Homeland,1,11
4198128-21667900-28,4198128,21667900,Homeland,1,12
4198128-21667900-18,4198128,21667900,Homeland,1,12
4198128-21667900-19,4198128,21667900,Homeland,1,12
4208116-21667900-30,4208116,21667900,Hung,3,10
4208116-21667900-15,4208116,21667900,Hung,3,10
4208116-21667900-13,4208116,21667900,Hung,3,10
4303747-21667900-28,4303747,21667900,Homeland,2,1
4303747-21667900-19,4303747,21667900,Homeland,2,1
4303747-21667900-18,4303747,21667900,Homeland,2,1
4333794-21667900-28,4333794,21667900,Homeland,2,2
4333794-21667900-18,4333794,21667900,Homeland,2,2
4333794-21667900-19,4333794,21667900,Homeland,2,2
4333795-21667900-19,4333795,21667900,Homeland,2,3
4333795-21667900-28,4333795,21667900,Homeland,2,3
4333795-21667900-18,4333795,21667900,Homeland,2,3
4336562-21667900-18,4336562,21667900,Homeland,2,4
4336562-21667900-28,4336562,21667900,Homeland,2,4
4336562-21667900-19,4336562,21667900,Homeland,2,4
4336562-21667900-13,4336562,21667900,Homeland,2,4
4366700-21667900-15,4366700,21667900,Homeland,2,6
4366700-21667900-30,4366700,21667900,Homeland,2,6
4366700-21667900-18,4366700,21667900,Homeland,2,6
4366700-21667900-19,4366700,21667900,Homeland,2,6
4366700-21667900-28,4366700,21667900,Homeland,2,6
4366701-21667900-18,4366701,21667900,Homeland,2,7
4366701-21667900-19,4366701,21667900,Homeland,2,7
4366701-21667900-28,4366701,21667900,Homeland,2,7
4376938-21667900-19,4376938,21667900,Homeland,2,5
4376938-21667900-28,4376938,21667900,Homeland,2,5
4376938-21667900-18,4376938,21667900,Homeland,2,5
4382125-21667900-19,4382125,21667900,Homeland,2,8
4382125-21667900-28,4382125,21667900,Homeland,2,8
4382125-21667900-18,4382125,21667900,Homeland,2,8
4382126-21667900-18,4382126,21667900,Homeland,2,9
4382126-21667900-28,4382126,21667900,Homeland,2,9
4382126-21667900-19,4382126,21667900,Homeland,2,9
4402617-21667900-19,4402617,21667900,Homeland,2,10
4402617-21667900-28,4402617,21667900,Homeland,2,10
4402617-21667900-18,4402617,21667900,Homeland,2,10
4402619-21667900-28,4402619,21667900,Homeland,2,11
4402619-21667900-13,4402619,21667900,Homeland,2,11
4402619-21667900-18,4402619,21667900,Homeland,2,11
4402619-21667900-19,4402619,21667900,Homeland,2,11
4402622-21667900-30,4402622,21667900,Homeland,2,12
4402622-21667900-19,4402622,21667900,Homeland,2,12
4402622-21667900-15,4402622,21667900,Homeland,2,12
4402622-21667900-28,4402622,21667900,Homeland,2,12
4402622-21667900-18,4402622,21667900,Homeland,2,12
4411361-21667900-25,4411361,21667900,House of Cards (US),1,1
4481708-21667900-28,4481708,21667900,House of Cards (US),1,2
4481708-21667900-24,4481708,21667900,House of Cards (US),1,2
4481709-21667900-25,4481709,21667900,House of Cards (US),1,3
4481709-21667900-13,4481709,21667900,House of Cards (US),1,3
4481710-21667900-24,4481710,21667900,House of Cards (US),1,4
4481710-21667900-28,4481710,21667900,House of Cards (US),1,4
4481711-21667900-13,4481711,21667900,House of Cards (US),1,5
4481712-21667900-24,4481712,21667900,House of Cards (US),1,6
4481712-21667900-28,4481712,21667900,House of Cards (US),1,6
4481713-21667900-13,4481713,21667900,House of Cards (US),1,7
4481714-21667900-38,4481714,21667900,House of Cards (US),1,8
4481714-21667900-21,4481714,21667900,House of Cards (US),1,8
4481715-21667900-28,4481715,21667900,House of Cards (US),1,9
4481715-21667900-24,4481715,21667900,House of Cards (US),1,9
4481716-21667900-24,4481716,21667900,House of Cards (US),1,10
4481716-21667900-28,4481716,21667900,House of Cards (US),1,10
4508211-21667900-30,4508211,21667900,Homeland,3,1
4508211-21667900-18,4508211,21667900,Homeland,3,1
4508211-21667900-28,4508211,21667900,Homeland,3,1
4508211-21667900-15,4508211,21667900,Homeland,3,1
4508211-21667900-19,4508211,21667900,Homeland,3,1
4520960-21667900-30,4520960,21667900,Broadchurch,1,5
4520960-21667900-32,4520960,21667900,Broadchurch,1,5
4520960-21667900-28,4520960,21667900,Broadchurch,1,5
4520963-21667900-32,4520963,21667900,Broadchurch,1,8
4559295-21667900-28,4559295,21667900,Suits,3,2
4559295-21667900-32,4559295,21667900,Suits,3,2
4562419-21667900-18,4562419,21667900,Homeland,3,2
4562419-21667900-19,4562419,21667900,Homeland,3,2
4562419-21667900-15,4562419,21667900,Homeland,3,2
4562419-21667900-28,4562419,21667900,Homeland,3,2
4562419-21667900-30,4562419,21667900,Homeland,3,2
4591566-21667900-18,4591566,21667900,Homeland,3,3
4591566-21667900-19,4591566,21667900,Homeland,3,3
4591566-21667900-28,4591566,21667900,Homeland,3,3
4591568-21667900-18,4591568,21667900,Homeland,3,4
4591568-21667900-19,4591568,21667900,Homeland,3,4
4591568-21667900-28,4591568,21667900,Homeland,3,4
4596698-21667900-28,4596698,21667900,Quarry,1,1
4596698-21667900-18,4596698,21667900,Quarry,1,1
4596698-21667900-19,4596698,21667900,Quarry,1,1
4597331-21667900-19,4597331,21667900,Homeland,3,5
4597331-21667900-18,4597331,21667900,Homeland,3,5
4597331-21667900-28,4597331,21667900,Homeland,3,5
4611506-21667900-19,4611506,21667900,Homeland,3,6
4611506-21667900-18,4611506,21667900,Homeland,3,6
4611506-21667900-28,4611506,21667900,Homeland,3,6
4611507-21667900-28,4611507,21667900,Homeland,3,7
4611507-21667900-18,4611507,21667900,Homeland,3,7
4611507-21667900-19,4611507,21667900,Homeland,3,7
4626050-21667900-24,4626050,21667900,Fargo,1,1
4626050-21667900-25,4626050,21667900,Fargo,1,1
4626050-21667900-28,4626050,21667900,Fargo,1,1
4663020-21667900-25,4663020,21667900,Better Call Saul,1,1
4663020-21667900-13,4663020,21667900,Better Call Saul,1,1
4663897-21667900-28,4663897,21667900,Homeland,3,8
4663897-21667900-19,4663897,21667900,Homeland,3,8
4663897-21667900-18,4663897,21667900,Homeland,3,8
4663898-21667900-28,4663898,21667900,Homeland,3,9
4663898-21667900-18,4663898,21667900,Homeland,3,9
4663898-21667900-19,4663898,21667900,Homeland,3,9
4663899-21667900-28,4663899,21667900,Homeland,3,10
4663899-21667900-19,4663899,21667900,Homeland,3,10
4663899-21667900-18,4663899,21667900,Homeland,3,10
4675715-21667900-28,4675715,21667900,Homeland,3,11
4675715-21667900-18,4675715,21667900,Homeland,3,11
4675715-21667900-19,4675715,21667900,Homeland,3,11
4675716-21667900-18,4675716,21667900,Homeland,3,12
4675716-21667900-15,4675716,21667900,Homeland,3,12
4675716-21667900-28,4675716,21667900,Homeland,3,12
4675716-21667900-30,4675716,21667900,Homeland,3,12
4676429-21667900-28,4676429,21667900,Suits,3,16
4676429-21667900-30,4676429,21667900,Suits,3,16
4808528-21667900-28,4808528,21667900,Fargo,1,2
4808528-21667900-25,4808528,21667900,Fargo,1,2
4808528-21667900-24,4808528,21667900,Fargo,1,2
4808529-21667900-25,4808529,21667900,Fargo,1,3
4808529-21667900-13,4808529,21667900,Fargo,1,3
4808530-21667900-25,4808530,21667900,Fargo,1,4
4808531-21667900-24,4808531,21667900,Fargo,1,5
4808531-21667900-25,4808531,21667900,Fargo,1,5
4808531-21667900-28,4808531,21667900,Fargo,1,5
4808533-21667900-15,4808533,21667900,Fargo,1,6
4808533-21667900-24,4808533,21667900,Fargo,1,6
4808533-21667900-28,4808533,21667900,Fargo,1,6
4808533-21667900-30,4808533,21667900,Fargo,1,6
4808534-21667900-28,4808534,21667900,Fargo,1,7
4808534-21667900-25,4808534,21667900,Fargo,1,7
4808534-21667900-24,4808534,21667900,Fargo,1,7
4808535-21667900-28,4808535,21667900,Fargo,1,8
4808535-21667900-25,4808535,21667900,Fargo,1,8
4808535-21667900-24,4808535,21667900,Fargo,1,8
4808536-21667900-25,4808536,21667900,Fargo,1,9
4808536-21667900-15,4808536,21667900,Fargo,1,9
4808536-21667900-30,4808536,21667900,Fargo,1,9
4808536-21667900-24,4808536,21667900,Fargo,1,9
4808536-21667900-28,4808536,21667900,Fargo,1,9
4808538-21667900-28,4808538,21667900,Fargo,1,10
4808538-21667900-13,4808538,21667900,Fargo,1,10
4808538-21667900-24,4808538,21667900,Fargo,1,10
4823565-21667900-15,4823565,21667900,Olive Kitteridge,1,1
4823565-21667900-38,4823565,21667900,Olive Kitteridge,1,1
4823565-21667900-21,4823565,21667900,Olive Kitteridge,1,1
4823565-21667900-30,4823565,21667900,Olive Kitteridge,1,1
4823565-21667900-25,4823565,21667900,Olive Kitteridge,1,1
4823565-21667900-13,4823565,21667900,Olive Kitteridge,1,1
4823566-21667900-13,4823566,21667900,Olive Kitteridge,1,2
4823566-21667900-25,4823566,21667900,Olive Kitteridge,1,2
4823567-21667900-15,4823567,21667900,Olive Kitteridge,1,3
4823567-21667900-30,4823567,21667900,Olive Kitteridge,1,3
4823568-21667900-15,4823568,21667900,Olive Kitteridge,1,4
4823568-21667900-30,4823568,21667900,Olive Kitteridge,1,4
4825726-21667900-13,4825726,21667900,Blue Spring Ride,1,1
4825726-21667900-19,4825726,21667900,Blue Spring Ride,1,1
4866622-21667900-24,4866622,21667900,The Knick,1,1
4866622-21667900-25,4866622,21667900,The Knick,1,1
4866622-21667900-34,4866622,21667900,The Knick,1,1
4866622-21667900-22,4866622,21667900,The Knick,1,1
4866622-21667900-28,4866622,21667900,The Knick,1,1
4929223-21667900-30,4929223,21667900,The Leftovers,1,9
4929224-21667900-30,4929224,21667900,The Leftovers,1,10
4929224-21667900-28,4929224,21667900,The Leftovers,1,10
4929224-21667900-38,4929224,21667900,The Leftovers,1,10
4930433-21667900-25,4930433,21667900,The Knick,1,2
4930433-21667900-13,4930433,21667900,The Knick,1,2
4930434-21667900-25,4930434,21667900,The Knick,1,3
4930435-21667900-25,4930435,21667900,The Knick,1,4
4930436-21667900-25,4930436,21667900,The Knick,1,5
4930437-21667900-28,4930437,21667900,The Knick,1,6
4930437-21667900-25,4930437,21667900,The Knick,1,6
4930437-21667900-24,4930437,21667900,The Knick,1,6
4930438-21667900-25,4930438,21667900,The Knick,1,7
4930438-21667900-24,4930438,21667900,The Knick,1,7
4930438-21667900-28,4930438,21667900,The Knick,1,7
4930439-21667900-28,4930439,21667900,The Knick,1,8
4930439-21667900-24,4930439,21667900,The Knick,1,8
4930439-21667900-25,4930439,21667900,The Knick,1,8
4930440-21667900-24,4930440,21667900,The Knick,1,9
4930440-21667900-28,4930440,21667900,The Knick,1,9
4930441-21667900-28,4930441,21667900,The Knick,1,10
4930441-21667900-30,4930441,21667900,The Knick,1,10
4930441-21667900-24,4930441,21667900,The Knick,1,10
4930441-21667900-15,4930441,21667900,The Knick,1,10
5013326-21667900-30,5013326,21667900,Your Lie in April,1,2
5013326-21667900-19,5013326,21667900,Your Lie in April,1,2
5013326-21667900-15,5013326,21667900,Your Lie in April,1,2
5013610-21667900-15,5013610,21667900,Your Lie in April,1,22
5013610-21667900-30,5013610,21667900,Your Lie in April,1,22
5028306-21667900-37,5028306,21667900,The Seven Deadly Sins,1,8
5028306-21667900-30,5028306,21667900,The Seven Deadly Sins,1,8
5028306-21667900-32,5028306,21667900,The Seven Deadly Sins,1,8
5054192-21667900-13,5054192,21667900,Better Call Saul,1,2
5054192-21667900-15,5054192,21667900,Better Call Saul,1,2
5054192-21667900-30,5054192,21667900,Better Call Saul,1,2
5054192-21667900-25,5054192,21667900,Better Call Saul,1,2
5054193-21667900-13,5054193,21667900,Better Call Saul,1,3
5054193-21667900-25,5054193,21667900,Better Call Saul,1,3
5114293-21667900-13,5114293,21667900,Better Call Saul,1,4
5114293-21667900-25,5114293,21667900,Better Call Saul,1,4
5114294-21667900-13,5114294,21667900,Better Call Saul,1,5
5126774-21667900-30,5126774,21667900,Better Call Saul,1,6
5126774-21667900-24,5126774,21667900,Better Call Saul,1,6
5126774-21667900-28,5126774,21667900,Better Call Saul,1,6
5126774-21667900-15,5126774,21667900,Better Call Saul,1,6
5126775-21667900-30,5126775,21667900,Better Call Saul,1,7
5126775-21667900-13,5126775,21667900,Better Call Saul,1,7
5126775-21667900-15,5126775,21667900,Better Call Saul,1,7
5126776-21667900-25,5126776,21667900,Better Call Saul,1,8
5126776-21667900-13,5126776,21667900,Better Call Saul,1,8
5126777-21667900-24,5126777,21667900,Better Call Saul,1,9
5126777-21667900-15,5126777,21667900,Better Call Saul,1,9
5126777-21667900-28,5126777,21667900,Better Call Saul,1,9
5126777-21667900-30,5126777,21667900,Better Call Saul,1,9
5256066-21667900-28,5256066,21667900,The Leftovers,2,1
5256066-21667900-38,5256066,21667900,The Leftovers,2,1
5295146-21667900-13,5295146,21667900,The Knick,2,1
5295146-21667900-25,5295146,21667900,The Knick,2,1
5300871-21667900-28,5300871,21667900,Fargo,2,1
5300871-21667900-24,5300871,21667900,Fargo,2,1
5300871-21667900-25,5300871,21667900,Fargo,2,1
5315387-21667900-28,5315387,21667900,The Knick,2,2
5315387-21667900-30,5315387,21667900,The Knick,2,2
5315387-21667900-25,5315387,21667900,The Knick,2,2
5315387-21667900-15,5315387,21667900,The Knick,2,2
5315387-21667900-24,5315387,21667900,The Knick,2,2
5315388-21667900-13,5315388,21667900,The Knick,2,3
5315388-21667900-25,5315388,21667900,The Knick,2,3
5315389-21667900-25,5315389,21667900,The Knick,2,4
5315390-21667900-25,5315390,21667900,The Knick,2,5
5315390-21667900-13,5315390,21667900,The Knick,2,5
5315391-21667900-13,5315391,21667900,The Knick,2,6
5315392-21667900-23,5315392,21667900,The Knick,2,7
5315392-21667900-29,5315392,21667900,The Knick,2,7
5315393-21667900-28,5315393,21667900,The Knick,2,8
5315393-21667900-24,5315393,21667900,The Knick,2,8
5315393-21667900-30,5315393,21667900,The Knick,2,8
5315393-21667900-15,5315393,21667900,The Knick,2,8
5315394-21667900-30,5315394,21667900,The Knick,2,9
5315394-21667900-28,5315394,21667900,The Knick,2,9
5315394-21667900-24,5315394,21667900,The Knick,2,9
5315394-21667900-15,5315394,21667900,The Knick,2,9
5315395-21667900-28,5315395,21667900,The Knick,2,10
5315395-21667900-15,5315395,21667900,The Knick,2,10
5315395-21667900-30,5315395,21667900,The Knick,2,10
5315395-21667900-24,5315395,21667900,The Knick,2,10
5343365-21667900-24,5343365,21667900,Fargo,2,2
5343365-21667900-25,5343365,21667900,Fargo,2,2
5343365-21667900-28,5343365,21667900,Fargo,2,2
5344820-21667900-25,5344820,21667900,Fargo,2,3
5344820-21667900-24,5344820,21667900,Fargo,2,3
5344820-21667900-28,5344820,21667900,Fargo,2,3
5364427-21667900-25,5364427,21667900,The Night Manager,1,1
5364427-21667900-13,5364427,21667900,The Night Manager,1,1
5411660-21667900-22,5411660,21667900,Making a Murderer,1,1
5411660-21667900-34,5411660,21667900,Making a Murderer,1,1
5427452-21667900-33,5427452,21667900,Better Call Saul,2,1
5427452-21667900-28,5427452,21667900,Better Call Saul,2,1
5434009-21667900-28,5434009,21667900,Making a Murderer,1,2
5434009-21667900-24,5434009,21667900,Making a Murderer,1,2
5444137-21667900-19,5444137,21667900,Quarry,1,2
5444137-21667900-30,5444137,21667900,Quarry,1,2
5444137-21667900-28,5444137,21667900,Quarry,1,2
5444137-21667900-18,5444137,21667900,Quarry,1,2
5444137-21667900-15,5444137,21667900,Quarry,1,2
5444138-21667900-19,5444138,21667900,Quarry,1,3
5444138-21667900-28,5444138,21667900,Quarry,1,3
5444138-21667900-18,5444138,21667900,Quarry,1,3
5444139-21667900-19,5444139,21667900,Quarry,1,4
5444139-21667900-18,5444139,21667900,Quarry,1,4
5444139-21667900-15,5444139,21667900,Quarry,1,4
5444139-21667900-30,5444139,21667900,Quarry,1,4
5444139-21667900-28,5444139,21667900,Quarry,1,4
5444140-21667900-28,5444140,21667900,Quarry,1,5
5444140-21667900-19,5444140,21667900,Quarry,1,5
5444140-21667900-18,5444140,21667900,Quarry,1,5
5444141-21667900-13,5444141,21667900,Quarry,1,6
5444141-21667900-18,5444141,21667900,Quarry,1,6
5444141-21667900-19,5444141,21667900,Quarry,1,6
5444141-21667900-28,5444141,21667900,Quarry,1,6
5444142-21667900-28,5444142,21667900,Quarry,1,7
5444142-21667900-19,5444142,21667900,Quarry,1,7
5444142-21667900-18,5444142,21667900,Quarry,1,7
5465989-21667900-19,5465989,21667900,Erased,1,2
5465991-21667900-28,5465991,21667900,Erased,1,4
5465991-21667900-30,5465991,21667900,Erased,1,4
5465991-21667900-18,5465991,21667900,Erased,1,4
5465991-21667900-34,5465991,21667900,Erased,1,4
5465991-21667900-16,5465991,21667900,Erased,1,4
5465991-21667900-15,5465991,21667900,Erased,1,4
5465993-21667900-14,5465993,21667900,Erased,1,6
5465993-21667900-15,5465993,21667900,Erased,1,6
5465993-21667900-38,5465993,21667900,Erased,1,6
5465993-21667900-28,5465993,21667900,Erased,1,6
5465993-21667900-30,5465993,21667900,Erased,1,6
5465993-21667900-19,5465993,21667900,Erased,1,6
5465993-21667900-18,5465993,21667900,Erased,1,6
5468806-21667900-28,5468806,21667900,Erased,1,7
5468806-21667900-19,5468806,21667900,Erased,1,7
5468806-21667900-14,5468806,21667900,Erased,1,7
5468806-21667900-18,5468806,21667900,Erased,1,7
5468806-21667900-38,5468806,21667900,Erased,1,7
5468807-21667900-19,5468807,21667900,Erased,1,8
5468807-21667900-18,5468807,21667900,Erased,1,8
5468807-21667900-28,5468807,21667900,Erased,1,8
5468811-21667900-19,5468811,21667900,Erased,1,12
5468811-21667900-28,5468811,21667900,Erased,1,12
5468811-21667900-18,5468811,21667900,Erased,1,12
5468811-21667900-15,5468811,21667900,Erased,1,12
5468811-21667900-13,5468811,21667900,Erased,1,12
5468811-21667900-30,5468811,21667900,Erased,1,12
5481550-21667900-25,5481550,21667900,The Night Manager,1,2
5481550-21667900-13,5481550,21667900,The Night Manager,1,2
5481551-21667900-28,5481551,21667900,The Night Manager,1,3
5481551-21667900-24,5481551,21667900,The Night Manager,1,3
5481551-21667900-25,5481551,21667900,The Night Manager,1,3
5481552-21667900-28,5481552,21667900,The Night Manager,1,4
5481552-21667900-24,5481552,21667900,The Night Manager,1,4
5481553-21667900-28,5481553,21667900,The Night Manager,1,5
5481553-21667900-25,5481553,21667900,The Night Manager,1,5
5481553-21667900-24,5481553,21667900,The Night Manager,1,5
5481554-21667900-25,5481554,21667900,The Night Manager,1,6
5481554-21667900-13,5481554,21667900,The Night Manager,1,6
5506131-21667900-28,5506131,21667900,Better Call Saul,2,2
5506131-21667900-33,5506131,21667900,Better Call Saul,2,2
5506132-21667900-37,5506132,21667900,Better Call Saul,2,3
5537897-21667900-30,5537897,21667900,Better Call Saul,2,5
5537897-21667900-28,5537897,21667900,Better Call Saul,2,5
5538565-21667900-28,5538565,21667900,Better Call Saul,2,6
5541668-21667900-28,5541668,21667900,The Story of God with Morgan Freeman,1,1
5541668-21667900-24,5541668,21667900,The Story of God with Morgan Freeman,1,1
5541668-21667900-25,5541668,21667900,The Story of God with Morgan Freeman,1,1
5551774-21667900-37,5551774,21667900,Better Call Saul,2,7
5551774-21667900-33,5551774,21667900,Better Call Saul,2,7
5551774-21667900-28,5551774,21667900,Better Call Saul,2,7
5563916-21667900-25,5563916,21667900,The Story of God with Morgan Freeman,1,2
5586358-21667900-30,5586358,21667900,The Night Of,1,1
5586358-21667900-24,5586358,21667900,The Night Of,1,1
5586358-21667900-25,5586358,21667900,The Night Of,1,1
5586358-21667900-15,5586358,21667900,The Night Of,1,1
5586358-21667900-28,5586358,21667900,The Night Of,1,1
5648788-21667900-13,5648788,21667900,The Good Place,1,1
5648842-21667900-30,5648842,21667900,The Night Of,1,2
5648842-21667900-15,5648842,21667900,The Night Of,1,2
5648842-21667900-25,5648842,21667900,The Night Of,1,2
5648843-21667900-24,5648843,21667900,The Night Of,1,3
5648843-21667900-25,5648843,21667900,The Night Of,1,3
5648843-21667900-28,5648843,21667900,The Night Of,1,3
5648844-21667900-24,5648844,21667900,The Night Of,1,4
5648844-21667900-25,5648844,21667900,The Night Of,1,4
5648844-21667900-28,5648844,21667900,The Night Of,1,4
5649281-21667900-13,5649281,21667900,The Good Place,1,2
5649282-21667900-25,5649282,21667900,The Good Place,1,3
5649282-21667900-13,5649282,21667900,The Good Place,1,3
5657622-21667900-25,5657622,21667900,The Night Of,1,5
5657622-21667900-24,5657622,21667900,The Night Of,1,5
5657622-21667900-28,5657622,21667900,The Night Of,1,5
5657623-21667900-25,5657623,21667900,The Night Of,1,6
5657623-21667900-24,5657623,21667900,The Night Of,1,6
5657623-21667900-28,5657623,21667900,The Night Of,1,6
5657624-21667900-28,5657624,21667900,The Night Of,1,7
5657624-21667900-24,5657624,21667900,The Night Of,1,7
5657624-21667900-25,5657624,21667900,The Night Of,1,7
5657625-21667900-13,5657625,21667900,The Night Of,1,8
5657625-21667900-30,5657625,21667900,The Night Of,1,8
5657625-21667900-25,5657625,21667900,The Night Of,1,8
5657625-21667900-15,5657625,21667900,The Night Of,1,8
5692427-21667900-13,5692427,21667900,Black Mirror,3,1
5692427-21667900-18,5692427,21667900,Black Mirror,3,1
5692427-21667900-28,5692427,21667900,Black Mirror,3,1
5692430-21667900-28,5692430,21667900,Black Mirror,3,2
5692430-21667900-15,5692430,21667900,Black Mirror,3,2
5692430-21667900-30,5692430,21667900,Black Mirror,3,2
5692430-21667900-18,5692430,21667900,Black Mirror,3,2
5738213-21667900-13,5738213,21667900,The Good Place,1,4
5738214-21667900-13,5738214,21667900,The Good Place,1,5
5745518-21667900-13,5745518,21667900,The Good Place,1,6
5745521-21667900-13,5745521,21667900,The Good Place,1,7
5745523-21667900-13,5745523,21667900,The Good Place,1,8
5745525-21667900-13,5745525,21667900,The Good Place,1,9
5755261-21667900-37,5755261,21667900,The Fall,3,3
5782727-21667900-13,5782727,21667900,Beyond,1,1
5782728-21667900-25,5782728,21667900,Beyond,1,2
5782728-21667900-13,5782728,21667900,Beyond,1,2
5782729-21667900-13,5782729,21667900,Beyond,1,3
5782729-21667900-25,5782729,21667900,Beyond,1,3
5782730-21667900-13,5782730,21667900,Beyond,1,4
5782730-21667900-25,5782730,21667900,Beyond,1,4
5782731-21667900-24,5782731,21667900,Beyond,1,5
5782731-21667900-28,5782731,21667900,Beyond,1,5
5818942-21667900-13,5818942,21667900,The Good Place,1,10
5845667-21667900-19,5845667,21667900,Scum's Wish,1,1
5855690-21667900-13,5855690,21667900,The Good Place,1,11
5904846-21667900-13,5904846,21667900,The Good Place,1,12
5904847-21667900-24,5904847,21667900,The Good Place,1,13
5904847-21667900-28,5904847,21667900,The Good Place,1,13
5904847-21667900-13,5904847,21667900,The Good Place,1,13
5906286-21667900-28,5906286,21667900,Scum's Wish,1,2
5906286-21667900-18,5906286,21667900,Scum's Wish,1,2
5906287-21667900-18,5906287,21667900,Scum's Wish,1,3
5906287-21667900-19,5906287,21667900,Scum's Wish,1,3
5906287-21667900-15,5906287,21667900,Scum's Wish,1,3
5906287-21667900-30,5906287,21667900,Scum's Wish,1,3
5906287-21667900-28,5906287,21667900,Scum's Wish,1,3
5906288-21667900-30,5906288,21667900,Scum's Wish,1,4
5906288-21667900-28,5906288,21667900,Scum's Wish,1,4
5906288-21667900-27,5906288,21667900,Scum's Wish,1,4
5906288-21667900-29,5906288,21667900,Scum's Wish,1,4
5906288-21667900-15,5906288,21667900,Scum's Wish,1,4
5906288-21667900-18,5906288,21667900,Scum's Wish,1,4
5937312-21667900-25,5937312,21667900,House of Cards (US),5,2
5937312-21667900-24,5937312,21667900,House of Cards (US),5,2
5937312-21667900-28,5937312,21667900,House of Cards (US),5,2
5937312-21667900-13,5937312,21667900,House of Cards (US),5,2
5964888-21667900-21,5964888,21667900,Babylon Berlin,1,1
5964888-21667900-38,5964888,21667900,Babylon Berlin,1,1
5964888-21667900-13,5964888,21667900,Babylon Berlin,1,1
5972910-21667900-28,5972910,21667900,The Leftovers,3,5
5972910-21667900-38,5972910,21667900,The Leftovers,3,5
6023980-21667900-30,6023980,21667900,Better Call Saul,3,2
6023980-21667900-28,6023980,21667900,Better Call Saul,3,2
6023992-21667900-28,6023992,21667900,Better Call Saul,3,5
6024003-21667900-28,6024003,21667900,Better Call Saul,3,9
6024003-21667900-30,6024003,21667900,Better Call Saul,3,9
6024007-21667900-30,6024007,21667900,Better Call Saul,3,10
6024007-21667900-28,6024007,21667900,Better Call Saul,3,10
6049877-21667900-30,6049877,21667900,The Leftovers,3,8
6049877-21667900-28,6049877,21667900,The Leftovers,3,8
6094695-21667900-30,6094695,21667900,A Silent Voice,1,1
6094695-21667900-15,6094695,21667900,A Silent Voice,1,1
6104951-21667900-24,6104951,21667900,Ozark,1,1
6104951-21667900-25,6104951,21667900,Ozark,1,1
6104951-21667900-28,6104951,21667900,Ozark,1,1
6104952-21667900-13,6104952,21667900,Ozark,1,2
6104952-21667900-28,6104952,21667900,Ozark,1,2
6104952-21667900-24,6104952,21667900,Ozark,1,2
6104952-21667900-25,6104952,21667900,Ozark,1,2
6140534-21667900-13,6140534,21667900,The Good Place,2,1
6140534-21667900-25,6140534,21667900,The Good Place,2,1
6141745-21667900-13,6141745,21667900,The Good Place,2,2
6141746-21667900-13,6141746,21667900,The Good Place,2,3
6141747-21667900-13,6141747,21667900,The Good Place,2,4
6141748-21667900-13,6141748,21667900,The Good Place,2,5
6141749-21667900-13,6141749,21667900,The Good Place,2,6
6141750-21667900-13,6141750,21667900,The Good Place,2,7
6141751-21667900-24,6141751,21667900,The Good Place,2,8
6141751-21667900-28,6141751,21667900,The Good Place,2,8
6141751-21667900-13,6141751,21667900,The Good Place,2,8
6172291-21667900-13,6172291,21667900,Ozark,1,3
6172291-21667900-25,6172291,21667900,Ozark,1,3
6172292-21667900-13,6172292,21667900,Ozark,1,4
6172292-21667900-25,6172292,21667900,Ozark,1,4
6172293-21667900-25,6172293,21667900,Ozark,1,5
6172294-21667900-24,6172294,21667900,Ozark,1,6
6172294-21667900-25,6172294,21667900,Ozark,1,6
6172294-21667900-28,6172294,21667900,Ozark,1,6
6172295-21667900-24,6172295,21667900,Ozark,1,7
6172295-21667900-28,6172295,21667900,Ozark,1,7
6172295-21667900-25,6172295,21667900,Ozark,1,7
6172296-21667900-21,6172296,21667900,Ozark,1,8
6172296-21667900-38,6172296,21667900,Ozark,1,8
6172296-21667900-25,6172296,21667900,Ozark,1,8
6172297-21667900-13,6172297,21667900,Ozark,1,9
6172297-21667900-15,6172297,21667900,Ozark,1,9
6172297-21667900-30,6172297,21667900,Ozark,1,9
6172297-21667900-25,6172297,21667900,Ozark,1,9
6172298-21667900-13,6172298,21667900,Ozark,1,10
6172298-21667900-25,6172298,21667900,Ozark,1,10
6172298-21667900-24,6172298,21667900,Ozark,1,10
6172298-21667900-28,6172298,21667900,Ozark,1,10
6215632-21667900-30,6215632,21667900,The Good Place,2,9
6215632-21667900-13,6215632,21667900,The Good Place,2,9
6215632-21667900-15,6215632,21667900,The Good Place,2,9
6215635-21667900-13,6215635,21667900,The Good Place,2,11
6247595-21667900-13,6247595,21667900,The Good Place,2,12
6352961-21667900-25,6352961,21667900,Babylon Berlin,1,2
6352961-21667900-28,6352961,21667900,Babylon Berlin,1,2
6352961-21667900-24,6352961,21667900,Babylon Berlin,1,2
6352962-21667900-38,6352962,21667900,Babylon Berlin,1,3
6352962-21667900-25,6352962,21667900,Babylon Berlin,1,3
6352962-21667900-21,6352962,21667900,Babylon Berlin,1,3
6485190-21667900-30,6485190,21667900,This Is Us,2,14
6485190-21667900-15,6485190,21667900,This Is Us,2,14
6504114-21667900-28,6504114,21667900,The Seven Deadly Sins,2,14
6504114-21667900-37,6504114,21667900,The Seven Deadly Sins,2,14
6504120-21667900-28,6504120,21667900,The Seven Deadly Sins,2,20
6504120-21667900-30,6504120,21667900,The Seven Deadly Sins,2,20
6510565-21667900-13,6510565,21667900,DARLING in the FRANXX,1,24
6510565-21667900-15,6510565,21667900,DARLING in the FRANXX,1,24
6510565-21667900-18,6510565,21667900,DARLING in the FRANXX,1,24
6510565-21667900-30,6510565,21667900,DARLING in the FRANXX,1,24
6510565-21667900-28,6510565,21667900,DARLING in the FRANXX,1,24
6524416-21667900-37,6524416,21667900,My Mister,1,1
6530568-21667900-19,6530568,21667900,Tom Clancy's Jack Ryan,1,1
6538598-21667900-38,6538598,21667900,Westworld,2,1
6538598-21667900-19,6538598,21667900,Westworld,2,1
6538598-21667900-28,6538598,21667900,Westworld,2,1
6538598-21667900-14,6538598,21667900,Westworld,2,1
6538598-21667900-18,6538598,21667900,Westworld,2,1
6545667-21667900-28,6545667,21667900,Tom Clancy's Jack Ryan,1,2
6545667-21667900-19,6545667,21667900,Tom Clancy's Jack Ryan,1,2
6545667-21667900-18,6545667,21667900,Tom Clancy's Jack Ryan,1,2
6545668-21667900-28,6545668,21667900,Tom Clancy's Jack Ryan,1,3
6545668-21667900-19,6545668,21667900,Tom Clancy's Jack Ryan,1,3
6545668-21667900-18,6545668,21667900,Tom Clancy's Jack Ryan,1,3
6545669-21667900-19,6545669,21667900,Tom Clancy's Jack Ryan,1,4
6545669-21667900-28,6545669,21667900,Tom Clancy's Jack Ryan,1,4
6545669-21667900-15,6545669,21667900,Tom Clancy's Jack Ryan,1,4
6545669-21667900-18,6545669,21667900,Tom Clancy's Jack Ryan,1,4
6545669-21667900-30,6545669,21667900,Tom Clancy's Jack Ryan,1,4
6548881-21667900-28,6548881,21667900,My Mister,1,3
6548882-21667900-30,6548882,21667900,My Mister,1,4
6548882-21667900-28,6548882,21667900,My Mister,1,4
6548886-21667900-28,6548886,21667900,My Mister,1,8
6548886-21667900-30,6548886,21667900,My Mister,1,8
6548894-21667900-30,6548894,21667900,My Mister,1,16
6548894-21667900-32,6548894,21667900,My Mister,1,16
6578537-21667900-28,6578537,21667900,Lucifer,3,24
6578537-21667900-13,6578537,21667900,Lucifer,3,24
6578537-21667900-18,6578537,21667900,Lucifer,3,24
6578537-21667900-19,6578537,21667900,Lucifer,3,24
6619787-21667900-28,6619787,21667900,Something in the Rain,1,3
6619787-21667900-37,6619787,21667900,Something in the Rain,1,3
6619787-21667900-32,6619787,21667900,Something in the Rain,1,3
6697890-21667900-28,6697890,21667900,Succession,1,6
6697890-21667900-29,6697890,21667900,Succession,1,6
6704749-21667900-13,6704749,21667900,The Good Place,3,1
6704751-21667900-13,6704751,21667900,The Good Place,3,2
6709632-21667900-32,6709632,21667900,Better Call Saul,4,1
6709632-21667900-28,6709632,21667900,Better Call Saul,4,1
6711743-21667900-13,6711743,21667900,Gentleman Jack,1,1
6711743-21667900-19,6711743,21667900,Gentleman Jack,1,1
6735146-21667900-25,6735146,21667900,Ozark,2,1
6735146-21667900-13,6735146,21667900,Ozark,2,1
6757078-21667900-28,6757078,21667900,Better Call Saul,4,4
6757079-21667900-28,6757079,21667900,Better Call Saul,4,5
6775604-21667900-18,6775604,21667900,Tom Clancy's Jack Ryan,1,5
6775604-21667900-28,6775604,21667900,Tom Clancy's Jack Ryan,1,5
6775604-21667900-19,6775604,21667900,Tom Clancy's Jack Ryan,1,5
6775605-21667900-13,6775605,21667900,Tom Clancy's Jack Ryan,1,6
6775605-21667900-18,6775605,21667900,Tom Clancy's Jack Ryan,1,6
6775605-21667900-28,6775605,21667900,Tom Clancy's Jack Ryan,1,6
6775605-21667900-19,6775605,21667900,Tom Clancy's Jack Ryan,1,6
6775606-21667900-28,6775606,21667900,Tom Clancy's Jack Ryan,1,7
6775606-21667900-18,6775606,21667900,Tom Clancy's Jack Ryan,1,7
6775606-21667900-19,6775606,21667900,Tom Clancy's Jack Ryan,1,7
6775607-21667900-18,6775607,21667900,Tom Clancy's Jack Ryan,1,8
6775607-21667900-19,6775607,21667900,Tom Clancy's Jack Ryan,1,8
6775607-21667900-28,6775607,21667900,Tom Clancy's Jack Ryan,1,8
6775607-21667900-13,6775607,21667900,Tom Clancy's Jack Ryan,1,8
6778611-21667900-13,6778611,21667900,Ozark,2,2
6778611-21667900-25,6778611,21667900,Ozark,2,2
6778614-21667900-13,6778614,21667900,Ozark,2,3
6778614-21667900-25,6778614,21667900,Ozark,2,3
6778618-21667900-24,6778618,21667900,Ozark,2,4
6778618-21667900-28,6778618,21667900,Ozark,2,4
6778618-21667900-25,6778618,21667900,Ozark,2,4
6778619-21667900-28,6778619,21667900,Ozark,2,5
6778619-21667900-24,6778619,21667900,Ozark,2,5
6778619-21667900-25,6778619,21667900,Ozark,2,5
6778620-21667900-25,6778620,21667900,Ozark,2,6
6778620-21667900-24,6778620,21667900,Ozark,2,6
6778620-21667900-28,6778620,21667900,Ozark,2,6
6778622-21667900-30,6778622,21667900,Ozark,2,7
6778622-21667900-28,6778622,21667900,Ozark,2,7
6778622-21667900-15,6778622,21667900,Ozark,2,7
6778622-21667900-24,6778622,21667900,Ozark,2,7
6778623-21667900-28,6778623,21667900,Ozark,2,8
6778623-21667900-13,6778623,21667900,Ozark,2,8
6778623-21667900-24,6778623,21667900,Ozark,2,8
6778625-21667900-30,6778625,21667900,Ozark,2,9
6778625-21667900-28,6778625,21667900,Ozark,2,9
6778625-21667900-24,6778625,21667900,Ozark,2,9
6778625-21667900-15,6778625,21667900,Ozark,2,9
6778626-21667900-25,6778626,21667900,Ozark,2,10
6778626-21667900-28,6778626,21667900,Ozark,2,10
6778626-21667900-24,6778626,21667900,Ozark,2,10
6782558-21667900-28,6782558,21667900,Better Call Saul,4,7
6783481-21667900-30,6783481,21667900,Lucifer,4,1
6783481-21667900-18,6783481,21667900,Lucifer,4,1
6783481-21667900-19,6783481,21667900,Lucifer,4,1
6783481-21667900-15,6783481,21667900,Lucifer,4,1
6783481-21667900-28,6783481,21667900,Lucifer,4,1
6806407-21667900-28,6806407,21667900,Perfume (2018),1,1
6806407-21667900-38,6806407,21667900,Perfume (2018),1,1
6809752-21667900-19,6809752,21667900,Lucifer,4,2
6809752-21667900-28,6809752,21667900,Lucifer,4,2
6809752-21667900-18,6809752,21667900,Lucifer,4,2
6813799-21667900-19,6813799,21667900,Lucifer,4,3
6813799-21667900-28,6813799,21667900,Lucifer,4,3
6813799-21667900-18,6813799,21667900,Lucifer,4,3
6827062-21667900-28,6827062,21667900,Rascal Does Not Dream of Bunny Girl Senpai,1,2
6827062-21667900-19,6827062,21667900,Rascal Does Not Dream of Bunny Girl Senpai,1,2
6827062-21667900-13,6827062,21667900,Rascal Does Not Dream of Bunny Girl Senpai,1,2
6827062-21667900-18,6827062,21667900,Rascal Does Not Dream of Bunny Girl Senpai,1,2
6827063-21667900-19,6827063,21667900,Rascal Does Not Dream of Bunny Girl Senpai,1,3
6827063-21667900-28,6827063,21667900,Rascal Does Not Dream of Bunny Girl Senpai,1,3
6827063-21667900-18,6827063,21667900,Rascal Does Not Dream of Bunny Girl Senpai,1,3
6827063-21667900-13,6827063,21667900,Rascal Does Not Dream of Bunny Girl Senpai,1,3
6827064-21667900-28,6827064,21667900,Rascal Does Not Dream of Bunny Girl Senpai,1,4
6827064-21667900-18,6827064,21667900,Rascal Does Not Dream of Bunny Girl Senpai,1,4
6827064-21667900-19,6827064,21667900,Rascal Does Not Dream of Bunny Girl Senpai,1,4
6827065-21667900-18,6827065,21667900,Rascal Does Not Dream of Bunny Girl Senpai,1,5
6827065-21667900-28,6827065,21667900,Rascal Does Not Dream of Bunny Girl Senpai,1,5
6827065-21667900-19,6827065,21667900,Rascal Does Not Dream of Bunny Girl Senpai,1,5
6827066-21667900-19,6827066,21667900,Rascal Does Not Dream of Bunny Girl Senpai,1,6
6827066-21667900-28,6827066,21667900,Rascal Does Not Dream of Bunny Girl Senpai,1,6
6827066-21667900-18,6827066,21667900,Rascal Does Not Dream of Bunny Girl Senpai,1,6
6827067-21667900-18,6827067,21667900,Rascal Does Not Dream of Bunny Girl Senpai,1,7
6827067-21667900-13,6827067,21667900,Rascal Does Not Dream of Bunny Girl Senpai,1,7
6827067-21667900-19,6827067,21667900,Rascal Does Not Dream of Bunny Girl Senpai,1,7
6827067-21667900-28,6827067,21667900,Rascal Does Not Dream of Bunny Girl Senpai,1,7
6827068-21667900-19,6827068,21667900,Rascal Does Not Dream of Bunny Girl Senpai,1,9
6827068-21667900-28,6827068,21667900,Rascal Does Not Dream of Bunny Girl Senpai,1,9
6827068-21667900-18,6827068,21667900,Rascal Does Not Dream of Bunny Girl Senpai,1,9
6827068-21667900-13,6827068,21667900,Rascal Does Not Dream of Bunny Girl Senpai,1,9
6827069-21667900-19,6827069,21667900,Rascal Does Not Dream of Bunny Girl Senpai,1,8
6827069-21667900-13,6827069,21667900,Rascal Does Not Dream of Bunny Girl Senpai,1,8
6866370-21667900-25,6866370,21667900,Les Misérables (2018),1,1
6866370-21667900-30,6866370,21667900,Les Misérables (2018),1,1
6866370-21667900-15,6866370,21667900,Les Misérables (2018),1,1
6866371-21667900-30,6866371,21667900,Les Misérables (2018),1,2
6866371-21667900-15,6866371,21667900,Les Misérables (2018),1,2
6866372-21667900-15,6866372,21667900,Les Misérables (2018),1,3
6866372-21667900-30,6866372,21667900,Les Misérables (2018),1,3
6866374-21667900-24,6866374,21667900,Les Misérables (2018),1,4
6866374-21667900-30,6866374,21667900,Les Misérables (2018),1,4
6866374-21667900-15,6866374,21667900,Les Misérables (2018),1,4
6866374-21667900-28,6866374,21667900,Les Misérables (2018),1,4
6866374-21667900-25,6866374,21667900,Les Misérables (2018),1,4
6866375-21667900-25,6866375,21667900,Les Misérables (2018),1,5
6866375-21667900-30,6866375,21667900,Les Misérables (2018),1,5
6866375-21667900-15,6866375,21667900,Les Misérables (2018),1,5
6866376-21667900-25,6866376,21667900,Les Misérables (2018),1,6
6866376-21667900-30,6866376,21667900,Les Misérables (2018),1,6
6866376-21667900-15,6866376,21667900,Les Misérables (2018),1,6
6869215-21667900-28,6869215,21667900,Marvel's Daredevil,3,13
6869215-21667900-32,6869215,21667900,Marvel's Daredevil,3,13
6895534-21667900-13,6895534,21667900,Rascal Does Not Dream of Bunny Girl Senpai,1,13
6895534-21667900-19,6895534,21667900,Rascal Does Not Dream of Bunny Girl Senpai,1,13
6895534-21667900-15,6895534,21667900,Rascal Does Not Dream of Bunny Girl Senpai,1,13
6895534-21667900-30,6895534,21667900,Rascal Does Not Dream of Bunny Girl Senpai,1,13
6933995-21667900-25,6933995,21667900,Stranger Things,3,1
6933995-21667900-13,6933995,21667900,Stranger Things,3,1
6933996-21667900-24,6933996,21667900,Stranger Things,3,2
6933996-21667900-28,6933996,21667900,Stranger Things,3,2
6933996-21667900-25,6933996,21667900,Stranger Things,3,2
6933997-21667900-25,6933997,21667900,Stranger Things,3,3
6933997-21667900-24,6933997,21667900,Stranger Things,3,3
6933997-21667900-28,6933997,21667900,Stranger Things,3,3
6933998-21667900-24,6933998,21667900,Stranger Things,3,4
6933998-21667900-28,6933998,21667900,Stranger Things,3,4
6933998-21667900-22,6933998,21667900,Stranger Things,3,4
6933998-21667900-25,6933998,21667900,Stranger Things,3,4
6933998-21667900-34,6933998,21667900,Stranger Things,3,4
6934000-21667900-25,6934000,21667900,Stranger Things,3,5
6934000-21667900-28,6934000,21667900,Stranger Things,3,5
6934000-21667900-24,6934000,21667900,Stranger Things,3,5
6934001-21667900-28,6934001,21667900,Stranger Things,3,6
6934001-21667900-24,6934001,21667900,Stranger Things,3,6
6934001-21667900-25,6934001,21667900,Stranger Things,3,6
6934002-21667900-28,6934002,21667900,Stranger Things,3,7
6934002-21667900-24,6934002,21667900,Stranger Things,3,7
6934002-21667900-25,6934002,21667900,Stranger Things,3,7
6934003-21667900-30,6934003,21667900,Stranger Things,3,8
6934003-21667900-24,6934003,21667900,Stranger Things,3,8
6934003-21667900-15,6934003,21667900,Stranger Things,3,8
6934003-21667900-28,6934003,21667900,Stranger Things,3,8
6937767-21667900-26,6937767,21667900,Russian Doll,1,1
6937767-21667900-35,6937767,21667900,Russian Doll,1,1
7036361-21667900-28,7036361,21667900,The Handmaid's Tale,3,1
7036361-21667900-24,7036361,21667900,The Handmaid's Tale,3,1
7036361-21667900-25,7036361,21667900,The Handmaid's Tale,3,1
7036363-21667900-25,7036363,21667900,The Handmaid's Tale,3,2
7036366-21667900-25,7036366,21667900,The Handmaid's Tale,3,3
7036371-21667900-28,7036371,21667900,The Handmaid's Tale,3,4
7036371-21667900-24,7036371,21667900,The Handmaid's Tale,3,4
7036371-21667900-15,7036371,21667900,The Handmaid's Tale,3,4
7036371-21667900-30,7036371,21667900,The Handmaid's Tale,3,4
7043113-21667900-15,7043113,21667900,This Is Us,3,14
7043113-21667900-30,7043113,21667900,This Is Us,3,14
7043116-21667900-15,7043116,21667900,This Is Us,3,16
7043116-21667900-30,7043116,21667900,This Is Us,3,16
7048353-21667900-28,7048353,21667900,The Light in Your Eyes,1,10
7048353-21667900-30,7048353,21667900,The Light in Your Eyes,1,10
7048353-21667900-38,7048353,21667900,The Light in Your Eyes,1,10
7048358-21667900-30,7048358,21667900,The Light in Your Eyes,1,12
7048358-21667900-32,7048358,21667900,The Light in Your Eyes,1,12
7051266-21667900-28,7051266,21667900,Formula 1: Drive to Survive,1,1
7056163-21667900-30,7056163,21667900,Prison Break,2,17
7059062-21667900-25,7059062,21667900,Euphoria (US),1,1
7059062-21667900-24,7059062,21667900,Euphoria (US),1,1
7059062-21667900-28,7059062,21667900,Euphoria (US),1,1
7062009-21667900-28,7062009,21667900,The Wheel of Time,1,1
7062009-21667900-37,7062009,21667900,The Wheel of Time,1,1
7062895-21667900-25,7062895,21667900,Killing Eve,2,2
7064726-21667900-30,7064726,21667900,When They See Us,1,1
7064726-21667900-28,7064726,21667900,When They See Us,1,1
7064737-21667900-28,7064737,21667900,When They See Us,1,4
7064737-21667900-30,7064737,21667900,When They See Us,1,4
7067815-21667900-19,7067815,21667900,Looking for Alaska,1,1
7067815-21667900-13,7067815,21667900,Looking for Alaska,1,1
7075645-21667900-13,7075645,21667900,Harlots,3,1
7075645-21667900-25,7075645,21667900,Harlots,3,1
7077742-21667900-25,7077742,21667900,Killing Eve,2,3
7082952-21667900-15,7082952,21667900,Chernobyl,1,1
7082952-21667900-24,7082952,21667900,Chernobyl,1,1
7082952-21667900-30,7082952,21667900,Chernobyl,1,1
7082952-21667900-28,7082952,21667900,Chernobyl,1,1
7098403-21667900-15,7098403,21667900,Killing Eve,2,4
7098403-21667900-30,7098403,21667900,Killing Eve,2,4
7112024-21667900-19,7112024,21667900,Spinning Out,1,1
7112025-21667900-19,7112025,21667900,Spinning Out,1,2
7112026-21667900-19,7112026,21667900,Spinning Out,1,3
7112026-21667900-18,7112026,21667900,Spinning Out,1,3
7112026-21667900-28,7112026,21667900,Spinning Out,1,3
7112028-21667900-19,7112028,21667900,Spinning Out,1,4
7112028-21667900-18,7112028,21667900,Spinning Out,1,4
7112028-21667900-28,7112028,21667900,Spinning Out,1,4
7112029-21667900-28,7112029,21667900,Spinning Out,1,5
7112029-21667900-19,7112029,21667900,Spinning Out,1,5
7112029-21667900-18,7112029,21667900,Spinning Out,1,5
7112030-21667900-28,7112030,21667900,Spinning Out,1,6
7112030-21667900-18,7112030,21667900,Spinning Out,1,6
7112030-21667900-19,7112030,21667900,Spinning Out,1,6
7112031-21667900-28,7112031,21667900,Spinning Out,1,7
7112031-21667900-18,7112031,21667900,Spinning Out,1,7
7112031-21667900-19,7112031,21667900,Spinning Out,1,7
7112035-21667900-18,7112035,21667900,Spinning Out,1,8
7112035-21667900-19,7112035,21667900,Spinning Out,1,8
7112035-21667900-28,7112035,21667900,Spinning Out,1,8
7112037-21667900-19,7112037,21667900,Spinning Out,1,9
7112037-21667900-28,7112037,21667900,Spinning Out,1,9
7112037-21667900-18,7112037,21667900,Spinning Out,1,9
7112038-21667900-15,7112038,21667900,Spinning Out,1,10
7112038-21667900-28,7112038,21667900,Spinning Out,1,10
7112038-21667900-18,7112038,21667900,Spinning Out,1,10
7112038-21667900-19,7112038,21667900,Spinning Out,1,10
7112038-21667900-30,7112038,21667900,Spinning Out,1,10
7116984-21667900-15,7116984,21667900,Chernobyl,1,4
7116984-21667900-24,7116984,21667900,Chernobyl,1,4
7116984-21667900-30,7116984,21667900,Chernobyl,1,4
7116984-21667900-28,7116984,21667900,Chernobyl,1,4
7116987-21667900-34,7116987,21667900,Chernobyl,1,5
7116987-21667900-24,7116987,21667900,Chernobyl,1,5
7116987-21667900-15,7116987,21667900,Chernobyl,1,5
7116987-21667900-28,7116987,21667900,Chernobyl,1,5
7116987-21667900-22,7116987,21667900,Chernobyl,1,5
7116987-21667900-30,7116987,21667900,Chernobyl,1,5
7117386-21667900-25,7117386,21667900,Game of Thrones,8,1
7121401-21667900-25,7121401,21667900,Game of Thrones,8,2
7121402-21667900-28,7121402,21667900,Game of Thrones,8,3
7121402-21667900-24,7121402,21667900,Game of Thrones,8,3
7123644-21667900-24,7123644,21667900,Killing Eve,2,5
7123644-21667900-28,7123644,21667900,Killing Eve,2,5
7123646-21667900-13,7123646,21667900,Killing Eve,2,6
7123648-21667900-25,7123648,21667900,Killing Eve,2,7
7123654-21667900-24,7123654,21667900,Killing Eve,2,8
7123654-21667900-28,7123654,21667900,Killing Eve,2,8
7129613-21667900-19,7129613,21667900,The Loudest Voice,1,1
7129613-21667900-28,7129613,21667900,The Loudest Voice,1,1
7129613-21667900-18,7129613,21667900,The Loudest Voice,1,1
7133857-21667900-19,7133857,21667900,The Mandalorian,1,1
7133857-21667900-18,7133857,21667900,The Mandalorian,1,1
7133857-21667900-28,7133857,21667900,The Mandalorian,1,1
7135184-21667900-25,7135184,21667900,Big Little Lies,2,1
7191323-21667900-28,7191323,21667900,Euphoria (US),1,2
7191323-21667900-24,7191323,21667900,Euphoria (US),1,2
7191323-21667900-25,7191323,21667900,Euphoria (US),1,2
7191325-21667900-25,7191325,21667900,Euphoria (US),1,3
7191325-21667900-24,7191325,21667900,Euphoria (US),1,3
7191325-21667900-28,7191325,21667900,Euphoria (US),1,3
7191328-21667900-28,7191328,21667900,Euphoria (US),1,4
7191328-21667900-22,7191328,21667900,Euphoria (US),1,4
7191328-21667900-25,7191328,21667900,Euphoria (US),1,4
7191328-21667900-34,7191328,21667900,Euphoria (US),1,4
7191328-21667900-24,7191328,21667900,Euphoria (US),1,4
7194971-21667900-25,7194971,21667900,Euphoria (US),1,5
7194971-21667900-30,7194971,21667900,Euphoria (US),1,5
7194971-21667900-24,7194971,21667900,Euphoria (US),1,5
7194971-21667900-15,7194971,21667900,Euphoria (US),1,5
7194971-21667900-28,7194971,21667900,Euphoria (US),1,5
7194979-21667900-30,7194979,21667900,Euphoria (US),1,6
7194979-21667900-24,7194979,21667900,Euphoria (US),1,6
7194979-21667900-25,7194979,21667900,Euphoria (US),1,6
7194979-21667900-15,7194979,21667900,Euphoria (US),1,6
7194979-21667900-28,7194979,21667900,Euphoria (US),1,6
7219153-21667900-24,7219153,21667900,Big Little Lies,2,2
7219153-21667900-25,7219153,21667900,Big Little Lies,2,2
7219153-21667900-28,7219153,21667900,Big Little Lies,2,2
7219154-21667900-25,7219154,21667900,Big Little Lies,2,3
7221011-21667900-18,7221011,21667900,The Loudest Voice,1,5
7221011-21667900-28,7221011,21667900,The Loudest Voice,1,5
7221012-21667900-18,7221012,21667900,The Loudest Voice,1,4
7221012-21667900-13,7221012,21667900,The Loudest Voice,1,4
7221012-21667900-28,7221012,21667900,The Loudest Voice,1,4
7221013-21667900-28,7221013,21667900,The Loudest Voice,1,3
7221013-21667900-19,7221013,21667900,The Loudest Voice,1,3
7221013-21667900-18,7221013,21667900,The Loudest Voice,1,3
7221014-21667900-28,7221014,21667900,The Loudest Voice,1,2
7221014-21667900-18,7221014,21667900,The Loudest Voice,1,2
7221014-21667900-19,7221014,21667900,The Loudest Voice,1,2
7222645-21667900-19,7222645,21667900,Demon Slayer: Kimetsu no Yaiba,1,19
7222645-21667900-18,7222645,21667900,Demon Slayer: Kimetsu no Yaiba,1,19
7222645-21667900-30,7222645,21667900,Demon Slayer: Kimetsu no Yaiba,1,19
7222645-21667900-15,7222645,21667900,Demon Slayer: Kimetsu no Yaiba,1,19
7222645-21667900-28,7222645,21667900,Demon Slayer: Kimetsu no Yaiba,1,19
7222645-21667900-13,7222645,21667900,Demon Slayer: Kimetsu no Yaiba,1,19
7222660-21667900-18,7222660,21667900,Demon Slayer: Kimetsu no Yaiba,1,26
7222660-21667900-19,7222660,21667900,Demon Slayer: Kimetsu no Yaiba,1,26
7222660-21667900-28,7222660,21667900,Demon Slayer: Kimetsu no Yaiba,1,26
7223774-21667900-24,7223774,21667900,Chernobyl,1,3
7223774-21667900-30,7223774,21667900,Chernobyl,1,3
7223774-21667900-28,7223774,21667900,Chernobyl,1,3
7223774-21667900-15,7223774,21667900,Chernobyl,1,3
7223961-21667900-24,7223961,21667900,Big Little Lies,2,4
7223961-21667900-25,7223961,21667900,Big Little Lies,2,4
7223961-21667900-28,7223961,21667900,Big Little Lies,2,4
7228430-21667900-28,7228430,21667900,Big Little Lies,2,5
7228430-21667900-24,7228430,21667900,Big Little Lies,2,5
7228430-21667900-25,7228430,21667900,Big Little Lies,2,5
7228433-21667900-24,7228433,21667900,Big Little Lies,2,6
7228433-21667900-30,7228433,21667900,Big Little Lies,2,6
7228433-21667900-28,7228433,21667900,Big Little Lies,2,6
7228433-21667900-25,7228433,21667900,Big Little Lies,2,6
7228433-21667900-15,7228433,21667900,Big Little Lies,2,6
7240720-21667900-28,7240720,21667900,This Is Us,4,1
7240720-21667900-18,7240720,21667900,This Is Us,4,1
7240720-21667900-19,7240720,21667900,This Is Us,4,1
7240720-21667900-13,7240720,21667900,This Is Us,4,1
7241233-21667900-15,7241233,21667900,Euphoria (US),1,8
7241233-21667900-30,7241233,21667900,Euphoria (US),1,8
7241233-21667900-38,7241233,21667900,Euphoria (US),1,8
7241233-21667900-28,7241233,21667900,Euphoria (US),1,8
7241233-21667900-24,7241233,21667900,Euphoria (US),1,8
7241233-21667900-21,7241233,21667900,Euphoria (US),1,8
7241233-21667900-25,7241233,21667900,Euphoria (US),1,8
7244100-21667900-30,7244100,21667900,Vinland Saga,1,4
7244100-21667900-28,7244100,21667900,Vinland Saga,1,4
7244100-21667900-18,7244100,21667900,Vinland Saga,1,4
7244100-21667900-15,7244100,21667900,Vinland Saga,1,4
7271099-21667900-13,7271099,21667900,Harlots,3,2
7271099-21667900-25,7271099,21667900,Harlots,3,2
7277003-21667900-25,7277003,21667900,MINDHUNTER,2,1
7277003-21667900-24,7277003,21667900,MINDHUNTER,2,1
7277003-21667900-28,7277003,21667900,MINDHUNTER,2,1
7285223-21667900-30,7285223,21667900,Money Heist,2,8
7285223-21667900-24,7285223,21667900,Money Heist,2,8
7285223-21667900-15,7285223,21667900,Money Heist,2,8
7285223-21667900-28,7285223,21667900,Money Heist,2,8
7288509-21667900-15,7288509,21667900,Unbelievable,1,1
7288509-21667900-30,7288509,21667900,Unbelievable,1,1
7288509-21667900-28,7288509,21667900,Unbelievable,1,1
7288509-21667900-18,7288509,21667900,Unbelievable,1,1
7288522-21667900-18,7288522,21667900,Unbelievable,1,4
7288522-21667900-28,7288522,21667900,Unbelievable,1,4
7288526-21667900-19,7288526,21667900,Unbelievable,1,5
7288526-21667900-15,7288526,21667900,Unbelievable,1,5
7288526-21667900-30,7288526,21667900,Unbelievable,1,5
7288526-21667900-28,7288526,21667900,Unbelievable,1,5
7288526-21667900-18,7288526,21667900,Unbelievable,1,5
7288530-21667900-18,7288530,21667900,Unbelievable,1,6
7288530-21667900-28,7288530,21667900,Unbelievable,1,6
7288530-21667900-15,7288530,21667900,Unbelievable,1,6
7288530-21667900-30,7288530,21667900,Unbelievable,1,6
7288537-21667900-30,7288537,21667900,Unbelievable,1,7
7288537-21667900-28,7288537,21667900,Unbelievable,1,7
7288537-21667900-15,7288537,21667900,Unbelievable,1,7
7288537-21667900-18,7288537,21667900,Unbelievable,1,7
7288543-21667900-18,7288543,21667900,Unbelievable,1,8
7288543-21667900-28,7288543,21667900,Unbelievable,1,8
7288543-21667900-30,7288543,21667900,Unbelievable,1,8
7288543-21667900-15,7288543,21667900,Unbelievable,1,8
7288543-21667900-13,7288543,21667900,Unbelievable,1,8
7290837-21667900-28,7290837,21667900,Big Little Lies,2,7
7290837-21667900-13,7290837,21667900,Big Little Lies,2,7
7290837-21667900-24,7290837,21667900,Big Little Lies,2,7
7290837-21667900-25,7290837,21667900,Big Little Lies,2,7
7291478-21667900-19,7291478,21667900,The Marvelous Mrs. Maisel,3,1
7293190-21667900-18,7293190,21667900,The Man in the High Castle,4,1
7293190-21667900-15,7293190,21667900,The Man in the High Castle,4,1
7293190-21667900-30,7293190,21667900,The Man in the High Castle,4,1
7293190-21667900-19,7293190,21667900,The Man in the High Castle,4,1
7293190-21667900-28,7293190,21667900,The Man in the High Castle,4,1
7298128-21667900-28,7298128,21667900,Euphoria (US),1,7
7298128-21667900-30,7298128,21667900,Euphoria (US),1,7
7298128-21667900-24,7298128,21667900,Euphoria (US),1,7
7298128-21667900-25,7298128,21667900,Euphoria (US),1,7
7298128-21667900-15,7298128,21667900,Euphoria (US),1,7
7306300-21667900-13,7306300,21667900,13 Reasons Why,3,1
7306300-21667900-25,7306300,21667900,13 Reasons Why,3,1
7314583-21667900-28,7314583,21667900,MINDHUNTER,2,2
7314583-21667900-25,7314583,21667900,MINDHUNTER,2,2
7314583-21667900-24,7314583,21667900,MINDHUNTER,2,2
7314586-21667900-24,7314586,21667900,MINDHUNTER,2,3
7314586-21667900-28,7314586,21667900,MINDHUNTER,2,3
7314586-21667900-25,7314586,21667900,MINDHUNTER,2,3
7314587-21667900-24,7314587,21667900,MINDHUNTER,2,4
7314587-21667900-15,7314587,21667900,MINDHUNTER,2,4
7314587-21667900-30,7314587,21667900,MINDHUNTER,2,4
7314587-21667900-28,7314587,21667900,MINDHUNTER,2,4
7314589-21667900-25,7314589,21667900,MINDHUNTER,2,5
7314589-21667900-24,7314589,21667900,MINDHUNTER,2,5
7314589-21667900-28,7314589,21667900,MINDHUNTER,2,5
7314590-21667900-24,7314590,21667900,MINDHUNTER,2,6
7314590-21667900-25,7314590,21667900,MINDHUNTER,2,6
7314590-21667900-28,7314590,21667900,MINDHUNTER,2,6
7314592-21667900-28,7314592,21667900,MINDHUNTER,2,7
7314592-21667900-25,7314592,21667900,MINDHUNTER,2,7
7314592-21667900-24,7314592,21667900,MINDHUNTER,2,7
7314594-21667900-24,7314594,21667900,MINDHUNTER,2,8
7314594-21667900-28,7314594,21667900,MINDHUNTER,2,8
7314594-21667900-25,7314594,21667900,MINDHUNTER,2,8
7319124-21667900-18,7319124,21667900,The Crown,3,1
7319124-21667900-19,7319124,21667900,The Crown,3,1
7319124-21667900-28,7319124,21667900,The Crown,3,1
7323041-21667900-30,7323041,21667900,MINDHUNTER,2,9
7323041-21667900-25,7323041,21667900,MINDHUNTER,2,9
7323041-21667900-28,7323041,21667900,MINDHUNTER,2,9
7323041-21667900-15,7323041,21667900,MINDHUNTER,2,9
7323041-21667900-24,7323041,21667900,MINDHUNTER,2,9
7325436-21667900-28,7325436,21667900,Mrs. Fletcher,1,1
7325436-21667900-19,7325436,21667900,Mrs. Fletcher,1,1
7325436-21667900-18,7325436,21667900,Mrs. Fletcher,1,1
7328134-21667900-24,7328134,21667900,13 Reasons Why,3,2
7328134-21667900-28,7328134,21667900,13 Reasons Why,3,2
7328134-21667900-30,7328134,21667900,13 Reasons Why,3,2
7328134-21667900-25,7328134,21667900,13 Reasons Why,3,2
7328134-21667900-15,7328134,21667900,13 Reasons Why,3,2
7328135-21667900-28,7328135,21667900,13 Reasons Why,3,3
7328135-21667900-25,7328135,21667900,13 Reasons Why,3,3
7328135-21667900-24,7328135,21667900,13 Reasons Why,3,3
7328138-21667900-24,7328138,21667900,13 Reasons Why,3,4
7328138-21667900-28,7328138,21667900,13 Reasons Why,3,4
7328142-21667900-24,7328142,21667900,13 Reasons Why,3,5
7328142-21667900-28,7328142,21667900,13 Reasons Why,3,5
7328142-21667900-25,7328142,21667900,13 Reasons Why,3,5
7328145-21667900-30,7328145,21667900,13 Reasons Why,3,6
7328145-21667900-24,7328145,21667900,13 Reasons Why,3,6
7328145-21667900-28,7328145,21667900,13 Reasons Why,3,6
7328145-21667900-15,7328145,21667900,13 Reasons Why,3,6
7328147-21667900-28,7328147,21667900,13 Reasons Why,3,7
7328147-21667900-24,7328147,21667900,13 Reasons Why,3,7
7328147-21667900-23,7328147,21667900,13 Reasons Why,3,7
7328147-21667900-29,7328147,21667900,13 Reasons Why,3,7
7328151-21667900-15,7328151,21667900,13 Reasons Why,3,8
7328151-21667900-24,7328151,21667900,13 Reasons Why,3,8
7328151-21667900-28,7328151,21667900,13 Reasons Why,3,8
7328151-21667900-30,7328151,21667900,13 Reasons Why,3,8
7328155-21667900-28,7328155,21667900,13 Reasons Why,3,9
7328155-21667900-30,7328155,21667900,13 Reasons Why,3,9
7328155-21667900-24,7328155,21667900,13 Reasons Why,3,9
7328155-21667900-15,7328155,21667900,13 Reasons Why,3,9
7328159-21667900-24,7328159,21667900,13 Reasons Why,3,10
7328159-21667900-28,7328159,21667900,13 Reasons Why,3,10
7328159-21667900-15,7328159,21667900,13 Reasons Why,3,10
7328159-21667900-30,7328159,21667900,13 Reasons Why,3,10
7328167-21667900-25,7328167,21667900,13 Reasons Why,3,11
7328167-21667900-28,7328167,21667900,13 Reasons Why,3,11
7328167-21667900-24,7328167,21667900,13 Reasons Why,3,11
7328170-21667900-30,7328170,21667900,13 Reasons Why,3,12
7328170-21667900-38,7328170,21667900,13 Reasons Why,3,12
7328170-21667900-15,7328170,21667900,13 Reasons Why,3,12
7328170-21667900-28,7328170,21667900,13 Reasons Why,3,12
7328170-21667900-21,7328170,21667900,13 Reasons Why,3,12
7328170-21667900-24,7328170,21667900,13 Reasons Why,3,12
7328174-21667900-15,7328174,21667900,13 Reasons Why,3,13
7328174-21667900-28,7328174,21667900,13 Reasons Why,3,13
7328174-21667900-30,7328174,21667900,13 Reasons Why,3,13
7328174-21667900-24,7328174,21667900,13 Reasons Why,3,13
7328174-21667900-13,7328174,21667900,13 Reasons Why,3,13
7337980-21667900-18,7337980,21667900,This Is Us,4,2
7337980-21667900-30,7337980,21667900,This Is Us,4,2
7337980-21667900-28,7337980,21667900,This Is Us,4,2
7337980-21667900-15,7337980,21667900,This Is Us,4,2
7337981-21667900-19,7337981,21667900,This Is Us,4,3
7337981-21667900-30,7337981,21667900,This Is Us,4,3
7337981-21667900-15,7337981,21667900,This Is Us,4,3
7344283-21667900-18,7344283,21667900,Watchmen,1,1
7344283-21667900-19,7344283,21667900,Watchmen,1,1
7344283-21667900-28,7344283,21667900,Watchmen,1,1
7344283-21667900-14,7344283,21667900,Watchmen,1,1
7344283-21667900-38,7344283,21667900,Watchmen,1,1
7347093-21667900-19,7347093,21667900,Tom Clancy's Jack Ryan,2,1
7347093-21667900-18,7347093,21667900,Tom Clancy's Jack Ryan,2,1
7347093-21667900-28,7347093,21667900,Tom Clancy's Jack Ryan,2,1
7347093-21667900-15,7347093,21667900,Tom Clancy's Jack Ryan,2,1
7347093-21667900-30,7347093,21667900,Tom Clancy's Jack Ryan,2,1
7347095-21667900-38,7347095,21667900,Tom Clancy's Jack Ryan,2,2
7347095-21667900-14,7347095,21667900,Tom Clancy's Jack Ryan,2,2
7347095-21667900-18,7347095,21667900,Tom Clancy's Jack Ryan,2,2
7347095-21667900-19,7347095,21667900,Tom Clancy's Jack Ryan,2,2
7347095-21667900-28,7347095,21667900,Tom Clancy's Jack Ryan,2,2
7347099-21667900-19,7347099,21667900,Tom Clancy's Jack Ryan,2,3
7347099-21667900-28,7347099,21667900,Tom Clancy's Jack Ryan,2,3
7347099-21667900-18,7347099,21667900,Tom Clancy's Jack Ryan,2,3
7352474-21667900-19,7352474,21667900,Looking for Alaska,1,2
7352475-21667900-15,7352475,21667900,Looking for Alaska,1,3
7352475-21667900-18,7352475,21667900,Looking for Alaska,1,3
7352475-21667900-30,7352475,21667900,Looking for Alaska,1,3
7352475-21667900-28,7352475,21667900,Looking for Alaska,1,3
7357130-21667900-19,7357130,21667900,Mrs. Fletcher,1,2
7357136-21667900-28,7357136,21667900,Mrs. Fletcher,1,3
7357136-21667900-19,7357136,21667900,Mrs. Fletcher,1,3
7357136-21667900-18,7357136,21667900,Mrs. Fletcher,1,3
7361557-21667900-28,7361557,21667900,Watchmen,1,2
7361557-21667900-19,7361557,21667900,Watchmen,1,2
7361557-21667900-18,7361557,21667900,Watchmen,1,2
7361558-21667900-38,7361558,21667900,Watchmen,1,3
7361558-21667900-18,7361558,21667900,Watchmen,1,3
7361558-21667900-14,7361558,21667900,Watchmen,1,3
7361558-21667900-19,7361558,21667900,Watchmen,1,3
7361558-21667900-28,7361558,21667900,Watchmen,1,3
7362279-21667900-19,7362279,21667900,Mrs. Fletcher,1,4
7362284-21667900-19,7362284,21667900,Mrs. Fletcher,1,5
7362289-21667900-19,7362289,21667900,Mrs. Fletcher,1,6
7362292-21667900-28,7362292,21667900,Mrs. Fletcher,1,7
7362292-21667900-19,7362292,21667900,Mrs. Fletcher,1,7
7362292-21667900-18,7362292,21667900,Mrs. Fletcher,1,7
7381097-21667900-13,7381097,21667900,This Is Us,4,4
7381097-21667900-18,7381097,21667900,This Is Us,4,4
7381097-21667900-19,7381097,21667900,This Is Us,4,4
7381097-21667900-30,7381097,21667900,This Is Us,4,4
7381097-21667900-15,7381097,21667900,This Is Us,4,4
7381097-21667900-28,7381097,21667900,This Is Us,4,4
7383844-21667900-28,7383844,21667900,Succession,2,10
7393627-21667900-19,7393627,21667900,Vikings,6,1
7393627-21667900-14,7393627,21667900,Vikings,6,1
7393627-21667900-38,7393627,21667900,Vikings,6,1
7394401-21667900-15,7394401,21667900,This Is Us,4,5
7394401-21667900-19,7394401,21667900,This Is Us,4,5
7394401-21667900-30,7394401,21667900,This Is Us,4,5
7395719-21667900-18,7395719,21667900,The End of the F***ing World,2,1
7395719-21667900-28,7395719,21667900,The End of the F***ing World,2,1
7395719-21667900-19,7395719,21667900,The End of the F***ing World,2,1
7398586-21667900-28,7398586,21667900,Watchmen,1,4
7398586-21667900-18,7398586,21667900,Watchmen,1,4
7398586-21667900-19,7398586,21667900,Watchmen,1,4
7398587-21667900-14,7398587,21667900,Watchmen,1,5
7398587-21667900-18,7398587,21667900,Watchmen,1,5
7398587-21667900-38,7398587,21667900,Watchmen,1,5
7398587-21667900-19,7398587,21667900,Watchmen,1,5
7398587-21667900-28,7398587,21667900,Watchmen,1,5
7398588-21667900-15,7398588,21667900,Watchmen,1,6
7398588-21667900-28,7398588,21667900,Watchmen,1,6
7398588-21667900-30,7398588,21667900,Watchmen,1,6
7398588-21667900-19,7398588,21667900,Watchmen,1,6
7398588-21667900-18,7398588,21667900,Watchmen,1,6
7402644-21667900-13,7402644,21667900,This Is Us,4,6
7402644-21667900-19,7402644,21667900,This Is Us,4,6
7402646-21667900-28,7402646,21667900,This Is Us,4,7
7402646-21667900-19,7402646,21667900,This Is Us,4,7
7402646-21667900-18,7402646,21667900,This Is Us,4,7
7408840-21667900-19,7408840,21667900,The Outsider (2020),1,1
7408840-21667900-18,7408840,21667900,The Outsider (2020),1,1
7408840-21667900-38,7408840,21667900,The Outsider (2020),1,1
7408840-21667900-28,7408840,21667900,The Outsider (2020),1,1
7408840-21667900-14,7408840,21667900,The Outsider (2020),1,1
7408842-21667900-18,7408842,21667900,The Outsider (2020),1,2
7408842-21667900-28,7408842,21667900,The Outsider (2020),1,2
7408842-21667900-19,7408842,21667900,The Outsider (2020),1,2
7408842-21667900-38,7408842,21667900,The Outsider (2020),1,2
7408842-21667900-14,7408842,21667900,The Outsider (2020),1,2
7410440-21667900-18,7410440,21667900,The Mandalorian,1,5
7410440-21667900-28,7410440,21667900,The Mandalorian,1,5
7410440-21667900-19,7410440,21667900,The Mandalorian,1,5
7410442-21667900-28,7410442,21667900,The Mandalorian,1,6
7410442-21667900-18,7410442,21667900,The Mandalorian,1,6
7410442-21667900-19,7410442,21667900,The Mandalorian,1,6
7410445-21667900-18,7410445,21667900,The Mandalorian,1,7
7410445-21667900-15,7410445,21667900,The Mandalorian,1,7
7410445-21667900-30,7410445,21667900,The Mandalorian,1,7
7410445-21667900-28,7410445,21667900,The Mandalorian,1,7
7410445-21667900-19,7410445,21667900,The Mandalorian,1,7
7410449-21667900-28,7410449,21667900,The Mandalorian,1,8
7410449-21667900-19,7410449,21667900,The Mandalorian,1,8
7410449-21667900-18,7410449,21667900,The Mandalorian,1,8
7422382-21667900-18,7422382,21667900,Watchmen,1,7
7422382-21667900-30,7422382,21667900,Watchmen,1,7
7422382-21667900-28,7422382,21667900,Watchmen,1,7
7422382-21667900-15,7422382,21667900,Watchmen,1,7
7422383-21667900-19,7422383,21667900,Watchmen,1,8
7422383-21667900-18,7422383,21667900,Watchmen,1,8
7422383-21667900-28,7422383,21667900,Watchmen,1,8
7422384-21667900-19,7422384,21667900,Watchmen,1,9
7422384-21667900-28,7422384,21667900,Watchmen,1,9
7422384-21667900-18,7422384,21667900,Watchmen,1,9
7424748-21667900-19,7424748,21667900,This Is Us,4,8
7424748-21667900-30,7424748,21667900,This Is Us,4,8
7424748-21667900-28,7424748,21667900,This Is Us,4,8
7424748-21667900-15,7424748,21667900,This Is Us,4,8
7424748-21667900-18,7424748,21667900,This Is Us,4,8
7427005-21667900-14,7427005,21667900,His Dark Materials,1,2
7427005-21667900-19,7427005,21667900,His Dark Materials,1,2
7427005-21667900-18,7427005,21667900,His Dark Materials,1,2
7427005-21667900-28,7427005,21667900,His Dark Materials,1,2
7427005-21667900-38,7427005,21667900,His Dark Materials,1,2
7428555-21667900-18,7428555,21667900,The Witcher,1,1
7428555-21667900-28,7428555,21667900,The Witcher,1,1
7428555-21667900-19,7428555,21667900,The Witcher,1,1
7428567-21667900-19,7428567,21667900,The Witcher,1,2
7428568-21667900-19,7428568,21667900,The Witcher,1,3
7428568-21667900-18,7428568,21667900,The Witcher,1,3
7428568-21667900-28,7428568,21667900,The Witcher,1,3
7428571-21667900-19,7428571,21667900,The Witcher,1,4
7428571-21667900-28,7428571,21667900,The Witcher,1,4
7428571-21667900-18,7428571,21667900,The Witcher,1,4
7428572-21667900-38,7428572,21667900,The Witcher,1,5
7428572-21667900-28,7428572,21667900,The Witcher,1,5
7428572-21667900-14,7428572,21667900,The Witcher,1,5
7428572-21667900-18,7428572,21667900,The Witcher,1,5
7428572-21667900-19,7428572,21667900,The Witcher,1,5
7428573-21667900-18,7428573,21667900,The Witcher,1,6
7428573-21667900-30,7428573,21667900,The Witcher,1,6
7428573-21667900-15,7428573,21667900,The Witcher,1,6
7428573-21667900-28,7428573,21667900,The Witcher,1,6
7428574-21667900-18,7428574,21667900,The Witcher,1,7
7428574-21667900-28,7428574,21667900,The Witcher,1,7
7428574-21667900-19,7428574,21667900,The Witcher,1,7
7428575-21667900-18,7428575,21667900,The Witcher,1,8
7428575-21667900-28,7428575,21667900,The Witcher,1,8
7428575-21667900-19,7428575,21667900,The Witcher,1,8
7432829-21667900-19,7432829,21667900,His Dark Materials,1,3
7432829-21667900-28,7432829,21667900,His Dark Materials,1,3
7432829-21667900-18,7432829,21667900,His Dark Materials,1,3
7432830-21667900-19,7432830,21667900,His Dark Materials,1,4
7432830-21667900-38,7432830,21667900,His Dark Materials,1,4
7432830-21667900-14,7432830,21667900,His Dark Materials,1,4
7432832-21667900-18,7432832,21667900,His Dark Materials,1,5
7432832-21667900-28,7432832,21667900,His Dark Materials,1,5
7432832-21667900-19,7432832,21667900,His Dark Materials,1,5
7432833-21667900-19,7432833,21667900,His Dark Materials,1,6
7432833-21667900-18,7432833,21667900,His Dark Materials,1,6
7432833-21667900-28,7432833,21667900,His Dark Materials,1,6
7432834-21667900-28,7432834,21667900,His Dark Materials,1,7
7432834-21667900-18,7432834,21667900,His Dark Materials,1,7
7432834-21667900-19,7432834,21667900,His Dark Materials,1,7
7432835-21667900-30,7432835,21667900,His Dark Materials,1,8
7432835-21667900-18,7432835,21667900,His Dark Materials,1,8
7432835-21667900-28,7432835,21667900,His Dark Materials,1,8
7432835-21667900-19,7432835,21667900,His Dark Materials,1,8
7432835-21667900-15,7432835,21667900,His Dark Materials,1,8
7435497-21667900-30,7435497,21667900,This Is Us,4,9
7435497-21667900-18,7435497,21667900,This Is Us,4,9
7435497-21667900-15,7435497,21667900,This Is Us,4,9
7435497-21667900-28,7435497,21667900,This Is Us,4,9
7446892-21667900-18,7446892,21667900,You,2,1
7446892-21667900-34,7446892,21667900,You,2,1
7446892-21667900-16,7446892,21667900,You,2,1
7446892-21667900-19,7446892,21667900,You,2,1
7446892-21667900-28,7446892,21667900,You,2,1
7447653-21667900-28,7447653,21667900,You,2,2
7447653-21667900-19,7447653,21667900,You,2,2
7447653-21667900-18,7447653,21667900,You,2,2
7447661-21667900-28,7447661,21667900,You,2,3
7447661-21667900-18,7447661,21667900,You,2,3
7447661-21667900-19,7447661,21667900,You,2,3
7447922-21667900-19,7447922,21667900,The Crown,3,2
7447922-21667900-18,7447922,21667900,The Crown,3,2
7447922-21667900-28,7447922,21667900,The Crown,3,2
7447924-21667900-18,7447924,21667900,The Crown,3,3
7447924-21667900-28,7447924,21667900,The Crown,3,3
7447924-21667900-15,7447924,21667900,The Crown,3,3
7447924-21667900-30,7447924,21667900,The Crown,3,3
7447926-21667900-15,7447926,21667900,The Crown,3,4
7447926-21667900-28,7447926,21667900,The Crown,3,4
7447926-21667900-18,7447926,21667900,The Crown,3,4
7447926-21667900-30,7447926,21667900,The Crown,3,4
7447926-21667900-19,7447926,21667900,The Crown,3,4
7447927-21667900-19,7447927,21667900,The Crown,3,5
7447927-21667900-30,7447927,21667900,The Crown,3,5
7447927-21667900-18,7447927,21667900,The Crown,3,5
7447927-21667900-15,7447927,21667900,The Crown,3,5
7447927-21667900-28,7447927,21667900,The Crown,3,5
7447929-21667900-18,7447929,21667900,The Crown,3,6
7447929-21667900-15,7447929,21667900,The Crown,3,6
7447929-21667900-19,7447929,21667900,The Crown,3,6
7447929-21667900-30,7447929,21667900,The Crown,3,6
7447929-21667900-28,7447929,21667900,The Crown,3,6
7447930-21667900-30,7447930,21667900,The Crown,3,7
7447930-21667900-15,7447930,21667900,The Crown,3,7
7447930-21667900-19,7447930,21667900,The Crown,3,7
7447930-21667900-18,7447930,21667900,The Crown,3,7
7447930-21667900-28,7447930,21667900,The Crown,3,7
7447933-21667900-18,7447933,21667900,The Crown,3,8
7447933-21667900-28,7447933,21667900,The Crown,3,8
7447933-21667900-30,7447933,21667900,The Crown,3,8
7447933-21667900-19,7447933,21667900,The Crown,3,8
7447933-21667900-15,7447933,21667900,The Crown,3,8
7447935-21667900-30,7447935,21667900,The Crown,3,9
7447935-21667900-18,7447935,21667900,The Crown,3,9
7447935-21667900-15,7447935,21667900,The Crown,3,9
7447935-21667900-28,7447935,21667900,The Crown,3,9
7447937-21667900-28,7447937,21667900,The Crown,3,10
7447937-21667900-30,7447937,21667900,The Crown,3,10
7447937-21667900-15,7447937,21667900,The Crown,3,10
7447937-21667900-18,7447937,21667900,The Crown,3,10
7448010-21667900-18,7448010,21667900,You,2,4
7448010-21667900-28,7448010,21667900,You,2,4
7448010-21667900-19,7448010,21667900,You,2,4
7448019-21667900-19,7448019,21667900,You,2,5
7448019-21667900-28,7448019,21667900,You,2,5
7448019-21667900-18,7448019,21667900,You,2,5
7448020-21667900-19,7448020,21667900,You,2,6
7448020-21667900-28,7448020,21667900,You,2,6
7448020-21667900-18,7448020,21667900,You,2,6
7448021-21667900-28,7448021,21667900,You,2,7
7448021-21667900-19,7448021,21667900,You,2,7
7448021-21667900-18,7448021,21667900,You,2,7
7448022-21667900-15,7448022,21667900,You,2,8
7448022-21667900-30,7448022,21667900,You,2,8
7448022-21667900-28,7448022,21667900,You,2,8
7448022-21667900-18,7448022,21667900,You,2,8
7448023-21667900-18,7448023,21667900,You,2,9
7448023-21667900-28,7448023,21667900,You,2,9
7448023-21667900-19,7448023,21667900,You,2,9
7448024-21667900-18,7448024,21667900,You,2,10
7448024-21667900-19,7448024,21667900,You,2,10
7448024-21667900-28,7448024,21667900,You,2,10
7453308-21667900-19,7453308,21667900,The Marvelous Mrs. Maisel,3,2
7458663-21667900-33,7458663,21667900,Better Call Saul,5,1
7458663-21667900-28,7458663,21667900,Better Call Saul,5,1
7458663-21667900-37,7458663,21667900,Better Call Saul,5,1
7459168-21667900-18,7459168,21667900,Lucifer,5,5
7459168-21667900-28,7459168,21667900,Lucifer,5,5
7459168-21667900-19,7459168,21667900,Lucifer,5,5
7459925-21667900-19,7459925,21667900,This Is Us,4,10
7459925-21667900-18,7459925,21667900,This Is Us,4,10
7459925-21667900-28,7459925,21667900,This Is Us,4,10
7459925-21667900-15,7459925,21667900,This Is Us,4,10
7459925-21667900-30,7459925,21667900,This Is Us,4,10
7465726-21667900-18,7465726,21667900,The Man in the High Castle,4,2
7465726-21667900-19,7465726,21667900,The Man in the High Castle,4,2
7465726-21667900-28,7465726,21667900,The Man in the High Castle,4,2
7465728-21667900-30,7465728,21667900,The Man in the High Castle,4,3
7465728-21667900-15,7465728,21667900,The Man in the High Castle,4,3
7465728-21667900-18,7465728,21667900,The Man in the High Castle,4,3
7465728-21667900-19,7465728,21667900,The Man in the High Castle,4,3
7465728-21667900-28,7465728,21667900,The Man in the High Castle,4,3
7465731-21667900-28,7465731,21667900,The Man in the High Castle,4,4
7465731-21667900-18,7465731,21667900,The Man in the High Castle,4,4
7465731-21667900-19,7465731,21667900,The Man in the High Castle,4,4
7465734-21667900-30,7465734,21667900,The Man in the High Castle,4,5
7465734-21667900-18,7465734,21667900,The Man in the High Castle,4,5
7465734-21667900-15,7465734,21667900,The Man in the High Castle,4,5
7465734-21667900-28,7465734,21667900,The Man in the High Castle,4,5
7465734-21667900-19,7465734,21667900,The Man in the High Castle,4,5
7465735-21667900-18,7465735,21667900,The Man in the High Castle,4,6
7465735-21667900-28,7465735,21667900,The Man in the High Castle,4,6
7465735-21667900-19,7465735,21667900,The Man in the High Castle,4,6
7465736-21667900-18,7465736,21667900,The Man in the High Castle,4,7
7465736-21667900-28,7465736,21667900,The Man in the High Castle,4,7
7465736-21667900-19,7465736,21667900,The Man in the High Castle,4,7
7465737-21667900-28,7465737,21667900,The Man in the High Castle,4,8
7465737-21667900-18,7465737,21667900,The Man in the High Castle,4,8
7465737-21667900-19,7465737,21667900,The Man in the High Castle,4,8
7465738-21667900-19,7465738,21667900,The Man in the High Castle,4,9
7465738-21667900-18,7465738,21667900,The Man in the High Castle,4,9
7465738-21667900-28,7465738,21667900,The Man in the High Castle,4,9
7465741-21667900-15,7465741,21667900,The Man in the High Castle,4,10
7465741-21667900-14,7465741,21667900,The Man in the High Castle,4,10
7465741-21667900-18,7465741,21667900,The Man in the High Castle,4,10
7465741-21667900-28,7465741,21667900,The Man in the High Castle,4,10
7465741-21667900-38,7465741,21667900,The Man in the High Castle,4,10
7465741-21667900-30,7465741,21667900,The Man in the High Castle,4,10
7478806-21667900-38,7478806,21667900,Messiah (2020),1,1
7478806-21667900-28,7478806,21667900,Messiah (2020),1,1
7479250-21667900-18,7479250,21667900,My Brilliant Friend,2,1
7479250-21667900-19,7479250,21667900,My Brilliant Friend,2,1
7479250-21667900-15,7479250,21667900,My Brilliant Friend,2,1
7479250-21667900-30,7479250,21667900,My Brilliant Friend,2,1
7479250-21667900-28,7479250,21667900,My Brilliant Friend,2,1
7483410-21667900-32,7483410,21667900,Crash Landing on You,1,16
7483410-21667900-30,7483410,21667900,Crash Landing on You,1,16
7486455-21667900-19,7486455,21667900,Normal People,1,1
7486456-21667900-19,7486456,21667900,Normal People,1,2
7486458-21667900-19,7486458,21667900,Normal People,1,3
7486458-21667900-30,7486458,21667900,Normal People,1,3
7486458-21667900-15,7486458,21667900,Normal People,1,3
7486461-21667900-28,7486461,21667900,Normal People,1,4
7486461-21667900-18,7486461,21667900,Normal People,1,4
7486461-21667900-19,7486461,21667900,Normal People,1,4
7486462-21667900-13,7486462,21667900,Normal People,1,5
7486462-21667900-19,7486462,21667900,Normal People,1,5
7486463-21667900-18,7486463,21667900,Normal People,1,6
7486463-21667900-19,7486463,21667900,Normal People,1,6
7486463-21667900-28,7486463,21667900,Normal People,1,6
7486464-21667900-28,7486464,21667900,Normal People,1,7
7486464-21667900-18,7486464,21667900,Normal People,1,7
7486464-21667900-19,7486464,21667900,Normal People,1,7
7486474-21667900-13,7486474,21667900,Normal People,1,12
7488825-21667900-34,7488825,21667900,Stranger Things,4,1
7488825-21667900-30,7488825,21667900,Stranger Things,4,1
7488825-21667900-28,7488825,21667900,Stranger Things,4,1
7493294-21667900-18,7493294,21667900,Little Fires Everywhere,1,1
7493294-21667900-19,7493294,21667900,Little Fires Everywhere,1,1
7493294-21667900-28,7493294,21667900,Little Fires Everywhere,1,1
7509621-21667900-28,7509621,21667900,This Is Us,4,11
7509621-21667900-30,7509621,21667900,This Is Us,4,11
7509621-21667900-15,7509621,21667900,This Is Us,4,11
7509621-21667900-18,7509621,21667900,This Is Us,4,11
7509624-21667900-15,7509624,21667900,This Is Us,4,12
7509624-21667900-28,7509624,21667900,This Is Us,4,12
7509624-21667900-30,7509624,21667900,This Is Us,4,12
7509624-21667900-18,7509624,21667900,This Is Us,4,12
7509625-21667900-19,7509625,21667900,This Is Us,4,13
7509625-21667900-18,7509625,21667900,This Is Us,4,13
7509625-21667900-28,7509625,21667900,This Is Us,4,13
7529885-21667900-28,7529885,21667900,Ozark,3,1
7529885-21667900-19,7529885,21667900,Ozark,3,1
7529885-21667900-18,7529885,21667900,Ozark,3,1
7531684-21667900-28,7531684,21667900,Mrs. America,1,1
7531684-21667900-20,7531684,21667900,Mrs. America,1,1
7531684-21667900-19,7531684,21667900,Mrs. America,1,1
7531684-21667900-35,7531684,21667900,Mrs. America,1,1
7531684-21667900-18,7531684,21667900,Mrs. America,1,1
7537283-21667900-38,7537283,21667900,Westworld,3,1
7537283-21667900-14,7537283,21667900,Westworld,3,1
7537283-21667900-19,7537283,21667900,Westworld,3,1
7541802-21667900-28,7541802,21667900,The Undoing,1,1
7541802-21667900-18,7541802,21667900,The Undoing,1,1
7541802-21667900-19,7541802,21667900,The Undoing,1,1
7542903-21667900-28,7542903,21667900,Better Call Saul,5,4
7542903-21667900-33,7542903,21667900,Better Call Saul,5,4
7542906-21667900-28,7542906,21667900,Better Call Saul,5,3
7542906-21667900-33,7542906,21667900,Better Call Saul,5,3
7552112-21667900-32,7552112,21667900,The Wheel of Time,1,4
7552112-21667900-37,7552112,21667900,The Wheel of Time,1,4
7552112-21667900-28,7552112,21667900,The Wheel of Time,1,4
7553440-21667900-28,7553440,21667900,Unorthodox,1,1
7553440-21667900-18,7553440,21667900,Unorthodox,1,1
7553443-21667900-28,7553443,21667900,Unorthodox,1,4
7553443-21667900-13,7553443,21667900,Unorthodox,1,4
7553443-21667900-18,7553443,21667900,Unorthodox,1,4
7556901-21667900-18,7556901,21667900,This Is Us,4,14
7556901-21667900-30,7556901,21667900,This Is Us,4,14
7556901-21667900-15,7556901,21667900,This Is Us,4,14
7556901-21667900-19,7556901,21667900,This Is Us,4,14
7556901-21667900-28,7556901,21667900,This Is Us,4,14
7556909-21667900-18,7556909,21667900,This Is Us,4,15
7556909-21667900-28,7556909,21667900,This Is Us,4,15
7556909-21667900-30,7556909,21667900,This Is Us,4,15
7556909-21667900-19,7556909,21667900,This Is Us,4,15
7556909-21667900-15,7556909,21667900,This Is Us,4,15
7575084-21667900-28,7575084,21667900,Lucifer,5,13
7575084-21667900-30,7575084,21667900,Lucifer,5,13
7575084-21667900-32,7575084,21667900,Lucifer,5,13
7578994-21667900-18,7578994,21667900,Westworld,3,2
7578994-21667900-28,7578994,21667900,Westworld,3,2
7578994-21667900-19,7578994,21667900,Westworld,3,2
7578995-21667900-18,7578995,21667900,Westworld,3,3
7578995-21667900-28,7578995,21667900,Westworld,3,3
7578995-21667900-19,7578995,21667900,Westworld,3,3
7578996-21667900-30,7578996,21667900,Westworld,3,4
7578996-21667900-15,7578996,21667900,Westworld,3,4
7578996-21667900-18,7578996,21667900,Westworld,3,4
7578996-21667900-19,7578996,21667900,Westworld,3,4
7578996-21667900-28,7578996,21667900,Westworld,3,4
7578999-21667900-18,7578999,21667900,Westworld,3,5
7578999-21667900-19,7578999,21667900,Westworld,3,5
7578999-21667900-28,7578999,21667900,Westworld,3,5
7579000-21667900-28,7579000,21667900,Westworld,3,6
7579000-21667900-18,7579000,21667900,Westworld,3,6
7579002-21667900-19,7579002,21667900,Westworld,3,7
7579002-21667900-14,7579002,21667900,Westworld,3,7
7579002-21667900-38,7579002,21667900,Westworld,3,7
7579002-21667900-28,7579002,21667900,Westworld,3,7
7579002-21667900-18,7579002,21667900,Westworld,3,7
7579004-21667900-18,7579004,21667900,Westworld,3,8
7579004-21667900-30,7579004,21667900,Westworld,3,8
7579004-21667900-28,7579004,21667900,Westworld,3,8
7579004-21667900-15,7579004,21667900,Westworld,3,8
7579004-21667900-19,7579004,21667900,Westworld,3,8
7581969-21667900-28,7581969,21667900,Snowpiercer,1,6
7581969-21667900-32,7581969,21667900,Snowpiercer,1,6
7591103-21667900-19,7591103,21667900,Killing Eve,3,1
7591103-21667900-30,7591103,21667900,Killing Eve,3,1
7591103-21667900-15,7591103,21667900,Killing Eve,3,1
7591103-21667900-18,7591103,21667900,Killing Eve,3,1
7591103-21667900-28,7591103,21667900,Killing Eve,3,1
7597566-21667900-19,7597566,21667900,This Is Us,4,16
7597566-21667900-28,7597566,21667900,This Is Us,4,16
7597566-21667900-18,7597566,21667900,This Is Us,4,16
7597569-21667900-18,7597569,21667900,This Is Us,4,17
7597569-21667900-30,7597569,21667900,This Is Us,4,17
7597569-21667900-15,7597569,21667900,This Is Us,4,17
7597569-21667900-28,7597569,21667900,This Is Us,4,17
7597570-21667900-19,7597570,21667900,This Is Us,4,18
7597570-21667900-28,7597570,21667900,This Is Us,4,18
7597570-21667900-18,7597570,21667900,This Is Us,4,18
7597570-21667900-30,7597570,21667900,This Is Us,4,18
7597570-21667900-15,7597570,21667900,This Is Us,4,18
7611871-21667900-18,7611871,21667900,Tales from the Loop,1,1
7611871-21667900-28,7611871,21667900,Tales from the Loop,1,1
7611871-21667900-19,7611871,21667900,Tales from the Loop,1,1
7611874-21667900-28,7611874,21667900,Tales from the Loop,1,2
7611874-21667900-19,7611874,21667900,Tales from the Loop,1,2
7611874-21667900-18,7611874,21667900,Tales from the Loop,1,2
7611874-21667900-15,7611874,21667900,Tales from the Loop,1,2
7611874-21667900-30,7611874,21667900,Tales from the Loop,1,2
7611876-21667900-19,7611876,21667900,Tales from the Loop,1,3
7611876-21667900-30,7611876,21667900,Tales from the Loop,1,3
7611876-21667900-15,7611876,21667900,Tales from the Loop,1,3
7611876-21667900-28,7611876,21667900,Tales from the Loop,1,3
7611876-21667900-18,7611876,21667900,Tales from the Loop,1,3
7611877-21667900-15,7611877,21667900,Tales from the Loop,1,4
7611877-21667900-19,7611877,21667900,Tales from the Loop,1,4
7611877-21667900-28,7611877,21667900,Tales from the Loop,1,4
7611877-21667900-18,7611877,21667900,Tales from the Loop,1,4
7611877-21667900-30,7611877,21667900,Tales from the Loop,1,4
7611878-21667900-19,7611878,21667900,Tales from the Loop,1,5
7611878-21667900-15,7611878,21667900,Tales from the Loop,1,5
7611878-21667900-28,7611878,21667900,Tales from the Loop,1,5
7611878-21667900-30,7611878,21667900,Tales from the Loop,1,5
7611878-21667900-18,7611878,21667900,Tales from the Loop,1,5
7611880-21667900-19,7611880,21667900,Tales from the Loop,1,6
7611880-21667900-28,7611880,21667900,Tales from the Loop,1,6
7611880-21667900-18,7611880,21667900,Tales from the Loop,1,6
7614190-21667900-18,7614190,21667900,Little Fires Everywhere,1,2
7614190-21667900-28,7614190,21667900,Little Fires Everywhere,1,2
7614190-21667900-19,7614190,21667900,Little Fires Everywhere,1,2
7614191-21667900-19,7614191,21667900,Little Fires Everywhere,1,7
7614191-21667900-15,7614191,21667900,Little Fires Everywhere,1,7
7614191-21667900-28,7614191,21667900,Little Fires Everywhere,1,7
7614191-21667900-18,7614191,21667900,Little Fires Everywhere,1,7
7614191-21667900-30,7614191,21667900,Little Fires Everywhere,1,7
7614193-21667900-28,7614193,21667900,Little Fires Everywhere,1,6
7614193-21667900-15,7614193,21667900,Little Fires Everywhere,1,6
7614193-21667900-30,7614193,21667900,Little Fires Everywhere,1,6
7614193-21667900-19,7614193,21667900,Little Fires Everywhere,1,6
7614193-21667900-18,7614193,21667900,Little Fires Everywhere,1,6
7614195-21667900-28,7614195,21667900,Little Fires Everywhere,1,3
7614195-21667900-30,7614195,21667900,Little Fires Everywhere,1,3
7614195-21667900-18,7614195,21667900,Little Fires Everywhere,1,3
7614195-21667900-19,7614195,21667900,Little Fires Everywhere,1,3
7614195-21667900-15,7614195,21667900,Little Fires Everywhere,1,3
7614197-21667900-19,7614197,21667900,Little Fires Everywhere,1,5
7614197-21667900-28,7614197,21667900,Little Fires Everywhere,1,5
7614197-21667900-18,7614197,21667900,Little Fires Everywhere,1,5
7614198-21667900-18,7614198,21667900,Little Fires Everywhere,1,4
7614198-21667900-19,7614198,21667900,Little Fires Everywhere,1,4
7614198-21667900-28,7614198,21667900,Little Fires Everywhere,1,4
7620104-21667900-30,7620104,21667900,Ozark,3,9
7620104-21667900-28,7620104,21667900,Ozark,3,9
7620104-21667900-18,7620104,21667900,Ozark,3,9
7620104-21667900-15,7620104,21667900,Ozark,3,9
7620105-21667900-19,7620105,21667900,Ozark,3,10
7620959-21667900-28,7620959,21667900,The Undoing,1,2
7620959-21667900-18,7620959,21667900,The Undoing,1,2
7620959-21667900-19,7620959,21667900,The Undoing,1,2
7629417-21667900-37,7629417,21667900,Lucifer,5,16
7629417-21667900-32,7629417,21667900,Lucifer,5,16
7629417-21667900-28,7629417,21667900,Lucifer,5,16
7645408-21667900-19,7645408,21667900,The Last Kingdom,4,1
7645408-21667900-28,7645408,21667900,The Last Kingdom,4,1
7645408-21667900-18,7645408,21667900,The Last Kingdom,4,1
7656407-21667900-28,7656407,21667900,The Last Kingdom,4,2
7656407-21667900-18,7656407,21667900,The Last Kingdom,4,2
7656407-21667900-19,7656407,21667900,The Last Kingdom,4,2
7658043-21667900-19,7658043,21667900,Money Heist,2,10
7658043-21667900-18,7658043,21667900,Money Heist,2,10
7658043-21667900-28,7658043,21667900,Money Heist,2,10
7658045-21667900-18,7658045,21667900,Money Heist,2,12
7658045-21667900-16,7658045,21667900,Money Heist,2,12
7658045-21667900-19,7658045,21667900,Money Heist,2,12
7658045-21667900-28,7658045,21667900,Money Heist,2,12
7658045-21667900-34,7658045,21667900,Money Heist,2,12
7658047-21667900-19,7658047,21667900,Money Heist,2,13
7658047-21667900-28,7658047,21667900,Money Heist,2,13
7658047-21667900-18,7658047,21667900,Money Heist,2,13
7673417-21667900-28,7673417,21667900,Killing Eve,3,2
7673417-21667900-18,7673417,21667900,Killing Eve,3,2
7673417-21667900-20,7673417,21667900,Killing Eve,3,2
7673417-21667900-35,7673417,21667900,Killing Eve,3,2
7673418-21667900-28,7673418,21667900,Killing Eve,3,3
7673418-21667900-18,7673418,21667900,Killing Eve,3,3
7673418-21667900-19,7673418,21667900,Killing Eve,3,3
7681207-21667900-18,7681207,21667900,Little Fires Everywhere,1,0
7681207-21667900-28,7681207,21667900,Little Fires Everywhere,1,0
7681207-21667900-19,7681207,21667900,Little Fires Everywhere,1,0
7681207-21667900-29,7681207,21667900,Little Fires Everywhere,1,0
7681207-21667900-27,7681207,21667900,Little Fires Everywhere,1,0
7705112-21667900-37,7705112,21667900,It's Okay to Not Be Okay,1,1
7705112-21667900-28,7705112,21667900,It's Okay to Not Be Okay,1,1
7804414-21667900-38,7804414,21667900,Flower of Evil,1,3
7804414-21667900-28,7804414,21667900,Flower of Evil,1,3
7812679-21667900-32,7812679,21667900,Modern Love,2,1
7812679-21667900-30,7812679,21667900,Modern Love,2,1
7812916-21667900-18,7812916,21667900,The Boys,2,1
7812916-21667900-28,7812916,21667900,The Boys,2,1
7812916-21667900-19,7812916,21667900,The Boys,2,1
7812917-21667900-28,7812917,21667900,The Boys,2,2
7812917-21667900-18,7812917,21667900,The Boys,2,2
7812917-21667900-19,7812917,21667900,The Boys,2,2
7812918-21667900-30,7812918,21667900,The Boys,2,3
7812918-21667900-18,7812918,21667900,The Boys,2,3
7812918-21667900-15,7812918,21667900,The Boys,2,3
7812918-21667900-19,7812918,21667900,The Boys,2,3
7812918-21667900-28,7812918,21667900,The Boys,2,3
7812919-21667900-28,7812919,21667900,The Boys,2,4
7812919-21667900-19,7812919,21667900,The Boys,2,4
7812919-21667900-18,7812919,21667900,The Boys,2,4
7812920-21667900-19,7812920,21667900,The Boys,2,5
7812920-21667900-18,7812920,21667900,The Boys,2,5
7812920-21667900-28,7812920,21667900,The Boys,2,5
7812923-21667900-18,7812923,21667900,The Boys,2,6
7812923-21667900-19,7812923,21667900,The Boys,2,6
7812923-21667900-28,7812923,21667900,The Boys,2,6
7812925-21667900-16,7812925,21667900,The Boys,2,7
7812925-21667900-28,7812925,21667900,The Boys,2,7
7812925-21667900-18,7812925,21667900,The Boys,2,7
7812925-21667900-34,7812925,21667900,The Boys,2,7
7812926-21667900-18,7812926,21667900,The Boys,2,8
7812926-21667900-19,7812926,21667900,The Boys,2,8
7812926-21667900-28,7812926,21667900,The Boys,2,8
7877071-21667900-28,7877071,21667900,The Undoing,1,6
7896631-21667900-19,7896631,21667900,The Crown,4,2
7896631-21667900-28,7896631,21667900,The Crown,4,2
7896631-21667900-18,7896631,21667900,The Crown,4,2
7896637-21667900-19,7896637,21667900,The Crown,4,8
7896637-21667900-28,7896637,21667900,The Crown,4,8
7896637-21667900-18,7896637,21667900,The Crown,4,8
7896638-21667900-28,7896638,21667900,The Crown,4,9
7896638-21667900-18,7896638,21667900,The Crown,4,9
7896640-21667900-30,7896640,21667900,The Crown,4,10
7896640-21667900-18,7896640,21667900,The Crown,4,10
7896640-21667900-15,7896640,21667900,The Crown,4,10
7896640-21667900-28,7896640,21667900,The Crown,4,10
7896640-21667900-19,7896640,21667900,The Crown,4,10
7896976-21667900-28,7896976,21667900,Bad Boy Billionaires: India,1,1
7896976-21667900-18,7896976,21667900,Bad Boy Billionaires: India,1,1
7905328-21667900-13,7905328,21667900,This Is Us,5,1
7905328-21667900-18,7905328,21667900,This Is Us,5,1
7905328-21667900-28,7905328,21667900,This Is Us,5,1
7905559-21667900-18,7905559,21667900,This Is Us,5,2
7905559-21667900-28,7905559,21667900,This Is Us,5,2
7905559-21667900-19,7905559,21667900,This Is Us,5,2
7977905-21667900-18,7977905,21667900,Bad Boy Billionaires: India,1,2
7977905-21667900-27,7977905,21667900,Bad Boy Billionaires: India,1,2
7977905-21667900-29,7977905,21667900,Bad Boy Billionaires: India,1,2
7977905-21667900-28,7977905,21667900,Bad Boy Billionaires: India,1,2
7977909-21667900-27,7977909,21667900,Bad Boy Billionaires: India,1,3
7977909-21667900-18,7977909,21667900,Bad Boy Billionaires: India,1,3
7977909-21667900-28,7977909,21667900,Bad Boy Billionaires: India,1,3
7977909-21667900-29,7977909,21667900,Bad Boy Billionaires: India,1,3
7977909-21667900-15,7977909,21667900,Bad Boy Billionaires: India,1,3
7977909-21667900-30,7977909,21667900,Bad Boy Billionaires: India,1,3
7992608-21667900-18,7992608,21667900,This Is Us,5,3
7992608-21667900-28,7992608,21667900,This Is Us,5,3
7992608-21667900-19,7992608,21667900,This Is Us,5,3
7993541-21667900-19,7993541,21667900,The Mandalorian,2,3
7993541-21667900-18,7993541,21667900,The Mandalorian,2,3
7993541-21667900-28,7993541,21667900,The Mandalorian,2,3
7993545-21667900-28,7993545,21667900,The Mandalorian,2,6
7993545-21667900-18,7993545,21667900,The Mandalorian,2,6
7993545-21667900-19,7993545,21667900,The Mandalorian,2,6
7995063-21667900-18,7995063,21667900,Bridgerton,1,8
7995063-21667900-28,7995063,21667900,Bridgerton,1,8
7995063-21667900-13,7995063,21667900,Bridgerton,1,8
7995063-21667900-19,7995063,21667900,Bridgerton,1,8
8001669-21667900-37,8001669,21667900,The White Lotus,1,1
8001669-21667900-33,8001669,21667900,The White Lotus,1,1
8022000-21667900-18,8022000,21667900,This Is Us,5,4
8022000-21667900-19,8022000,21667900,This Is Us,5,4
8022000-21667900-28,8022000,21667900,This Is Us,5,4
8043108-21667900-38,8043108,21667900,WandaVision,1,2
8043108-21667900-37,8043108,21667900,WandaVision,1,2
8043110-21667900-37,8043110,21667900,WandaVision,1,4
8043110-21667900-36,8043110,21667900,WandaVision,1,4
8043111-21667900-28,8043111,21667900,WandaVision,1,5
8043111-21667900-36,8043111,21667900,WandaVision,1,5
8043111-21667900-37,8043111,21667900,WandaVision,1,5
8043112-21667900-28,8043112,21667900,WandaVision,1,6
8043112-21667900-38,8043112,21667900,WandaVision,1,6
8043112-21667900-37,8043112,21667900,WandaVision,1,6
8064491-21667900-35,8064491,21667900,A Teacher,1,10
8120638-21667900-32,8120638,21667900,WandaVision,1,9
8120638-21667900-30,8120638,21667900,WandaVision,1,9
8126409-21667900-28,8126409,21667900,Lucifer,6,1
8126409-21667900-37,8126409,21667900,Lucifer,6,1
8214191-21667900-30,8214191,21667900,This Is Us,5,10
8214191-21667900-32,8214191,21667900,This Is Us,5,10
8238358-21667900-28,8238358,21667900,The Falcon and The Winter Soldier,1,2
8238358-21667900-32,8238358,21667900,The Falcon and The Winter Soldier,1,2
8238359-21667900-33,8238359,21667900,The Falcon and The Winter Soldier,1,3
8238359-21667900-28,8238359,21667900,The Falcon and The Winter Soldier,1,3
8238359-21667900-37,8238359,21667900,The Falcon and The Winter Soldier,1,3
8238360-21667900-28,8238360,21667900,The Falcon and The Winter Soldier,1,4
8238360-21667900-30,8238360,21667900,The Falcon and The Winter Soldier,1,4
8238361-21667900-30,8238361,21667900,The Falcon and The Winter Soldier,1,5
8238361-21667900-28,8238361,21667900,The Falcon and The Winter Soldier,1,5
8238362-21667900-32,8238362,21667900,The Falcon and The Winter Soldier,1,6
8238362-21667900-28,8238362,21667900,The Falcon and The Winter Soldier,1,6
8239389-21667900-28,8239389,21667900,Shadow and Bone,1,8
8287133-21667900-28,8287133,21667900,House of the Dragon,1,1
8287133-21667900-37,8287133,21667900,House of the Dragon,1,1
8324652-21667900-28,8324652,21667900,Mare of Easttown,1,5
8324652-21667900-30,8324652,21667900,Mare of Easttown,1,5
8334515-21667900-32,8334515,21667900,This Is Us,5,15
8334515-21667900-30,8334515,21667900,This Is Us,5,15
8358732-21667900-32,8358732,21667900,This Is Us,5,16
8358732-21667900-30,8358732,21667900,This Is Us,5,16
8358732-21667900-28,8358732,21667900,This Is Us,5,16
8381861-21667900-32,8381861,21667900,My Liberation Notes,1,1
8423104-21667900-28,8423104,21667900,The White Lotus,1,6
8423104-21667900-38,8423104,21667900,The White Lotus,1,6
8447795-21667900-35,8447795,21667900,Money Heist,3,1
8447799-21667900-35,8447799,21667900,Money Heist,3,5
8452518-21667900-28,8452518,21667900,Loki,1,4
8452682-21667900-32,8452682,21667900,Modern Love,2,2
8487985-21667900-34,8487985,21667900,Alchemy of Souls,1,13
8487985-21667900-37,8487985,21667900,Alchemy of Souls,1,13
8487985-21667900-28,8487985,21667900,Alchemy of Souls,1,13
8507460-21667900-37,8507460,21667900,Sex Education,3,3
8507460-21667900-28,8507460,21667900,Sex Education,3,3
8513240-21667900-32,8513240,21667900,Atypical,4,10
8640506-21667900-32,8640506,21667900,My Name,1,8
8640506-21667900-30,8640506,21667900,My Name,1,8
8640506-21667900-28,8640506,21667900,My Name,1,8
8697564-21667900-30,8697564,21667900,This Is Us,6,5
8697564-21667900-32,8697564,21667900,This Is Us,6,5
8723673-21667900-37,8723673,21667900,The Sandman,1,1
8791888-21667900-28,8791888,21667900,Ozark,4,1
8791888-21667900-37,8791888,21667900,Ozark,4,1
8853056-21667900-37,8853056,21667900,This Is Us,6,6
8853056-21667900-32,8853056,21667900,This Is Us,6,6
8932006-21667900-28,8932006,21667900,The Boys,3,8
8945268-21667900-30,8945268,21667900,This Is Us,6,10
8945268-21667900-32,8945268,21667900,This Is Us,6,10
8986043-21667900-32,8986043,21667900,This Is Us,6,13
8986043-21667900-30,8986043,21667900,This Is Us,6,13
8986052-21667900-30,8986052,21667900,This Is Us,6,15
8986052-21667900-32,8986052,21667900,This Is Us,6,15
8986054-21667900-30,8986054,21667900,This Is Us,6,17
8986054-21667900-32,8986054,21667900,This Is Us,6,17
9046265-21667900-32,9046265,21667900,My Liberation Notes,1,6
9046265-21667900-28,9046265,21667900,My Liberation Notes,1,6
9046274-21667900-30,9046274,21667900,My Liberation Notes,1,13
9046274-21667900-28,9046274,21667900,My Liberation Notes,1,13
9046277-21667900-32,9046277,21667900,My Liberation Notes,1,16
9082147-21667900-28,9082147,21667900,House of the Dragon,1,2
9082147-21667900-37,9082147,21667900,House of the Dragon,1,2
9082147-21667900-32,9082147,21667900,House of the Dragon,1,2
9082149-21667900-37,9082149,21667900,House of the Dragon,1,4
9082149-21667900-28,9082149,21667900,House of the Dragon,1,4
9162276-21667900-30,9162276,21667900,Alchemy of Souls,1,20
9162276-21667900-28,9162276,21667900,Alchemy of Souls,1,20
9162276-21667900-37,9162276,21667900,Alchemy of Souls,1,20
9240063-21667900-28,9240063,21667900,Shōgun,1,1
9240063-21667900-33,9240063,21667900,Shōgun,1,1
9240063-21667900-38,9240063,21667900,Shōgun,1,1
9288822-21667900-28,9288822,21667900,The Sandman,1,4
9288822-21667900-32,9288822,21667900,The Sandman,1,4
9288822-21667900-37,9288822,21667900,The Sandman,1,4
9288823-21667900-37,9288823,21667900,The Sandman,1,5
9288823-21667900-30,9288823,21667900,The Sandman,1,5
9288823-21667900-28,9288823,21667900,The Sandman,1,5
9328540-21667900-32,9328540,21667900,Alchemy of Souls,2,10
9328540-21667900-37,9328540,21667900,Alchemy of Souls,2,10
9328540-21667900-30,9328540,21667900,Alchemy of Souls,2,10
9365343-21667900-28,9365343,21667900,You,4,10
9365343-21667900-37,9365343,21667900,You,4,10
9543948-21667900-28,9543948,21667900,Succession,4,3
9543952-21667900-33,9543952,21667900,Succession,4,5
9543952-21667900-28,9543952,21667900,Succession,4,5
9543954-21667900-28,9543954,21667900,Succession,4,6
9543954-21667900-37,9543954,21667900,Succession,4,6
9543955-21667900-28,9543955,21667900,Succession,4,7
9543956-21667900-39,9543956,21667900,Succession,4,8
9543956-21667900-33,9543956,21667900,Succession,4,8
9543956-21667900-28,9543956,21667900,Succession,4,8
9543956-21667900-37,9543956,21667900,Succession,4,8
10396624-21667900-28,10396624,21667900,House of the Dragon,2,1
10396629-21667900-28,10396629,21667900,House of the Dragon,2,2
10396629-21667900-30,10396629,21667900,House of the Dragon,2,2
10396630-21667900-32,10396630,21667900,House of the Dragon,2,3
10396630-21667900-28,10396630,21667900,House of the Dragon,2,3
10396631-21667900-30,10396631,21667900,House of the Dragon,2,4
10396631-21667900-28,10396631,21667900,House of the Dragon,2,4
10396631-21667900-32,10396631,21667900,House of the Dragon,2,4
10396632-21667900-28,10396632,21667900,House of the Dragon,2,5
10396632-21667900-33,10396632,21667900,House of the Dragon,2,5
10396635-21667900-35,10396635,21667900,House of the Dragon,2,8
10396635-21667900-37,10396635,21667900,House of the Dragon,2,8
10396635-21667900-28,10396635,21667900,House of the Dragon,2,8
10398314-21667900-37,10398314,21667900,Baby Reindeer,1,1
10410193-21667900-28,10410193,21667900,Baby Reindeer,1,2
10410194-21667900-28,10410194,21667900,Baby Reindeer,1,3
10410194-21667900-34,10410194,21667900,Baby Reindeer,1,3
10410195-21667900-28,10410195,21667900,Baby Reindeer,1,4
10410195-21667900-30,10410195,21667900,Baby Reindeer,1,4
10410197-21667900-32,10410197,21667900,Baby Reindeer,1,6
10410197-21667900-28,10410197,21667900,Baby Reindeer,1,6
10410197-21667900-30,10410197,21667900,Baby Reindeer,1,6
10410198-21667900-32,10410198,21667900,Baby Reindeer,1,7
10410198-21667900-30,10410198,21667900,Baby Reindeer,1,7
10592768-21667900-28,10592768,21667900,Severance,2,10
10592768-21667900-30,10592768,21667900,Severance,2,10
10592768-21667900-37,10592768,21667900,Severance,2,10
