user_id,movie_name,vote_key,episode_id,uuid,series_name,season_number,episode_number
21667900,Arrival,a51f2623-1ecb-4ce6-bb46-494e0a8a59d8-21667900-18,0,a51f2623-1ecb-4ce6-bb46-494e0a8a59d8,,,
21667900,,141245-21667900-15,141245,be5879d3-d620-4b73-bbaa-feb258bd3633,Band of Brothers,1,1
21667900,,141245-21667900-25,141245,be5879d3-d620-4b73-bbaa-feb258bd3633,Band of Brothers,1,1
21667900,,307266-21667900-15,307266,b7659e35-bac7-4dbb-905f-6ed902799589,Angels in America,1,1
21667900,,307266-21667900-14,307266,b7659e35-bac7-4dbb-905f-6ed902799589,Angels in America,1,1
21667900,,326715-21667900-13,326715,9c01ebad-9c83-4f89-9193-0e5e0f3e1f45,The Tudors,1,1
21667900,,326715-21667900-25,326715,9c01ebad-9c83-4f89-9193-0e5e0f3e1f45,The Tudors,1,1
21667900,,440752-21667900-19,440752,d2b40092-eb34-4ae9-b453-fec5ac5363cb,Toradora!,1,25
21667900,,879161-21667900-18,879161,b47989ef-671f-45d1-b4aa-4fe01fa528a5,Fullmetal Alchemist: Brotherhood,1,19
21667900,,879161-21667900-19,879161,b47989ef-671f-45d1-b4aa-4fe01fa528a5,Fullmetal Alchemist: Brotherhood,1,19
21667900,,4079947-21667900-18,4079947,0b4911d0-4e29-49e5-9d4b-f2d3683a1b34,Homeland,1,1
21667900,,4079947-21667900-19,4079947,0b4911d0-4e29-49e5-9d4b-f2d3683a1b34,Homeland,1,1
21667900,,4079947-21667900-13,4079947,0b4911d0-4e29-49e5-9d4b-f2d3683a1b34,Homeland,1,1
21667900,,4175251-21667900-18,4175251,c1e0ba54-abe5-4d9e-9890-f3fc4c64dd24,Homeland,1,2
21667900,,4175251-21667900-19,4175251,c1e0ba54-abe5-4d9e-9890-f3fc4c64dd24,Homeland,1,2
21667900,,4175251-21667900-13,4175251,c1e0ba54-abe5-4d9e-9890-f3fc4c64dd24,Homeland,1,2
21667900,,4175252-21667900-13,4175252,632cb25d-08df-4064-aafb-09ba944a99ca,Homeland,1,3
21667900,,4175252-21667900-19,4175252,632cb25d-08df-4064-aafb-09ba944a99ca,Homeland,1,3
21667900,,4175252-21667900-28,4175252,632cb25d-08df-4064-aafb-09ba944a99ca,Homeland,1,3
21667900,,4175252-21667900-18,4175252,632cb25d-08df-4064-aafb-09ba944a99ca,Homeland,1,3
21667900,,4175253-21667900-28,4175253,6e34add0-8280-4f4f-b6c2-61a2be750d56,Homeland,1,4
21667900,,4175253-21667900-19,4175253,6e34add0-8280-4f4f-b6c2-61a2be750d56,Homeland,1,4
21667900,,4175253-21667900-18,4175253,6e34add0-8280-4f4f-b6c2-61a2be750d56,Homeland,1,4
21667900,,4175253-21667900-13,4175253,6e34add0-8280-4f4f-b6c2-61a2be750d56,Homeland,1,4
21667900,,4175254-21667900-19,4175254,4508cb7d-acd0-43f5-a979-70e51565394a,Homeland,1,5
21667900,,4175254-21667900-18,4175254,4508cb7d-acd0-43f5-a979-70e51565394a,Homeland,1,5
21667900,,4175254-21667900-13,4175254,4508cb7d-acd0-43f5-a979-70e51565394a,Homeland,1,5
21667900,,4175255-21667900-19,4175255,daf3a71c-e31f-4190-b44b-3bd2715dc0d5,Homeland,1,6
21667900,,4175255-21667900-18,4175255,daf3a71c-e31f-4190-b44b-3bd2715dc0d5,Homeland,1,6
21667900,,4175256-21667900-18,4175256,36e143ae-c94c-44ee-92c2-7249f6ec47e1,Homeland,1,7
21667900,,4175256-21667900-19,4175256,36e143ae-c94c-44ee-92c2-7249f6ec47e1,Homeland,1,7
21667900,,4182830-21667900-19,4182830,bf484e25-282e-48b4-9817-b8e65534413a,Homeland,1,8
21667900,,4182830-21667900-18,4182830,bf484e25-282e-48b4-9817-b8e65534413a,Homeland,1,8
21667900,,4182830-21667900-15,4182830,bf484e25-282e-48b4-9817-b8e65534413a,Homeland,1,8
21667900,,4198125-21667900-19,4198125,5a4128ce-f321-4609-a313-0ca890cc8e2b,Homeland,1,9
21667900,,4198125-21667900-30,4198125,5a4128ce-f321-4609-a313-0ca890cc8e2b,Homeland,1,9
21667900,,4198125-21667900-28,4198125,5a4128ce-f321-4609-a313-0ca890cc8e2b,Homeland,1,9
21667900,,4198125-21667900-18,4198125,5a4128ce-f321-4609-a313-0ca890cc8e2b,Homeland,1,9
21667900,,4198125-21667900-15,4198125,5a4128ce-f321-4609-a313-0ca890cc8e2b,Homeland,1,9
21667900,,4198126-21667900-15,4198126,d566fba8-4e6f-4700-a982-678cb9b3adb1,Homeland,1,10
21667900,,4198126-21667900-19,4198126,d566fba8-4e6f-4700-a982-678cb9b3adb1,Homeland,1,10
21667900,,4198126-21667900-18,4198126,d566fba8-4e6f-4700-a982-678cb9b3adb1,Homeland,1,10
21667900,,4198127-21667900-15,4198127,f0a11285-787c-4335-8765-abf060f4b760,Homeland,1,11
21667900,,4198127-21667900-18,4198127,f0a11285-787c-4335-8765-abf060f4b760,Homeland,1,11
21667900,,4198127-21667900-19,4198127,f0a11285-787c-4335-8765-abf060f4b760,Homeland,1,11
21667900,,4198128-21667900-19,4198128,f911d0ff-6d0e-44b8-9197-8bc5c81f4022,Homeland,1,12
21667900,,4198128-21667900-18,4198128,f911d0ff-6d0e-44b8-9197-8bc5c81f4022,Homeland,1,12
21667900,,4208116-21667900-13,4208116,b167a8d4-2c65-4186-b898-31a506dd6d9d,Hung,3,10
21667900,,4208116-21667900-15,4208116,b167a8d4-2c65-4186-b898-31a506dd6d9d,Hung,3,10
21667900,,4303747-21667900-19,4303747,34fee8b0-642d-44a1-ac72-86b0bf9c9beb,Homeland,2,1
21667900,,4303747-21667900-18,4303747,34fee8b0-642d-44a1-ac72-86b0bf9c9beb,Homeland,2,1
21667900,,4333794-21667900-19,4333794,4ff2bc22-5308-4c3d-8388-5c162893d004,Homeland,2,2
21667900,,4333794-21667900-18,4333794,4ff2bc22-5308-4c3d-8388-5c162893d004,Homeland,2,2
21667900,,4333794-21667900-28,4333794,4ff2bc22-5308-4c3d-8388-5c162893d004,Homeland,2,2
21667900,,4333795-21667900-18,4333795,5f17d6c4-437f-4581-840a-595d296421d8,Homeland,2,3
21667900,,4333795-21667900-19,4333795,5f17d6c4-437f-4581-840a-595d296421d8,Homeland,2,3
21667900,,4336562-21667900-28,4336562,4d0b084c-1aa3-42f9-9abf-aeb6bd6f6592,Homeland,2,4
21667900,,4336562-21667900-18,4336562,4d0b084c-1aa3-42f9-9abf-aeb6bd6f6592,Homeland,2,4
21667900,,4366700-21667900-30,4366700,f91b8b55-704a-4943-93ae-0fc036538439,Homeland,2,6
21667900,,4366700-21667900-15,4366700,f91b8b55-704a-4943-93ae-0fc036538439,Homeland,2,6
21667900,,4366700-21667900-28,4366700,f91b8b55-704a-4943-93ae-0fc036538439,Homeland,2,6
21667900,,4366701-21667900-18,4366701,bcab455a-eee3-48a9-94d5-27259474d8f0,Homeland,2,7
21667900,,4366701-21667900-19,4366701,bcab455a-eee3-48a9-94d5-27259474d8f0,Homeland,2,7
21667900,,4366701-21667900-28,4366701,bcab455a-eee3-48a9-94d5-27259474d8f0,Homeland,2,7
21667900,,4376938-21667900-18,4376938,092b9e70-d2c7-4bdc-84d7-53c528356346,Homeland,2,5
21667900,,4376938-21667900-19,4376938,092b9e70-d2c7-4bdc-84d7-53c528356346,Homeland,2,5
21667900,,4382125-21667900-18,4382125,2f1fc0ff-13a2-470d-8f07-1e36cd0e7d52,Homeland,2,8
21667900,,4382125-21667900-19,4382125,2f1fc0ff-13a2-470d-8f07-1e36cd0e7d52,Homeland,2,8
21667900,,4382126-21667900-18,4382126,dbaffa07-4666-49d4-84a7-a3139da72082,Homeland,2,9
21667900,,4382126-21667900-19,4382126,dbaffa07-4666-49d4-84a7-a3139da72082,Homeland,2,9
21667900,,4402617-21667900-18,4402617,243351ad-d89f-4672-aa5e-68f8eac265bd,Homeland,2,10
21667900,,4402617-21667900-19,4402617,243351ad-d89f-4672-aa5e-68f8eac265bd,Homeland,2,10
21667900,,4402619-21667900-19,4402619,75323f66-29d1-462a-9628-1edcee3a1e9a,Homeland,2,11
21667900,,4402619-21667900-13,4402619,75323f66-29d1-462a-9628-1edcee3a1e9a,Homeland,2,11
21667900,,4402619-21667900-18,4402619,75323f66-29d1-462a-9628-1edcee3a1e9a,Homeland,2,11
21667900,,4402622-21667900-18,4402622,071d749e-8614-43ca-871f-51cd651700b6,Homeland,2,12
21667900,,4402622-21667900-30,4402622,071d749e-8614-43ca-871f-51cd651700b6,Homeland,2,12
21667900,,4402622-21667900-28,4402622,071d749e-8614-43ca-871f-51cd651700b6,Homeland,2,12
21667900,,4402622-21667900-15,4402622,071d749e-8614-43ca-871f-51cd651700b6,Homeland,2,12
21667900,,4402622-21667900-19,4402622,071d749e-8614-43ca-871f-51cd651700b6,Homeland,2,12
21667900,,4411361-21667900-25,4411361,d029c3b2-a9ab-43f3-8a01-c30db7db70ef,House of Cards (US),1,1
21667900,,4481708-21667900-28,4481708,5661d8cf-093e-4afc-b843-1041d41f7e5d,House of Cards (US),1,2
21667900,,4481708-21667900-24,4481708,5661d8cf-093e-4afc-b843-1041d41f7e5d,House of Cards (US),1,2
21667900,,4481709-21667900-25,4481709,4fa583e4-2090-4a4e-8968-e08dc34a379e,House of Cards (US),1,3
21667900,,4481709-21667900-13,4481709,4fa583e4-2090-4a4e-8968-e08dc34a379e,House of Cards (US),1,3
21667900,,4481710-21667900-28,4481710,8e1023d7-1672-4d44-8177-3e378a3380cb,House of Cards (US),1,4
21667900,,4481710-21667900-24,4481710,8e1023d7-1672-4d44-8177-3e378a3380cb,House of Cards (US),1,4
21667900,,4481711-21667900-13,4481711,168d85a0-9a5e-40ef-b4ed-6f66c3899845,House of Cards (US),1,5
21667900,,4481712-21667900-24,4481712,f5693cab-9fc6-496c-8a78-432b5322f52a,House of Cards (US),1,6
21667900,,4481714-21667900-21,4481714,3becf466-becc-4699-8963-948b438a3e17,House of Cards (US),1,8
21667900,,4481716-21667900-24,4481716,d417ba73-b65d-4502-821d-c81c9a32e184,House of Cards (US),1,10
21667900,,4508211-21667900-28,4508211,6866122a-22cb-42e5-b8ff-f2295f575af2,Homeland,3,1
21667900,,4508211-21667900-30,4508211,6866122a-22cb-42e5-b8ff-f2295f575af2,Homeland,3,1
21667900,,4520960-21667900-32,4520960,365b2772-6349-46c3-b39b-30461e6cfc1b,Broadchurch,1,5
21667900,,4520960-21667900-30,4520960,365b2772-6349-46c3-b39b-30461e6cfc1b,Broadchurch,1,5
21667900,,4520960-21667900-28,4520960,365b2772-6349-46c3-b39b-30461e6cfc1b,Broadchurch,1,5
21667900,,4520963-21667900-32,4520963,9f319e36-88da-44bc-9158-3906ee2e4bf0,Broadchurch,1,8
21667900,,4562419-21667900-28,4562419,110e959d-5bd9-4a22-b2b2-f1089c620f28,Homeland,3,2
21667900,,4562419-21667900-19,4562419,110e959d-5bd9-4a22-b2b2-f1089c620f28,Homeland,3,2
21667900,,4562419-21667900-15,4562419,110e959d-5bd9-4a22-b2b2-f1089c620f28,Homeland,3,2
21667900,,4562419-21667900-18,4562419,110e959d-5bd9-4a22-b2b2-f1089c620f28,Homeland,3,2
21667900,,4562419-21667900-30,4562419,110e959d-5bd9-4a22-b2b2-f1089c620f28,Homeland,3,2
21667900,,4591566-21667900-18,4591566,21b6e077-b5ad-47d8-b014-bd4c459cb693,Homeland,3,3
21667900,,4591566-21667900-19,4591566,21b6e077-b5ad-47d8-b014-bd4c459cb693,Homeland,3,3
21667900,,4591568-21667900-28,4591568,497e089b-de3d-4a6f-9419-bded7a46044a,Homeland,3,4
21667900,,4591568-21667900-19,4591568,497e089b-de3d-4a6f-9419-bded7a46044a,Homeland,3,4
21667900,,4591568-21667900-18,4591568,497e089b-de3d-4a6f-9419-bded7a46044a,Homeland,3,4
21667900,,4596698-21667900-19,4596698,7f480359-d28f-49dc-98e5-baef910ae104,Quarry,1,1
21667900,,4596698-21667900-18,4596698,7f480359-d28f-49dc-98e5-baef910ae104,Quarry,1,1
21667900,,4597331-21667900-19,4597331,9238485e-319c-46a1-bad2-fa8cebbb0c41,Homeland,3,5
21667900,,4597331-21667900-18,4597331,9238485e-319c-46a1-bad2-fa8cebbb0c41,Homeland,3,5
21667900,,4597331-21667900-28,4597331,9238485e-319c-46a1-bad2-fa8cebbb0c41,Homeland,3,5
21667900,,4611506-21667900-18,4611506,e220435b-9189-4483-8406-291644019a51,Homeland,3,6
21667900,,4611506-21667900-19,4611506,e220435b-9189-4483-8406-291644019a51,Homeland,3,6
21667900,,4611506-21667900-28,4611506,e220435b-9189-4483-8406-291644019a51,Homeland,3,6
21667900,,4611507-21667900-18,4611507,4f2e5ea2-a164-438b-adbe-befec14fb95a,Homeland,3,7
21667900,,4611507-21667900-19,4611507,4f2e5ea2-a164-438b-adbe-befec14fb95a,Homeland,3,7
21667900,,4626050-21667900-28,4626050,f21caa8f-be9a-45bb-a57e-6e31b3022e13,Fargo,1,1
21667900,,4663897-21667900-19,4663897,82826d4a-f4d2-481e-b51d-5814d5ec3f5a,Homeland,3,8
21667900,,4663897-21667900-18,4663897,82826d4a-f4d2-481e-b51d-5814d5ec3f5a,Homeland,3,8
21667900,,4663898-21667900-19,4663898,efbad835-eed2-4236-a154-bab7d867814b,Homeland,3,9
21667900,,4663898-21667900-28,4663898,efbad835-eed2-4236-a154-bab7d867814b,Homeland,3,9
21667900,,4663898-21667900-18,4663898,efbad835-eed2-4236-a154-bab7d867814b,Homeland,3,9
21667900,,4663899-21667900-18,4663899,a36e581c-8d9e-477c-bf63-b4cd2b6d4005,Homeland,3,10
21667900,,4663899-21667900-19,4663899,a36e581c-8d9e-477c-bf63-b4cd2b6d4005,Homeland,3,10
21667900,,4675715-21667900-18,4675715,6c519431-d504-43a4-aaa0-9d53cbe9cd3f,Homeland,3,11
21667900,,4675715-21667900-19,4675715,6c519431-d504-43a4-aaa0-9d53cbe9cd3f,Homeland,3,11
21667900,,4675716-21667900-15,4675716,fd942d1b-19d0-4b68-92fc-ff596a14ca20,Homeland,3,12
21667900,,4675716-21667900-18,4675716,fd942d1b-19d0-4b68-92fc-ff596a14ca20,Homeland,3,12
21667900,,4808528-21667900-24,4808528,7a45d429-a43f-4055-abda-4c461ee21f37,Fargo,1,2
21667900,,4808528-21667900-28,4808528,7a45d429-a43f-4055-abda-4c461ee21f37,Fargo,1,2
21667900,,4808528-21667900-25,4808528,7a45d429-a43f-4055-abda-4c461ee21f37,Fargo,1,2
21667900,,4808529-21667900-13,4808529,c2721229-1dad-409a-9cdb-4fc547e60863,Fargo,1,3
21667900,,4808531-21667900-24,4808531,d20c388a-5a44-4386-98f9-cc2bfbfe4b94,Fargo,1,5
21667900,,4808531-21667900-25,4808531,d20c388a-5a44-4386-98f9-cc2bfbfe4b94,Fargo,1,5
21667900,,4808534-21667900-24,4808534,fd53244d-d87f-4c99-8ca3-958d43ec31f6,Fargo,1,7
21667900,,4808534-21667900-25,4808534,fd53244d-d87f-4c99-8ca3-958d43ec31f6,Fargo,1,7
21667900,,4808535-21667900-24,4808535,e1605206-2592-4f6d-afc5-d7ae7c2e69f1,Fargo,1,8
21667900,,4808535-21667900-28,4808535,e1605206-2592-4f6d-afc5-d7ae7c2e69f1,Fargo,1,8
21667900,,4808535-21667900-25,4808535,e1605206-2592-4f6d-afc5-d7ae7c2e69f1,Fargo,1,8
21667900,,4808536-21667900-25,4808536,6c2345a6-66a5-4810-b715-2f740be03c23,Fargo,1,9
21667900,,4808536-21667900-24,4808536,6c2345a6-66a5-4810-b715-2f740be03c23,Fargo,1,9
21667900,,4808536-21667900-15,4808536,6c2345a6-66a5-4810-b715-2f740be03c23,Fargo,1,9
21667900,,4808538-21667900-28,4808538,1f5653c9-b434-4f3d-844f-1e3f6a4aad39,Fargo,1,10
21667900,,4808538-21667900-13,4808538,1f5653c9-b434-4f3d-844f-1e3f6a4aad39,Fargo,1,10
21667900,,4823565-21667900-15,4823565,7d8e757b-76e8-4e2e-a5dd-0a74b24b06c8,Olive Kitteridge,1,1
21667900,,4823565-21667900-21,4823565,7d8e757b-76e8-4e2e-a5dd-0a74b24b06c8,Olive Kitteridge,1,1
21667900,,4823565-21667900-25,4823565,7d8e757b-76e8-4e2e-a5dd-0a74b24b06c8,Olive Kitteridge,1,1
21667900,,4823565-21667900-13,4823565,7d8e757b-76e8-4e2e-a5dd-0a74b24b06c8,Olive Kitteridge,1,1
21667900,,4823566-21667900-25,4823566,0f6a9ad9-400c-4aad-a24b-4777f683269b,Olive Kitteridge,1,2
21667900,,4823566-21667900-13,4823566,0f6a9ad9-400c-4aad-a24b-4777f683269b,Olive Kitteridge,1,2
21667900,,4823567-21667900-15,4823567,090a2604-5ed1-49de-ae88-b0245ee44789,Olive Kitteridge,1,3
21667900,,4823567-21667900-30,4823567,090a2604-5ed1-49de-ae88-b0245ee44789,Olive Kitteridge,1,3
21667900,,4823568-21667900-15,4823568,92a1886d-4b74-466f-a4c3-a6d713d8f836,Olive Kitteridge,1,4
21667900,,4825726-21667900-13,4825726,dfc1a18f-281d-4202-86e2-0913a8548138,Blue Spring Ride,1,1
21667900,,4825726-21667900-19,4825726,dfc1a18f-281d-4202-86e2-0913a8548138,Blue Spring Ride,1,1
21667900,,4866622-21667900-25,4866622,75454d95-3a3b-4626-84c3-96614f7802d6,The Knick,1,1
21667900,,4866622-21667900-22,4866622,75454d95-3a3b-4626-84c3-96614f7802d6,The Knick,1,1
21667900,,4866622-21667900-24,4866622,75454d95-3a3b-4626-84c3-96614f7802d6,The Knick,1,1
21667900,,4930433-21667900-25,4930433,9abfd164-7417-4c68-964b-de0689110a52,The Knick,1,2
21667900,,4930433-21667900-13,4930433,9abfd164-7417-4c68-964b-de0689110a52,The Knick,1,2
21667900,,4930434-21667900-25,4930434,94c6f843-4b4f-48e5-b59b-8fd5d382ee9d,The Knick,1,3
21667900,,4930438-21667900-25,4930438,dc1b469b-f412-46b4-968a-1c96ce0f4d53,The Knick,1,7
21667900,,4930438-21667900-28,4930438,dc1b469b-f412-46b4-968a-1c96ce0f4d53,The Knick,1,7
21667900,,4930438-21667900-24,4930438,dc1b469b-f412-46b4-968a-1c96ce0f4d53,The Knick,1,7
21667900,,4930439-21667900-25,4930439,0418ede8-bf66-48a6-ba33-c6cd1257739d,The Knick,1,8
21667900,,4930439-21667900-24,4930439,0418ede8-bf66-48a6-ba33-c6cd1257739d,The Knick,1,8
21667900,,4930439-21667900-28,4930439,0418ede8-bf66-48a6-ba33-c6cd1257739d,The Knick,1,8
21667900,,4930440-21667900-24,4930440,dcd6725b-f02e-4e72-aaca-3a9079436c03,The Knick,1,9
21667900,,4930441-21667900-24,4930441,edb48930-d8c4-41d6-8062-932c58715609,The Knick,1,10
21667900,,4930441-21667900-15,4930441,edb48930-d8c4-41d6-8062-932c58715609,The Knick,1,10
21667900,,5013326-21667900-19,5013326,1732fe2b-8765-486a-b55d-1dabb6a7fc75,Your Lie in April,1,2
21667900,,5013326-21667900-15,5013326,1732fe2b-8765-486a-b55d-1dabb6a7fc75,Your Lie in April,1,2
21667900,,5013610-21667900-30,5013610,2d5e0523-236b-4c37-a7c7-5649704c29cf,Your Lie in April,1,22
21667900,,5028306-21667900-32,5028306,c9fbac6a-8fef-4bf0-9099-1adc7070e100,The Seven Deadly Sins,1,8
21667900,,5028306-21667900-30,5028306,c9fbac6a-8fef-4bf0-9099-1adc7070e100,The Seven Deadly Sins,1,8
21667900,,5028306-21667900-37,5028306,c9fbac6a-8fef-4bf0-9099-1adc7070e100,The Seven Deadly Sins,1,8
21667900,,5126774-21667900-30,5126774,6d389b7d-57b9-4d7f-b38e-5659567deee1,Better Call Saul,1,6
21667900,,5126774-21667900-28,5126774,6d389b7d-57b9-4d7f-b38e-5659567deee1,Better Call Saul,1,6
21667900,,5126776-21667900-13,5126776,d6df17b4-f70c-481d-976e-0d07f474a883,Better Call Saul,1,8
21667900,,5126776-21667900-25,5126776,d6df17b4-f70c-481d-976e-0d07f474a883,Better Call Saul,1,8
21667900,,5126777-21667900-28,5126777,7600e4ef-d009-49d5-afda-4340dfb116ac,Better Call Saul,1,9
21667900,,5126777-21667900-30,5126777,7600e4ef-d009-49d5-afda-4340dfb116ac,Better Call Saul,1,9
21667900,,5295146-21667900-25,5295146,a7d4bd80-8722-4ab9-9355-415307884eb8,The Knick,2,1
21667900,,5295146-21667900-13,5295146,a7d4bd80-8722-4ab9-9355-415307884eb8,The Knick,2,1
21667900,,5300871-21667900-25,5300871,2a49bcfa-785d-4a86-9096-33c7152a6567,Fargo,2,1
21667900,,5315387-21667900-25,5315387,d371a282-7a8e-4c5e-b59b-86f18c249fda,The Knick,2,2
21667900,,5315387-21667900-28,5315387,d371a282-7a8e-4c5e-b59b-86f18c249fda,The Knick,2,2
21667900,,5315387-21667900-30,5315387,d371a282-7a8e-4c5e-b59b-86f18c249fda,The Knick,2,2
21667900,,5315387-21667900-24,5315387,d371a282-7a8e-4c5e-b59b-86f18c249fda,The Knick,2,2
21667900,,5315387-21667900-15,5315387,d371a282-7a8e-4c5e-b59b-86f18c249fda,The Knick,2,2
21667900,,5315388-21667900-25,5315388,27b8b74d-bbd7-46cb-9923-5aa4a0dc4ebe,The Knick,2,3
21667900,,5315388-21667900-13,5315388,27b8b74d-bbd7-46cb-9923-5aa4a0dc4ebe,The Knick,2,3
21667900,,5315389-21667900-25,5315389,196224eb-5525-43cf-915b-740dfe3d2921,The Knick,2,4
21667900,,5315390-21667900-25,5315390,a3c805a5-7561-439e-8385-91f40c6d89f9,The Knick,2,5
21667900,,5315390-21667900-13,5315390,a3c805a5-7561-439e-8385-91f40c6d89f9,The Knick,2,5
21667900,,5315392-21667900-29,5315392,e561a556-bf3c-4b99-9d66-47174d9a8170,The Knick,2,7
21667900,,5315392-21667900-23,5315392,e561a556-bf3c-4b99-9d66-47174d9a8170,The Knick,2,7
21667900,,5315393-21667900-24,5315393,246f5771-4dff-41d4-8b18-7de04a2ff07d,The Knick,2,8
21667900,,5315393-21667900-28,5315393,246f5771-4dff-41d4-8b18-7de04a2ff07d,The Knick,2,8
21667900,,5315393-21667900-30,5315393,246f5771-4dff-41d4-8b18-7de04a2ff07d,The Knick,2,8
21667900,,5315393-21667900-15,5315393,246f5771-4dff-41d4-8b18-7de04a2ff07d,The Knick,2,8
21667900,,5315394-21667900-24,5315394,b2833e52-8edd-491e-ad2a-dbb7a484cc87,The Knick,2,9
21667900,,5315394-21667900-28,5315394,b2833e52-8edd-491e-ad2a-dbb7a484cc87,The Knick,2,9
21667900,,5315394-21667900-30,5315394,b2833e52-8edd-491e-ad2a-dbb7a484cc87,The Knick,2,9
21667900,,5315394-21667900-15,5315394,b2833e52-8edd-491e-ad2a-dbb7a484cc87,The Knick,2,9
21667900,,5315395-21667900-24,5315395,f0fbf11e-e9c8-4ae1-9b24-8ddaf0c6b8cc,The Knick,2,10
21667900,,5315395-21667900-15,5315395,f0fbf11e-e9c8-4ae1-9b24-8ddaf0c6b8cc,The Knick,2,10
21667900,,5343365-21667900-28,5343365,ba4281b7-c88c-4d85-8f46-c61595058358,Fargo,2,2
21667900,,5344820-21667900-28,5344820,ce378e90-3015-49f0-bdbc-68910f453a6c,Fargo,2,3
21667900,,5344820-21667900-24,5344820,ce378e90-3015-49f0-bdbc-68910f453a6c,Fargo,2,3
21667900,,5344820-21667900-25,5344820,ce378e90-3015-49f0-bdbc-68910f453a6c,Fargo,2,3
21667900,,5364427-21667900-25,5364427,16e8b0db-bf25-4a33-9fa5-abdeeb68617f,The Night Manager,1,1
21667900,,5364427-21667900-13,5364427,16e8b0db-bf25-4a33-9fa5-abdeeb68617f,The Night Manager,1,1
21667900,,5411660-21667900-22,5411660,91948f2f-461a-468d-8e7b-e087870e03d7,Making a Murderer,1,1
21667900,,5434009-21667900-24,5434009,aad8efc2-b0b2-4b17-a4be-0a21ddb2ece7,Making a Murderer,1,2
21667900,,5444137-21667900-18,5444137,26f3d5f8-d3cd-4a84-9277-9de260d9dcce,Quarry,1,2
21667900,,5444137-21667900-15,5444137,26f3d5f8-d3cd-4a84-9277-9de260d9dcce,Quarry,1,2
21667900,,5444137-21667900-19,5444137,26f3d5f8-d3cd-4a84-9277-9de260d9dcce,Quarry,1,2
21667900,,5444138-21667900-28,5444138,f5523303-b734-404e-90f2-4ccf9bcf44c9,Quarry,1,3
21667900,,5444138-21667900-19,5444138,f5523303-b734-404e-90f2-4ccf9bcf44c9,Quarry,1,3
21667900,,5444138-21667900-18,5444138,f5523303-b734-404e-90f2-4ccf9bcf44c9,Quarry,1,3
21667900,,5444139-21667900-18,5444139,df87c986-d492-4e0d-ba99-0862c960a824,Quarry,1,4
21667900,,5444139-21667900-15,5444139,df87c986-d492-4e0d-ba99-0862c960a824,Quarry,1,4
21667900,,5444139-21667900-19,5444139,df87c986-d492-4e0d-ba99-0862c960a824,Quarry,1,4
21667900,,5444140-21667900-28,5444140,fbfd77e4-6b57-4ec3-a478-cd2e22502601,Quarry,1,5
21667900,,5444140-21667900-18,5444140,fbfd77e4-6b57-4ec3-a478-cd2e22502601,Quarry,1,5
21667900,,5444140-21667900-19,5444140,fbfd77e4-6b57-4ec3-a478-cd2e22502601,Quarry,1,5
21667900,,5444141-21667900-13,5444141,f7dd98a9-ea7b-44d4-8166-0ba3f5d15ad8,Quarry,1,6
21667900,,5444141-21667900-18,5444141,f7dd98a9-ea7b-44d4-8166-0ba3f5d15ad8,Quarry,1,6
21667900,,5444141-21667900-19,5444141,f7dd98a9-ea7b-44d4-8166-0ba3f5d15ad8,Quarry,1,6
21667900,,5444141-21667900-28,5444141,f7dd98a9-ea7b-44d4-8166-0ba3f5d15ad8,Quarry,1,6
21667900,,5444142-21667900-19,5444142,96fdbac4-4441-4497-97d0-256a2f278546,Quarry,1,7
21667900,,5444142-21667900-18,5444142,96fdbac4-4441-4497-97d0-256a2f278546,Quarry,1,7
21667900,,5444142-21667900-28,5444142,96fdbac4-4441-4497-97d0-256a2f278546,Quarry,1,7
21667900,,5465991-21667900-30,5465991,a127cbb4-40d6-42ba-bf36-562d94d8d6d1,Erased,1,4
21667900,,5465991-21667900-28,5465991,a127cbb4-40d6-42ba-bf36-562d94d8d6d1,Erased,1,4
21667900,,5465991-21667900-34,5465991,a127cbb4-40d6-42ba-bf36-562d94d8d6d1,Erased,1,4
21667900,,5465993-21667900-30,5465993,c24f5096-6270-4c77-93b8-4afa74563d0b,Erased,1,6
21667900,,5465993-21667900-28,5465993,c24f5096-6270-4c77-93b8-4afa74563d0b,Erased,1,6
21667900,,5465993-21667900-38,5465993,c24f5096-6270-4c77-93b8-4afa74563d0b,Erased,1,6
21667900,,5465993-21667900-15,5465993,c24f5096-6270-4c77-93b8-4afa74563d0b,Erased,1,6
21667900,,5468806-21667900-18,5468806,84a528e1-b3c5-4859-b6c3-0564042901d4,Erased,1,7
21667900,,5468806-21667900-19,5468806,84a528e1-b3c5-4859-b6c3-0564042901d4,Erased,1,7
21667900,,5468807-21667900-18,5468807,aa270621-4b11-48c6-a016-3c5583e1465b,Erased,1,8
21667900,,5468807-21667900-19,5468807,aa270621-4b11-48c6-a016-3c5583e1465b,Erased,1,8
21667900,,5468811-21667900-19,5468811,d21695d2-4546-4b41-adea-9a4143e95ac0,Erased,1,12
21667900,,5468811-21667900-30,5468811,d21695d2-4546-4b41-adea-9a4143e95ac0,Erased,1,12
21667900,,5468811-21667900-13,5468811,d21695d2-4546-4b41-adea-9a4143e95ac0,Erased,1,12
21667900,,5468811-21667900-15,5468811,d21695d2-4546-4b41-adea-9a4143e95ac0,Erased,1,12
21667900,,5468811-21667900-28,5468811,d21695d2-4546-4b41-adea-9a4143e95ac0,Erased,1,12
21667900,,5468811-21667900-18,5468811,d21695d2-4546-4b41-adea-9a4143e95ac0,Erased,1,12
21667900,,5481550-21667900-13,5481550,c9660006-5851-48fc-bd38-92ee5eb6a8d2,The Night Manager,1,2
21667900,,5481550-21667900-25,5481550,c9660006-5851-48fc-bd38-92ee5eb6a8d2,The Night Manager,1,2
21667900,,5481552-21667900-24,5481552,9a627631-f79c-44c8-9d04-3311c348d445,The Night Manager,1,4
21667900,,5481552-21667900-28,5481552,9a627631-f79c-44c8-9d04-3311c348d445,The Night Manager,1,4
21667900,,5481554-21667900-25,5481554,69ddb141-c9c6-48ab-aa05-e471609b0f55,The Night Manager,1,6
21667900,,5481554-21667900-13,5481554,69ddb141-c9c6-48ab-aa05-e471609b0f55,The Night Manager,1,6
21667900,,5541668-21667900-28,5541668,de3b0963-6840-45c3-9f2c-6048119085ee,The Story of God with Morgan Freeman,1,1
21667900,,5541668-21667900-25,5541668,de3b0963-6840-45c3-9f2c-6048119085ee,The Story of God with Morgan Freeman,1,1
21667900,,5541668-21667900-24,5541668,de3b0963-6840-45c3-9f2c-6048119085ee,The Story of God with Morgan Freeman,1,1
21667900,,5563916-21667900-25,5563916,c9062890-c64a-4c4d-be09-c7f4da71234e,The Story of God with Morgan Freeman,1,2
21667900,,5648842-21667900-15,5648842,de966a56-e558-4b4b-bcf1-a4356ec6a945,The Night Of,1,2
21667900,,5648842-21667900-25,5648842,de966a56-e558-4b4b-bcf1-a4356ec6a945,The Night Of,1,2
21667900,,5648842-21667900-30,5648842,de966a56-e558-4b4b-bcf1-a4356ec6a945,The Night Of,1,2
21667900,,5648843-21667900-24,5648843,828276dd-76ad-495e-a239-70f9c3377796,The Night Of,1,3
21667900,,5648843-21667900-25,5648843,828276dd-76ad-495e-a239-70f9c3377796,The Night Of,1,3
21667900,,5648843-21667900-28,5648843,828276dd-76ad-495e-a239-70f9c3377796,The Night Of,1,3
21667900,,5648844-21667900-25,5648844,21bc4cd0-ca7c-42b1-8eb3-b07ec44c2e5c,The Night Of,1,4
21667900,,5648844-21667900-24,5648844,21bc4cd0-ca7c-42b1-8eb3-b07ec44c2e5c,The Night Of,1,4
21667900,,5649281-21667900-13,5649281,2994d7ad-b771-4e57-9a85-a765586a5ac5,The Good Place,1,2
21667900,,5649282-21667900-13,5649282,62bb4dd5-4c7b-4b6f-86f9-f3c8b1ab6a43,The Good Place,1,3
21667900,,5649282-21667900-25,5649282,62bb4dd5-4c7b-4b6f-86f9-f3c8b1ab6a43,The Good Place,1,3
21667900,,5657623-21667900-28,5657623,ba78d8c6-643d-48e4-90df-33cce20a4458,The Night Of,1,6
21667900,,5657623-21667900-24,5657623,ba78d8c6-643d-48e4-90df-33cce20a4458,The Night Of,1,6
21667900,,5657623-21667900-25,5657623,ba78d8c6-643d-48e4-90df-33cce20a4458,The Night Of,1,6
21667900,,5657624-21667900-24,5657624,5de024a4-5a7a-422f-bd05-75ee0fe6d475,The Night Of,1,7
21667900,,5657624-21667900-25,5657624,5de024a4-5a7a-422f-bd05-75ee0fe6d475,The Night Of,1,7
21667900,,5657624-21667900-28,5657624,5de024a4-5a7a-422f-bd05-75ee0fe6d475,The Night Of,1,7
21667900,,5657625-21667900-30,5657625,6cbbbf3d-8a25-4c25-977e-0394c849774b,The Night Of,1,8
21667900,,5657625-21667900-15,5657625,6cbbbf3d-8a25-4c25-977e-0394c849774b,The Night Of,1,8
21667900,,5657625-21667900-13,5657625,6cbbbf3d-8a25-4c25-977e-0394c849774b,The Night Of,1,8
21667900,,5657625-21667900-25,5657625,6cbbbf3d-8a25-4c25-977e-0394c849774b,The Night Of,1,8
21667900,,5692427-21667900-18,5692427,fb8239e5-1704-49f8-9078-14323ea6ad8c,Black Mirror,3,1
21667900,,5692427-21667900-13,5692427,fb8239e5-1704-49f8-9078-14323ea6ad8c,Black Mirror,3,1
21667900,,5692430-21667900-18,5692430,d7554a7e-3fac-45ce-af67-366a9431dd5f,Black Mirror,3,2
21667900,,5692430-21667900-15,5692430,d7554a7e-3fac-45ce-af67-366a9431dd5f,Black Mirror,3,2
21667900,,5692430-21667900-30,5692430,d7554a7e-3fac-45ce-af67-366a9431dd5f,Black Mirror,3,2
21667900,,5692430-21667900-28,5692430,d7554a7e-3fac-45ce-af67-366a9431dd5f,Black Mirror,3,2
21667900,,5755261-21667900-37,5755261,50b2ffb1-3436-4aff-8c44-375a9046f241,The Fall,3,3
21667900,,5782727-21667900-13,5782727,cdd8d845-14f8-4378-b1a2-1025a31e15ef,Beyond,1,1
21667900,,5782728-21667900-13,5782728,7072859b-ca66-48d7-b8f4-e05df084f050,Beyond,1,2
21667900,,5782728-21667900-25,5782728,7072859b-ca66-48d7-b8f4-e05df084f050,Beyond,1,2
21667900,,5782729-21667900-13,5782729,37f4fb2f-338c-4523-b681-0485c08aec35,Beyond,1,3
21667900,,5782729-21667900-25,5782729,37f4fb2f-338c-4523-b681-0485c08aec35,Beyond,1,3
21667900,,5782731-21667900-24,5782731,7844ae12-91e8-4dc3-978e-bba3fd3acb06,Beyond,1,5
21667900,,5818942-21667900-13,5818942,cb48d700-843c-474f-a8f3-ada19a267835,The Good Place,1,10
21667900,,5845667-21667900-19,5845667,7e3eafca-5acb-4fcb-87be-cb7efe8a93bc,Scum's Wish,1,1
21667900,,5904847-21667900-24,5904847,7c551975-6c66-4fa8-bdba-c1b518cf1cd5,The Good Place,1,13
21667900,,5904847-21667900-13,5904847,7c551975-6c66-4fa8-bdba-c1b518cf1cd5,The Good Place,1,13
21667900,,5906286-21667900-18,5906286,e9b0e36e-85cb-4b73-b1d3-24c93b2ef6cf,Scum's Wish,1,2
21667900,,5906287-21667900-19,5906287,211fb53c-b4f6-4ef0-93dc-c62c37f9f17b,Scum's Wish,1,3
21667900,,5906287-21667900-15,5906287,211fb53c-b4f6-4ef0-93dc-c62c37f9f17b,Scum's Wish,1,3
21667900,,5906287-21667900-18,5906287,211fb53c-b4f6-4ef0-93dc-c62c37f9f17b,Scum's Wish,1,3
21667900,,5906288-21667900-15,5906288,8d219259-4d6e-48b1-8b50-352a7cfb9b06,Scum's Wish,1,4
21667900,,5906288-21667900-18,5906288,8d219259-4d6e-48b1-8b50-352a7cfb9b06,Scum's Wish,1,4
21667900,,5906288-21667900-30,5906288,8d219259-4d6e-48b1-8b50-352a7cfb9b06,Scum's Wish,1,4
21667900,,5906288-21667900-27,5906288,8d219259-4d6e-48b1-8b50-352a7cfb9b06,Scum's Wish,1,4
21667900,,5906288-21667900-28,5906288,8d219259-4d6e-48b1-8b50-352a7cfb9b06,Scum's Wish,1,4
21667900,,5906288-21667900-29,5906288,8d219259-4d6e-48b1-8b50-352a7cfb9b06,Scum's Wish,1,4
21667900,,5937312-21667900-25,5937312,985926b0-b97f-4612-aa9a-cd6842d99f7c,House of Cards (US),5,2
21667900,,5937312-21667900-13,5937312,985926b0-b97f-4612-aa9a-cd6842d99f7c,House of Cards (US),5,2
21667900,,5937312-21667900-28,5937312,985926b0-b97f-4612-aa9a-cd6842d99f7c,House of Cards (US),5,2
21667900,,5937312-21667900-24,5937312,985926b0-b97f-4612-aa9a-cd6842d99f7c,House of Cards (US),5,2
21667900,,6104951-21667900-24,6104951,b2095a00-c1e6-4ed8-8177-88c6eba63529,Ozark,1,1
21667900,,6104951-21667900-25,6104951,b2095a00-c1e6-4ed8-8177-88c6eba63529,Ozark,1,1
21667900,,6141745-21667900-13,6141745,6330fd17-3fc4-4c26-8207-ed45b0718d11,The Good Place,2,2
21667900,,6141748-21667900-13,6141748,dc0b3f5c-d767-4eff-9531-831de2a2c8eb,The Good Place,2,5
21667900,,6141751-21667900-13,6141751,7f78f483-8af1-4215-8a01-e660b7c2a791,The Good Place,2,8
21667900,,6141751-21667900-24,6141751,7f78f483-8af1-4215-8a01-e660b7c2a791,The Good Place,2,8
21667900,,6172291-21667900-13,6172291,2afd5ba2-8003-46c8-b803-1cebc6eb8127,Ozark,1,3
21667900,,6172295-21667900-24,6172295,3bb3af31-5dca-4315-a4d8-ca30f60b0acb,Ozark,1,7
21667900,,6172296-21667900-25,6172296,e5cf8ab5-9802-4604-8770-8b98b2b7e523,Ozark,1,8
21667900,,6172296-21667900-38,6172296,e5cf8ab5-9802-4604-8770-8b98b2b7e523,Ozark,1,8
21667900,,6172297-21667900-30,6172297,abb7dc22-46b7-4640-b57b-59439490eac8,Ozark,1,9
21667900,,6172297-21667900-15,6172297,abb7dc22-46b7-4640-b57b-59439490eac8,Ozark,1,9
21667900,,6172297-21667900-13,6172297,abb7dc22-46b7-4640-b57b-59439490eac8,Ozark,1,9
21667900,,6172297-21667900-25,6172297,abb7dc22-46b7-4640-b57b-59439490eac8,Ozark,1,9
21667900,,6215632-21667900-13,6215632,64e54a4e-f1ff-4e6e-a89a-56b0e034b533,The Good Place,2,9
21667900,,6215632-21667900-30,6215632,64e54a4e-f1ff-4e6e-a89a-56b0e034b533,The Good Place,2,9
21667900,,6215635-21667900-13,6215635,4612df41-005f-427d-8eab-3ebac891d09f,The Good Place,2,11
21667900,,6352961-21667900-28,6352961,75be05f0-9c02-4b5f-bed0-c5bccc58f35c,Babylon Berlin,1,2
21667900,,6352961-21667900-24,6352961,75be05f0-9c02-4b5f-bed0-c5bccc58f35c,Babylon Berlin,1,2
21667900,,6352961-21667900-25,6352961,75be05f0-9c02-4b5f-bed0-c5bccc58f35c,Babylon Berlin,1,2
21667900,,6352962-21667900-25,6352962,b2e628c8-fea7-4487-8dc7-a96eb3901910,Babylon Berlin,1,3
21667900,,6352962-21667900-21,6352962,b2e628c8-fea7-4487-8dc7-a96eb3901910,Babylon Berlin,1,3
21667900,,6485190-21667900-15,6485190,4183052c-1421-4115-af1a-b8465cb7d3f1,This Is Us,2,14
21667900,,6504114-21667900-28,6504114,b824890b-7138-4e16-9dd2-e9e199d62c98,The Seven Deadly Sins,2,14
21667900,,6504114-21667900-37,6504114,b824890b-7138-4e16-9dd2-e9e199d62c98,The Seven Deadly Sins,2,14
21667900,,6504120-21667900-28,6504120,d59b9863-83b5-44fe-9b21-4fbf289122fe,The Seven Deadly Sins,2,20
21667900,,6504120-21667900-30,6504120,d59b9863-83b5-44fe-9b21-4fbf289122fe,The Seven Deadly Sins,2,20
21667900,,6510565-21667900-18,6510565,7c326e98-4be3-4359-9b7c-2d55ae91ddf2,DARLING in the FRANXX,1,24
21667900,,6510565-21667900-13,6510565,7c326e98-4be3-4359-9b7c-2d55ae91ddf2,DARLING in the FRANXX,1,24
21667900,,6510565-21667900-15,6510565,7c326e98-4be3-4359-9b7c-2d55ae91ddf2,DARLING in the FRANXX,1,24
21667900,,6538598-21667900-38,6538598,90e4f62e-2b88-4c99-934d-a2764a42723c,Westworld,2,1
21667900,,6538598-21667900-28,6538598,90e4f62e-2b88-4c99-934d-a2764a42723c,Westworld,2,1
21667900,,6545669-21667900-19,6545669,a1d934a5-6cf9-428d-b93e-bbea1b466fbc,Tom Clancy's Jack Ryan,1,4
21667900,,6545669-21667900-15,6545669,a1d934a5-6cf9-428d-b93e-bbea1b466fbc,Tom Clancy's Jack Ryan,1,4
21667900,,6545669-21667900-18,6545669,a1d934a5-6cf9-428d-b93e-bbea1b466fbc,Tom Clancy's Jack Ryan,1,4
21667900,,6578537-21667900-19,6578537,e665f1a9-9cbd-46fb-86ae-ff9fc99d812f,Lucifer,3,24
21667900,,6578537-21667900-13,6578537,e665f1a9-9cbd-46fb-86ae-ff9fc99d812f,Lucifer,3,24
21667900,,6578537-21667900-18,6578537,e665f1a9-9cbd-46fb-86ae-ff9fc99d812f,Lucifer,3,24
21667900,,6711743-21667900-19,6711743,e2ff3fe6-70b7-4098-93cd-1a2fef951f95,Gentleman Jack,1,1
21667900,,6711743-21667900-13,6711743,e2ff3fe6-70b7-4098-93cd-1a2fef951f95,Gentleman Jack,1,1
21667900,,6735146-21667900-25,6735146,6fe7a22a-5966-4e0c-b932-a3620b672ca9,Ozark,2,1
21667900,,6735146-21667900-13,6735146,6fe7a22a-5966-4e0c-b932-a3620b672ca9,Ozark,2,1
21667900,,6775604-21667900-18,6775604,4d01f038-4199-443d-8189-4526110882cf,Tom Clancy's Jack Ryan,1,5
21667900,,6775604-21667900-19,6775604,4d01f038-4199-443d-8189-4526110882cf,Tom Clancy's Jack Ryan,1,5
21667900,,6775605-21667900-18,6775605,0de37604-ed69-4ffd-97f3-13c89ecb1bcf,Tom Clancy's Jack Ryan,1,6
21667900,,6775606-21667900-28,6775606,14ff63a7-461c-45ab-9bc7-ae8a9614b2ee,Tom Clancy's Jack Ryan,1,7
21667900,,6775607-21667900-19,6775607,e565a5ac-c5b3-4fca-aeaf-5acaba74dc49,Tom Clancy's Jack Ryan,1,8
21667900,,6775607-21667900-18,6775607,e565a5ac-c5b3-4fca-aeaf-5acaba74dc49,Tom Clancy's Jack Ryan,1,8
21667900,,6775607-21667900-13,6775607,e565a5ac-c5b3-4fca-aeaf-5acaba74dc49,Tom Clancy's Jack Ryan,1,8
21667900,,6775607-21667900-28,6775607,e565a5ac-c5b3-4fca-aeaf-5acaba74dc49,Tom Clancy's Jack Ryan,1,8
21667900,,6778614-21667900-13,6778614,177def34-de4d-437e-a22d-19aee0ae89dd,Ozark,2,3
21667900,,6778614-21667900-25,6778614,177def34-de4d-437e-a22d-19aee0ae89dd,Ozark,2,3
21667900,,6778619-21667900-28,6778619,67c2a5db-2c9d-42c5-b848-e84eba7e3bf4,Ozark,2,5
21667900,,6778620-21667900-24,6778620,5aac0ca5-477e-45b0-9514-ed888c999268,Ozark,2,6
21667900,,6778622-21667900-30,6778622,8c51acb4-94de-4050-b917-6c8da0de78ea,Ozark,2,7
21667900,,6778622-21667900-28,6778622,8c51acb4-94de-4050-b917-6c8da0de78ea,Ozark,2,7
21667900,,6778622-21667900-15,6778622,8c51acb4-94de-4050-b917-6c8da0de78ea,Ozark,2,7
21667900,,6778622-21667900-24,6778622,8c51acb4-94de-4050-b917-6c8da0de78ea,Ozark,2,7
21667900,,6778625-21667900-15,6778625,127251f8-d416-4fa7-8f8a-e08fdd727c8e,Ozark,2,9
21667900,,6778625-21667900-30,6778625,127251f8-d416-4fa7-8f8a-e08fdd727c8e,Ozark,2,9
21667900,,6778625-21667900-24,6778625,127251f8-d416-4fa7-8f8a-e08fdd727c8e,Ozark,2,9
21667900,,6778625-21667900-28,6778625,127251f8-d416-4fa7-8f8a-e08fdd727c8e,Ozark,2,9
21667900,,6783481-21667900-18,6783481,ebc2685c-c11d-4b6b-ad66-79b5765fa886,Lucifer,4,1
21667900,,6783481-21667900-19,6783481,ebc2685c-c11d-4b6b-ad66-79b5765fa886,Lucifer,4,1
21667900,,6783481-21667900-15,6783481,ebc2685c-c11d-4b6b-ad66-79b5765fa886,Lucifer,4,1
21667900,,6809752-21667900-28,6809752,1989cfa4-418e-4edc-ab7e-4b7720247334,Lucifer,4,2
21667900,,6809752-21667900-19,6809752,1989cfa4-418e-4edc-ab7e-4b7720247334,Lucifer,4,2
21667900,,6809752-21667900-18,6809752,1989cfa4-418e-4edc-ab7e-4b7720247334,Lucifer,4,2
21667900,,6813799-21667900-18,6813799,eae8926e-9793-402d-8259-a3b1cb9277a4,Lucifer,4,3
21667900,,6813799-21667900-19,6813799,eae8926e-9793-402d-8259-a3b1cb9277a4,Lucifer,4,3
21667900,,6827062-21667900-18,6827062,a986c070-53e3-4838-927f-e46ec04c7d71,Rascal Does Not Dream of Bunny Girl Senpai,1,2
21667900,,6827062-21667900-19,6827062,a986c070-53e3-4838-927f-e46ec04c7d71,Rascal Does Not Dream of Bunny Girl Senpai,1,2
21667900,,6827062-21667900-13,6827062,a986c070-53e3-4838-927f-e46ec04c7d71,Rascal Does Not Dream of Bunny Girl Senpai,1,2
21667900,,6827063-21667900-18,6827063,b7c5cb59-21b8-464b-95c0-cdf01d86a767,Rascal Does Not Dream of Bunny Girl Senpai,1,3
21667900,,6827063-21667900-13,6827063,b7c5cb59-21b8-464b-95c0-cdf01d86a767,Rascal Does Not Dream of Bunny Girl Senpai,1,3
21667900,,6827063-21667900-19,6827063,b7c5cb59-21b8-464b-95c0-cdf01d86a767,Rascal Does Not Dream of Bunny Girl Senpai,1,3
21667900,,6827064-21667900-18,6827064,0ed2bc2e-566a-45df-b8ec-ffdfb3effb41,Rascal Does Not Dream of Bunny Girl Senpai,1,4
21667900,,6827065-21667900-18,6827065,d927f81f-c507-41b8-8a7a-e594757078cf,Rascal Does Not Dream of Bunny Girl Senpai,1,5
21667900,,6827065-21667900-28,6827065,d927f81f-c507-41b8-8a7a-e594757078cf,Rascal Does Not Dream of Bunny Girl Senpai,1,5
21667900,,6827065-21667900-19,6827065,d927f81f-c507-41b8-8a7a-e594757078cf,Rascal Does Not Dream of Bunny Girl Senpai,1,5
21667900,,6827066-21667900-18,6827066,e508815d-16fc-4b3e-b75b-a588524a53b7,Rascal Does Not Dream of Bunny Girl Senpai,1,6
21667900,,6827066-21667900-19,6827066,e508815d-16fc-4b3e-b75b-a588524a53b7,Rascal Does Not Dream of Bunny Girl Senpai,1,6
21667900,,6827068-21667900-19,6827068,ffaf13e5-a9cd-4b6b-af43-fc0aaf4e6e03,Rascal Does Not Dream of Bunny Girl Senpai,1,9
21667900,,6827068-21667900-18,6827068,ffaf13e5-a9cd-4b6b-af43-fc0aaf4e6e03,Rascal Does Not Dream of Bunny Girl Senpai,1,9
21667900,,6827068-21667900-13,6827068,ffaf13e5-a9cd-4b6b-af43-fc0aaf4e6e03,Rascal Does Not Dream of Bunny Girl Senpai,1,9
21667900,,6827068-21667900-28,6827068,ffaf13e5-a9cd-4b6b-af43-fc0aaf4e6e03,Rascal Does Not Dream of Bunny Girl Senpai,1,9
21667900,,6827069-21667900-13,6827069,4000e68a-2967-451f-9deb-26f9f58224d9,Rascal Does Not Dream of Bunny Girl Senpai,1,8
21667900,,6827069-21667900-19,6827069,4000e68a-2967-451f-9deb-26f9f58224d9,Rascal Does Not Dream of Bunny Girl Senpai,1,8
21667900,,6866370-21667900-25,6866370,a154a5b6-b232-43bb-99bb-eae9583cc88c,Les Misérables (2018),1,1
21667900,,6866370-21667900-15,6866370,a154a5b6-b232-43bb-99bb-eae9583cc88c,Les Misérables (2018),1,1
21667900,,6866370-21667900-30,6866370,a154a5b6-b232-43bb-99bb-eae9583cc88c,Les Misérables (2018),1,1
21667900,,6866371-21667900-30,6866371,333c3aa4-dc05-45ee-b2cc-de0e2dbe74d5,Les Misérables (2018),1,2
21667900,,6866371-21667900-15,6866371,333c3aa4-dc05-45ee-b2cc-de0e2dbe74d5,Les Misérables (2018),1,2
21667900,,6866372-21667900-15,6866372,0021c965-bb1e-4a35-b5c8-d4ef93e4f364,Les Misérables (2018),1,3
21667900,,6866374-21667900-15,6866374,7dc03f6b-adf8-426a-adb2-2745165cb064,Les Misérables (2018),1,4
21667900,,6866374-21667900-24,6866374,7dc03f6b-adf8-426a-adb2-2745165cb064,Les Misérables (2018),1,4
21667900,,6866374-21667900-25,6866374,7dc03f6b-adf8-426a-adb2-2745165cb064,Les Misérables (2018),1,4
21667900,,6866375-21667900-25,6866375,2c870c50-9885-4234-8acf-74e7741584e6,Les Misérables (2018),1,5
21667900,,6866375-21667900-15,6866375,2c870c50-9885-4234-8acf-74e7741584e6,Les Misérables (2018),1,5
21667900,,6866376-21667900-25,6866376,60a34cdc-47e5-48e8-b3de-b964bc33d895,Les Misérables (2018),1,6
21667900,,6866376-21667900-15,6866376,60a34cdc-47e5-48e8-b3de-b964bc33d895,Les Misérables (2018),1,6
21667900,,6895534-21667900-13,6895534,9b421349-f827-47f1-a695-fb884062c970,Rascal Does Not Dream of Bunny Girl Senpai,1,13
21667900,,6895534-21667900-19,6895534,9b421349-f827-47f1-a695-fb884062c970,Rascal Does Not Dream of Bunny Girl Senpai,1,13
21667900,,6895534-21667900-15,6895534,9b421349-f827-47f1-a695-fb884062c970,Rascal Does Not Dream of Bunny Girl Senpai,1,13
21667900,,6933996-21667900-24,6933996,ef2972b9-b8d2-4751-a29c-6bad21d242f7,Stranger Things,3,2
21667900,,6933996-21667900-28,6933996,ef2972b9-b8d2-4751-a29c-6bad21d242f7,Stranger Things,3,2
21667900,,6933997-21667900-25,6933997,be02ebc8-b4cc-46f5-9e38-2a4b8c8fef5c,Stranger Things,3,3
21667900,,6933998-21667900-28,6933998,ec69a630-dce4-4edf-ae91-457a786764b1,Stranger Things,3,4
21667900,,6933998-21667900-25,6933998,ec69a630-dce4-4edf-ae91-457a786764b1,Stranger Things,3,4
21667900,,6933998-21667900-34,6933998,ec69a630-dce4-4edf-ae91-457a786764b1,Stranger Things,3,4
21667900,,6934000-21667900-28,6934000,1bccfdbe-766b-4325-abc1-234e991a2372,Stranger Things,3,5
21667900,,6934001-21667900-28,6934001,44d933cc-93c4-4693-93da-79fdeee25967,Stranger Things,3,6
21667900,,7036361-21667900-24,7036361,0c1a30ee-fc50-472c-b186-18f8e7c467c8,The Handmaid's Tale,3,1
21667900,,7036361-21667900-28,7036361,0c1a30ee-fc50-472c-b186-18f8e7c467c8,The Handmaid's Tale,3,1
21667900,,7036371-21667900-30,7036371,8d775c3a-211b-46e2-9f14-71ca8fece6db,The Handmaid's Tale,3,4
21667900,,7036371-21667900-28,7036371,8d775c3a-211b-46e2-9f14-71ca8fece6db,The Handmaid's Tale,3,4
21667900,,7043116-21667900-30,7043116,73a1ba1c-13a1-44f6-bc5b-f07cf85252d2,This Is Us,3,16
21667900,,7067815-21667900-19,7067815,168961c7-26ff-4646-b276-2ec076c10057,Looking for Alaska,1,1
21667900,,7075645-21667900-25,7075645,bcfc9ae5-baad-42b1-b076-49fa7f871b2e,Harlots,3,1
21667900,,7075645-21667900-13,7075645,bcfc9ae5-baad-42b1-b076-49fa7f871b2e,Harlots,3,1
21667900,,7082952-21667900-24,7082952,725948f3-a5f2-4a86-89ac-617c67702fe0,Chernobyl,1,1
21667900,,7082952-21667900-15,7082952,725948f3-a5f2-4a86-89ac-617c67702fe0,Chernobyl,1,1
21667900,,7098403-21667900-15,7098403,1c128646-f4a7-447b-96b9-d95b3690cdd4,Killing Eve,2,4
21667900,,7098403-21667900-30,7098403,1c128646-f4a7-447b-96b9-d95b3690cdd4,Killing Eve,2,4
21667900,,7112030-21667900-18,7112030,474ba4d9-5ecf-455f-abff-43a6c65dfcb5,Spinning Out,1,6
21667900,,7112031-21667900-19,7112031,6461a8d8-9b0f-40a9-b560-72004e3e3fe6,Spinning Out,1,7
21667900,,7112037-21667900-28,7112037,b8412527-304e-4b2f-a26e-ec88145e7576,Spinning Out,1,9
21667900,,7116984-21667900-28,7116984,ec442046-6b62-4291-b34f-2c3590807fae,Chernobyl,1,4
21667900,,7116984-21667900-30,7116984,ec442046-6b62-4291-b34f-2c3590807fae,Chernobyl,1,4
21667900,,7116987-21667900-34,7116987,368e8004-b050-4452-9f11-279250fb94a8,Chernobyl,1,5
21667900,,7116987-21667900-28,7116987,368e8004-b050-4452-9f11-279250fb94a8,Chernobyl,1,5
21667900,,7116987-21667900-15,7116987,368e8004-b050-4452-9f11-279250fb94a8,Chernobyl,1,5
21667900,,7116987-21667900-30,7116987,368e8004-b050-4452-9f11-279250fb94a8,Chernobyl,1,5
21667900,,7121402-21667900-28,7121402,23c2800b-dd6a-4e35-bf2d-344970e096af,Game of Thrones,8,3
21667900,,7123648-21667900-25,7123648,5da40a49-23d3-4c31-bd6b-15af1869412a,Killing Eve,2,7
21667900,,7123654-21667900-28,7123654,010c02dd-9153-4069-941c-f351483824ab,Killing Eve,2,8
21667900,,7129613-21667900-28,7129613,465779f2-72e7-429a-afd0-d00bec1f8da8,The Loudest Voice,1,1
21667900,,7133857-21667900-28,7133857,1d44c494-9046-4c04-89ea-a5d9acaf8353,The Mandalorian,1,1
21667900,,7191325-21667900-24,7191325,c5a015f6-c61b-4d73-aaa5-22976fc88673,Euphoria (US),1,3
21667900,,7194979-21667900-28,7194979,22ce9801-5968-4570-bf12-e7980ec3853a,Euphoria (US),1,6
21667900,,7194979-21667900-25,7194979,22ce9801-5968-4570-bf12-e7980ec3853a,Euphoria (US),1,6
21667900,,7194979-21667900-24,7194979,22ce9801-5968-4570-bf12-e7980ec3853a,Euphoria (US),1,6
21667900,,7194979-21667900-15,7194979,22ce9801-5968-4570-bf12-e7980ec3853a,Euphoria (US),1,6
21667900,,7194979-21667900-30,7194979,22ce9801-5968-4570-bf12-e7980ec3853a,Euphoria (US),1,6
21667900,,7221011-21667900-18,7221011,7804470e-367d-4589-885f-a15ba217393c,The Loudest Voice,1,5
21667900,,7221012-21667900-28,7221012,199ccc8e-1506-41ce-b6ca-ffecde56bc94,The Loudest Voice,1,4
21667900,,7221013-21667900-19,7221013,6d8ad694-9571-446e-ac74-b6c1807d10ba,The Loudest Voice,1,3
21667900,,7221013-21667900-18,7221013,6d8ad694-9571-446e-ac74-b6c1807d10ba,The Loudest Voice,1,3
21667900,,7221013-21667900-28,7221013,6d8ad694-9571-446e-ac74-b6c1807d10ba,The Loudest Voice,1,3
21667900,,7221014-21667900-18,7221014,847e22c6-d113-4320-93bb-3ad1f90c215b,The Loudest Voice,1,2
21667900,,7221014-21667900-19,7221014,847e22c6-d113-4320-93bb-3ad1f90c215b,The Loudest Voice,1,2
21667900,,7223774-21667900-30,7223774,7791f302-e5a8-4f0d-abfc-757b157ee85a,Chernobyl,1,3
21667900,,7223774-21667900-28,7223774,7791f302-e5a8-4f0d-abfc-757b157ee85a,Chernobyl,1,3
21667900,,7223774-21667900-24,7223774,7791f302-e5a8-4f0d-abfc-757b157ee85a,Chernobyl,1,3
21667900,,7223961-21667900-28,7223961,47c615ad-6be8-4001-9013-866e72ebf8e6,Big Little Lies,2,4
21667900,,7228433-21667900-28,7228433,23a8bcd1-025e-4bb5-8871-83ad21b78330,Big Little Lies,2,6
21667900,,7228433-21667900-25,7228433,23a8bcd1-025e-4bb5-8871-83ad21b78330,Big Little Lies,2,6
21667900,,7228433-21667900-30,7228433,23a8bcd1-025e-4bb5-8871-83ad21b78330,Big Little Lies,2,6
21667900,,7228433-21667900-15,7228433,23a8bcd1-025e-4bb5-8871-83ad21b78330,Big Little Lies,2,6
21667900,,7228433-21667900-24,7228433,23a8bcd1-025e-4bb5-8871-83ad21b78330,Big Little Lies,2,6
21667900,,7240720-21667900-19,7240720,dc464fb5-4723-455c-accb-75281cbdf84c,This Is Us,4,1
21667900,,7241233-21667900-15,7241233,54fa4ee2-2afc-4c24-809a-4cd2e513416f,Euphoria (US),1,8
21667900,,7244100-21667900-28,7244100,6ff8d96f-3c91-4748-88c6-6c2b6e5ed136,Vinland Saga,1,4
21667900,,7244100-21667900-30,7244100,6ff8d96f-3c91-4748-88c6-6c2b6e5ed136,Vinland Saga,1,4
21667900,,7244100-21667900-15,7244100,6ff8d96f-3c91-4748-88c6-6c2b6e5ed136,Vinland Saga,1,4
21667900,,7244100-21667900-18,7244100,6ff8d96f-3c91-4748-88c6-6c2b6e5ed136,Vinland Saga,1,4
21667900,,7271099-21667900-25,7271099,7555951c-2cf8-4e54-b235-e9b16f5cf480,Harlots,3,2
21667900,,7271099-21667900-13,7271099,7555951c-2cf8-4e54-b235-e9b16f5cf480,Harlots,3,2
21667900,,7277003-21667900-28,7277003,f327d695-b69f-415c-89a0-81e952204ab3,MINDHUNTER,2,1
21667900,,7288509-21667900-30,7288509,bfd17948-8804-4aa9-9c65-6b268f1444fe,Unbelievable,1,1
21667900,,7288509-21667900-28,7288509,bfd17948-8804-4aa9-9c65-6b268f1444fe,Unbelievable,1,1
21667900,,7288526-21667900-18,7288526,e1eecdd9-f218-4f4e-a0f8-e49a370bcebc,Unbelievable,1,5
21667900,,7288526-21667900-15,7288526,e1eecdd9-f218-4f4e-a0f8-e49a370bcebc,Unbelievable,1,5
21667900,,7288530-21667900-30,7288530,9bbdd9c8-ea57-4dd1-bfa2-e82728b7a855,Unbelievable,1,6
21667900,,7288530-21667900-28,7288530,9bbdd9c8-ea57-4dd1-bfa2-e82728b7a855,Unbelievable,1,6
21667900,,7288537-21667900-28,7288537,c4315d74-7f45-4dbd-aa03-decc7f50631c,Unbelievable,1,7
21667900,,7288537-21667900-30,7288537,c4315d74-7f45-4dbd-aa03-decc7f50631c,Unbelievable,1,7
21667900,,7288543-21667900-28,7288543,a0320b09-6ecf-4f31-9f1a-66375593d6cb,Unbelievable,1,8
21667900,,7288543-21667900-18,7288543,a0320b09-6ecf-4f31-9f1a-66375593d6cb,Unbelievable,1,8
21667900,,7288543-21667900-30,7288543,a0320b09-6ecf-4f31-9f1a-66375593d6cb,Unbelievable,1,8
21667900,,7290837-21667900-13,7290837,96c1e6e5-df3b-4c39-a60e-5bc41cb3bcb8,Big Little Lies,2,7
21667900,,7290837-21667900-28,7290837,96c1e6e5-df3b-4c39-a60e-5bc41cb3bcb8,Big Little Lies,2,7
21667900,,7293190-21667900-19,7293190,00430949-c43e-478e-b410-b4280296f333,The Man in the High Castle,4,1
21667900,,7314594-21667900-24,7314594,bf94812b-a2f1-4289-a8f2-c48be94146fd,MINDHUNTER,2,8
21667900,,7314594-21667900-28,7314594,bf94812b-a2f1-4289-a8f2-c48be94146fd,MINDHUNTER,2,8
21667900,,7319124-21667900-18,7319124,4fef22a6-07a5-43b3-a004-2a1d4c442bfb,The Crown,3,1
21667900,,7319124-21667900-28,7319124,4fef22a6-07a5-43b3-a004-2a1d4c442bfb,The Crown,3,1
21667900,,7323041-21667900-24,7323041,358dad4d-2994-4b75-beeb-cc971747f242,MINDHUNTER,2,9
21667900,,7325436-21667900-18,7325436,2d696c85-5cf2-4045-b0db-527e5d1a157b,Mrs. Fletcher,1,1
21667900,,7325436-21667900-19,7325436,2d696c85-5cf2-4045-b0db-527e5d1a157b,Mrs. Fletcher,1,1
21667900,,7328134-21667900-15,7328134,410f6048-23bf-4e80-99e3-d852af0d8dad,13 Reasons Why,3,2
21667900,,7328134-21667900-24,7328134,410f6048-23bf-4e80-99e3-d852af0d8dad,13 Reasons Why,3,2
21667900,,7328134-21667900-25,7328134,410f6048-23bf-4e80-99e3-d852af0d8dad,13 Reasons Why,3,2
21667900,,7328142-21667900-24,7328142,a377d4d0-ef37-44c5-8397-f0cf75df5adc,13 Reasons Why,3,5
21667900,,7328151-21667900-28,7328151,1908bacc-fb24-4163-82f1-88a46c4e9599,13 Reasons Why,3,8
21667900,,7328151-21667900-30,7328151,1908bacc-fb24-4163-82f1-88a46c4e9599,13 Reasons Why,3,8
21667900,,7328155-21667900-30,7328155,503c183d-05a4-4098-96fc-bfc240be481e,13 Reasons Why,3,9
21667900,,7328155-21667900-28,7328155,503c183d-05a4-4098-96fc-bfc240be481e,13 Reasons Why,3,9
21667900,,7328159-21667900-30,7328159,a9f92bd7-73af-46cf-87ba-fa7e04f44a63,13 Reasons Why,3,10
21667900,,7328159-21667900-28,7328159,a9f92bd7-73af-46cf-87ba-fa7e04f44a63,13 Reasons Why,3,10
21667900,,7328159-21667900-15,7328159,a9f92bd7-73af-46cf-87ba-fa7e04f44a63,13 Reasons Why,3,10
21667900,,7328170-21667900-30,7328170,1b91b655-55d7-4e12-9034-5f11769c4c24,13 Reasons Why,3,12
21667900,,7328170-21667900-28,7328170,1b91b655-55d7-4e12-9034-5f11769c4c24,13 Reasons Why,3,12
21667900,,7328170-21667900-38,7328170,1b91b655-55d7-4e12-9034-5f11769c4c24,13 Reasons Why,3,12
21667900,,7328174-21667900-30,7328174,04d9c84a-417a-4118-a066-3cde65d286fc,13 Reasons Why,3,13
21667900,,7328174-21667900-28,7328174,04d9c84a-417a-4118-a066-3cde65d286fc,13 Reasons Why,3,13
21667900,,7337980-21667900-28,7337980,0f1f6e2e-26b9-4d1b-b87a-72a387097571,This Is Us,4,2
21667900,,7337980-21667900-30,7337980,0f1f6e2e-26b9-4d1b-b87a-72a387097571,This Is Us,4,2
21667900,,7344283-21667900-14,7344283,dc590034-0756-4b8c-918b-39b0e51a7a14,Watchmen,1,1
21667900,,7347093-21667900-15,7347093,569c1693-ad56-4bcc-8ee1-039f5330f8ba,Tom Clancy's Jack Ryan,2,1
21667900,,7347093-21667900-28,7347093,569c1693-ad56-4bcc-8ee1-039f5330f8ba,Tom Clancy's Jack Ryan,2,1
21667900,,7347093-21667900-30,7347093,569c1693-ad56-4bcc-8ee1-039f5330f8ba,Tom Clancy's Jack Ryan,2,1
21667900,,7347095-21667900-19,7347095,146f6b9e-e911-4ef3-ba93-8f96a9d9950b,Tom Clancy's Jack Ryan,2,2
21667900,,7352474-21667900-19,7352474,35c476de-8cea-4215-b68e-c1ae096d6b39,Looking for Alaska,1,2
21667900,,7352475-21667900-15,7352475,02d2b398-0417-4c83-835e-b2b8c3da4510,Looking for Alaska,1,3
21667900,,7352475-21667900-28,7352475,02d2b398-0417-4c83-835e-b2b8c3da4510,Looking for Alaska,1,3
21667900,,7352475-21667900-30,7352475,02d2b398-0417-4c83-835e-b2b8c3da4510,Looking for Alaska,1,3
21667900,,7352475-21667900-18,7352475,02d2b398-0417-4c83-835e-b2b8c3da4510,Looking for Alaska,1,3
21667900,,7357130-21667900-19,7357130,ed8d5338-b018-405d-92ba-55a0676280b1,Mrs. Fletcher,1,2
21667900,,7357136-21667900-19,7357136,be0e2df3-8122-4261-bcd6-d58aa25354fa,Mrs. Fletcher,1,3
21667900,,7357136-21667900-18,7357136,be0e2df3-8122-4261-bcd6-d58aa25354fa,Mrs. Fletcher,1,3
21667900,,7361557-21667900-19,7361557,b66f4a9e-9d45-4416-9268-613c1535d20a,Watchmen,1,2
21667900,,7361557-21667900-18,7361557,b66f4a9e-9d45-4416-9268-613c1535d20a,Watchmen,1,2
21667900,,7361558-21667900-19,7361558,dc7af961-74a7-4e27-bc12-f5b9d6ea4b4d,Watchmen,1,3
21667900,,7362279-21667900-19,7362279,68f0d897-20c5-4c1f-a8d0-8546bfde2349,Mrs. Fletcher,1,4
21667900,,7362289-21667900-19,7362289,7fc62d57-46d7-4eed-9976-9bec8df5a800,Mrs. Fletcher,1,6
21667900,,7362292-21667900-19,7362292,e970b00f-52ac-4801-a6e2-4c85d2f35a3f,Mrs. Fletcher,1,7
21667900,,7362292-21667900-18,7362292,e970b00f-52ac-4801-a6e2-4c85d2f35a3f,Mrs. Fletcher,1,7
21667900,,7362292-21667900-28,7362292,e970b00f-52ac-4801-a6e2-4c85d2f35a3f,Mrs. Fletcher,1,7
21667900,,7381097-21667900-18,7381097,cbd9bc02-afb2-4eae-bcf4-440551c40705,This Is Us,4,4
21667900,,7381097-21667900-15,7381097,cbd9bc02-afb2-4eae-bcf4-440551c40705,This Is Us,4,4
21667900,,7381097-21667900-19,7381097,cbd9bc02-afb2-4eae-bcf4-440551c40705,This Is Us,4,4
21667900,,7381097-21667900-13,7381097,cbd9bc02-afb2-4eae-bcf4-440551c40705,This Is Us,4,4
21667900,,7393627-21667900-38,7393627,4f2860d6-5c7c-4d87-a8c5-5a0459b54026,Vikings,6,1
21667900,,7398586-21667900-28,7398586,051223f4-4b23-4ab9-a5a9-d17dceb88d56,Watchmen,1,4
21667900,,7398586-21667900-19,7398586,051223f4-4b23-4ab9-a5a9-d17dceb88d56,Watchmen,1,4
21667900,,7398588-21667900-30,7398588,e2de8331-ebf6-4c32-8f45-e232655942c4,Watchmen,1,6
21667900,,7398588-21667900-28,7398588,e2de8331-ebf6-4c32-8f45-e232655942c4,Watchmen,1,6
21667900,,7402644-21667900-13,7402644,e542eb64-fe79-453f-933d-bae888b59021,This Is Us,4,6
21667900,,7408840-21667900-14,7408840,936d3060-fb7f-481a-a039-b22e0048ab0a,The Outsider (2020),1,1
21667900,,7410440-21667900-28,7410440,36ec95cb-56c7-4ea9-bcc6-49d2f182dcd7,The Mandalorian,1,5
21667900,,7410442-21667900-18,7410442,76bd92e3-171c-41be-9965-f22cf8b7ad16,The Mandalorian,1,6
21667900,,7410445-21667900-18,7410445,fd4e58fd-d697-4e8f-b0da-9b93a1ffb623,The Mandalorian,1,7
21667900,,7410445-21667900-15,7410445,fd4e58fd-d697-4e8f-b0da-9b93a1ffb623,The Mandalorian,1,7
21667900,,7410445-21667900-19,7410445,fd4e58fd-d697-4e8f-b0da-9b93a1ffb623,The Mandalorian,1,7
21667900,,7422384-21667900-28,7422384,ba567a80-7277-4a99-a9ce-8921f3aafdad,Watchmen,1,9
21667900,,7424748-21667900-18,7424748,a7c22fa9-289a-4cd0-b567-ad692a3f3f0b,This Is Us,4,8
21667900,,7427005-21667900-14,7427005,70ae6d4d-169f-491b-8612-6c22ae488f57,His Dark Materials,1,2
21667900,,7427005-21667900-18,7427005,70ae6d4d-169f-491b-8612-6c22ae488f57,His Dark Materials,1,2
21667900,,7427005-21667900-38,7427005,70ae6d4d-169f-491b-8612-6c22ae488f57,His Dark Materials,1,2
21667900,,7427005-21667900-28,7427005,70ae6d4d-169f-491b-8612-6c22ae488f57,His Dark Materials,1,2
21667900,,7427005-21667900-19,7427005,70ae6d4d-169f-491b-8612-6c22ae488f57,His Dark Materials,1,2
21667900,,7428555-21667900-28,7428555,9e1076f5-2a3f-4093-bba5-d97dac11076c,The Witcher,1,1
21667900,,7428568-21667900-19,7428568,2a0b897c-fadb-46f9-9bc2-9cc1361b1c31,The Witcher,1,3
21667900,,7428572-21667900-18,7428572,93562e43-9818-4ce3-a15a-6106fbeacaf8,The Witcher,1,5
21667900,,7428573-21667900-28,7428573,4cabf7c8-4c31-40a4-b662-4277d1c25f61,The Witcher,1,6
21667900,,7428573-21667900-30,7428573,4cabf7c8-4c31-40a4-b662-4277d1c25f61,The Witcher,1,6
21667900,,7428574-21667900-18,7428574,1fee2b47-64dd-477e-b4b3-f89436dcfaf0,The Witcher,1,7
21667900,,7428574-21667900-28,7428574,1fee2b47-64dd-477e-b4b3-f89436dcfaf0,The Witcher,1,7
21667900,,7432833-21667900-28,7432833,7e53be0c-94a8-44cd-a55f-246928aea783,His Dark Materials,1,6
21667900,,7432834-21667900-28,7432834,93b4736b-1038-4595-a6b0-eeab575efa14,His Dark Materials,1,7
21667900,,7432835-21667900-30,7432835,4e5241ba-43b3-4873-b9a4-71667305742c,His Dark Materials,1,8
21667900,,7432835-21667900-28,7432835,4e5241ba-43b3-4873-b9a4-71667305742c,His Dark Materials,1,8
21667900,,7435497-21667900-30,7435497,448df29c-ef85-44ad-a699-77f2cf72dead,This Is Us,4,9
21667900,,7435497-21667900-28,7435497,448df29c-ef85-44ad-a699-77f2cf72dead,This Is Us,4,9
21667900,,7447661-21667900-28,7447661,eefd524c-9e03-4b62-b949-c0d764487675,You,2,3
21667900,,7447922-21667900-18,7447922,47d2644b-7dc8-4988-9f4f-354538ad7cbe,The Crown,3,2
21667900,,7447924-21667900-15,7447924,ae8b2da1-56f6-45cb-8390-e36016f1bdfd,The Crown,3,3
21667900,,7447924-21667900-18,7447924,ae8b2da1-56f6-45cb-8390-e36016f1bdfd,The Crown,3,3
21667900,,7447926-21667900-15,7447926,8658c446-b5b0-46f4-82ac-04c0e2dae156,The Crown,3,4
21667900,,7447926-21667900-28,7447926,8658c446-b5b0-46f4-82ac-04c0e2dae156,The Crown,3,4
21667900,,7447926-21667900-30,7447926,8658c446-b5b0-46f4-82ac-04c0e2dae156,The Crown,3,4
21667900,,7447927-21667900-28,7447927,b0a2241f-fdd4-4c7b-96cb-b018797cd8cb,The Crown,3,5
21667900,,7447927-21667900-30,7447927,b0a2241f-fdd4-4c7b-96cb-b018797cd8cb,The Crown,3,5
21667900,,7447927-21667900-19,7447927,b0a2241f-fdd4-4c7b-96cb-b018797cd8cb,The Crown,3,5
21667900,,7447929-21667900-18,7447929,ad28b1cd-ed43-4ffd-b526-0244ba56e62d,The Crown,3,6
21667900,,7447930-21667900-30,7447930,7a41ac56-dba2-437c-9916-fcc1a54b6caa,The Crown,3,7
21667900,,7447930-21667900-15,7447930,7a41ac56-dba2-437c-9916-fcc1a54b6caa,The Crown,3,7
21667900,,7447930-21667900-18,7447930,7a41ac56-dba2-437c-9916-fcc1a54b6caa,The Crown,3,7
21667900,,7447930-21667900-28,7447930,7a41ac56-dba2-437c-9916-fcc1a54b6caa,The Crown,3,7
21667900,,7447933-21667900-18,7447933,dd1d4f25-0231-475b-82e0-eca0534c4c0b,The Crown,3,8
21667900,,7447933-21667900-15,7447933,dd1d4f25-0231-475b-82e0-eca0534c4c0b,The Crown,3,8
21667900,,7447935-21667900-18,7447935,77af3803-5eee-4417-b05d-507b3d5fdddf,The Crown,3,9
21667900,,7447937-21667900-30,7447937,1726d1f4-b3a9-4a26-9fbb-076cf6d365eb,The Crown,3,10
21667900,,7447937-21667900-28,7447937,1726d1f4-b3a9-4a26-9fbb-076cf6d365eb,The Crown,3,10
21667900,,7448019-21667900-18,7448019,12baa637-c3cb-4aed-9501-73219a41597b,You,2,5
21667900,,7448020-21667900-28,7448020,e4b9fa38-4509-4997-b4d9-1bbf1cf4aba4,You,2,6
21667900,,7448020-21667900-18,7448020,e4b9fa38-4509-4997-b4d9-1bbf1cf4aba4,You,2,6
21667900,,7448021-21667900-28,7448021,490644fb-0d97-4ee8-9f7e-1de2983b2504,You,2,7
21667900,,7448022-21667900-28,7448022,48c8dcff-8456-4c46-bfce-577763b03810,You,2,8
21667900,,7448022-21667900-30,7448022,48c8dcff-8456-4c46-bfce-577763b03810,You,2,8
21667900,,7448023-21667900-28,7448023,0f5382fd-2ffb-480e-ae41-7ae7e43c93a0,You,2,9
21667900,,7448024-21667900-18,7448024,7f97ffd3-4199-408e-8d29-5f2626965d90,You,2,10
21667900,,7459168-21667900-19,7459168,a18cfa45-c679-4374-9f9e-2d660e0155f3,Lucifer,5,5
21667900,,7459168-21667900-18,7459168,a18cfa45-c679-4374-9f9e-2d660e0155f3,Lucifer,5,5
21667900,,7465726-21667900-18,7465726,76beb6ad-e81c-4586-8361-3287025a1bab,The Man in the High Castle,4,2
21667900,,7465728-21667900-18,7465728,d23b7540-ff1b-4f4c-9ab7-8d4db53bde48,The Man in the High Castle,4,3
21667900,,7465728-21667900-19,7465728,d23b7540-ff1b-4f4c-9ab7-8d4db53bde48,The Man in the High Castle,4,3
21667900,,7465728-21667900-15,7465728,d23b7540-ff1b-4f4c-9ab7-8d4db53bde48,The Man in the High Castle,4,3
21667900,,7465731-21667900-19,7465731,7bc1f9f6-3ec1-43a2-8e69-5c5fadf325c1,The Man in the High Castle,4,4
21667900,,7465735-21667900-28,7465735,df4f5d98-aec9-41f1-abb0-375838927016,The Man in the High Castle,4,6
21667900,,7465736-21667900-28,7465736,859104db-c940-47b5-9825-511245a48ef5,The Man in the High Castle,4,7
21667900,,7465737-21667900-28,7465737,883766d3-04c9-41c8-9535-ebe6b0ea7c1e,The Man in the High Castle,4,8
21667900,,7465738-21667900-18,7465738,28e04bcb-0ff2-4fbf-ab8a-c7987dc79cd0,The Man in the High Castle,4,9
21667900,,7465741-21667900-14,7465741,b7dc29a5-762b-4301-b6a7-c058f694aa51,The Man in the High Castle,4,10
21667900,,7465741-21667900-30,7465741,b7dc29a5-762b-4301-b6a7-c058f694aa51,The Man in the High Castle,4,10
21667900,,7465741-21667900-18,7465741,b7dc29a5-762b-4301-b6a7-c058f694aa51,The Man in the High Castle,4,10
21667900,,7465741-21667900-38,7465741,b7dc29a5-762b-4301-b6a7-c058f694aa51,The Man in the High Castle,4,10
21667900,,7465741-21667900-28,7465741,b7dc29a5-762b-4301-b6a7-c058f694aa51,The Man in the High Castle,4,10
21667900,,7465741-21667900-15,7465741,b7dc29a5-762b-4301-b6a7-c058f694aa51,The Man in the High Castle,4,10
21667900,,7478806-21667900-28,7478806,c9e43346-097f-4806-90ec-4d532c5e8a05,Messiah (2020),1,1
21667900,,7478806-21667900-38,7478806,c9e43346-097f-4806-90ec-4d532c5e8a05,Messiah (2020),1,1
21667900,,7486456-21667900-19,7486456,7c3465a6-b04a-4fc1-910e-f5a87ad0aa53,Normal People,1,2
21667900,,7486458-21667900-30,7486458,1f1902db-0b85-4b80-ab59-c6c6d1fed9c5,Normal People,1,3
21667900,,7486464-21667900-19,7486464,5147634d-2639-4cb3-86e8-390df542aff4,Normal People,1,7
21667900,,7486464-21667900-28,7486464,5147634d-2639-4cb3-86e8-390df542aff4,Normal People,1,7
21667900,,7486474-21667900-13,7486474,f0a601dc-e02e-4704-81de-9b6e933eb246,Normal People,1,12
21667900,,7493294-21667900-18,7493294,72123a13-f59b-47c7-b4aa-7b96b145cb23,Little Fires Everywhere,1,1
21667900,,7529885-21667900-18,7529885,400e2d70-7397-4dad-b4ea-327ffe57f0e6,Ozark,3,1
21667900,,7531684-21667900-20,7531684,ad7c5f48-9ed9-45ba-93e6-1bc749750c39,Mrs. America,1,1
21667900,,7531684-21667900-19,7531684,ad7c5f48-9ed9-45ba-93e6-1bc749750c39,Mrs. America,1,1
21667900,,7531684-21667900-18,7531684,ad7c5f48-9ed9-45ba-93e6-1bc749750c39,Mrs. America,1,1
21667900,,7531684-21667900-28,7531684,ad7c5f48-9ed9-45ba-93e6-1bc749750c39,Mrs. America,1,1
21667900,,7531684-21667900-35,7531684,ad7c5f48-9ed9-45ba-93e6-1bc749750c39,Mrs. America,1,1
21667900,,7537283-21667900-38,7537283,bcdb688c-04fa-4e8b-8e06-12604395eb84,Westworld,3,1
21667900,,7541802-21667900-18,7541802,9dfc3359-5ee1-4ab0-846d-578e3da0ee01,The Undoing,1,1
21667900,,7541802-21667900-28,7541802,9dfc3359-5ee1-4ab0-846d-578e3da0ee01,The Undoing,1,1
21667900,,7541802-21667900-19,7541802,9dfc3359-5ee1-4ab0-846d-578e3da0ee01,The Undoing,1,1
21667900,,7553440-21667900-28,7553440,53a36fa9-e058-459a-93e9-3327666edf5d,Unorthodox,1,1
21667900,,7553443-21667900-28,7553443,e21afb50-1281-44b5-85b1-ea0488d89b34,Unorthodox,1,4
21667900,,7556901-21667900-30,7556901,6a395db0-5ffb-4f27-bf0f-9dc36e8b50da,This Is Us,4,14
21667900,,7556901-21667900-28,7556901,6a395db0-5ffb-4f27-bf0f-9dc36e8b50da,This Is Us,4,14
21667900,,7556909-21667900-15,7556909,f2ee1194-8ec2-4443-8e33-8cfecf58e008,This Is Us,4,15
21667900,,7578996-21667900-18,7578996,2d91e8cc-8e93-4f52-9f34-9002958f87ff,Westworld,3,4
21667900,,7579000-21667900-28,7579000,1a1a4cb2-9c98-4e20-9959-b5a942f25af0,Westworld,3,6
21667900,,7579002-21667900-38,7579002,efee9344-f944-4289-82a4-0e62dadaa4f6,Westworld,3,7
21667900,,7579002-21667900-19,7579002,efee9344-f944-4289-82a4-0e62dadaa4f6,Westworld,3,7
21667900,,7579002-21667900-28,7579002,efee9344-f944-4289-82a4-0e62dadaa4f6,Westworld,3,7
21667900,,7579002-21667900-14,7579002,efee9344-f944-4289-82a4-0e62dadaa4f6,Westworld,3,7
21667900,,7579002-21667900-18,7579002,efee9344-f944-4289-82a4-0e62dadaa4f6,Westworld,3,7
21667900,,7597566-21667900-28,7597566,6998241c-064a-484a-87a1-283b08cb1ea3,This Is Us,4,16
21667900,,7597570-21667900-28,7597570,77f1310a-74fc-43f3-88f6-0492cc73e415,This Is Us,4,18
21667900,,7597570-21667900-30,7597570,77f1310a-74fc-43f3-88f6-0492cc73e415,This Is Us,4,18
21667900,,7597570-21667900-18,7597570,77f1310a-74fc-43f3-88f6-0492cc73e415,This Is Us,4,18
21667900,,7611874-21667900-18,7611874,69868ba1-b305-4988-b96d-955c37c9f9af,Tales from the Loop,1,2
21667900,,7611876-21667900-30,7611876,15f8e5ca-ece0-4d25-b21c-944ff439d28f,Tales from the Loop,1,3
21667900,,7611876-21667900-15,7611876,15f8e5ca-ece0-4d25-b21c-944ff439d28f,Tales from the Loop,1,3
21667900,,7611876-21667900-28,7611876,15f8e5ca-ece0-4d25-b21c-944ff439d28f,Tales from the Loop,1,3
21667900,,7611876-21667900-19,7611876,15f8e5ca-ece0-4d25-b21c-944ff439d28f,Tales from the Loop,1,3
21667900,,7611876-21667900-18,7611876,15f8e5ca-ece0-4d25-b21c-944ff439d28f,Tales from the Loop,1,3
21667900,,7611877-21667900-15,7611877,a237792a-a3d4-4e95-83d7-47b6155ce291,Tales from the Loop,1,4
21667900,,7611877-21667900-19,7611877,a237792a-a3d4-4e95-83d7-47b6155ce291,Tales from the Loop,1,4
21667900,,7611877-21667900-18,7611877,a237792a-a3d4-4e95-83d7-47b6155ce291,Tales from the Loop,1,4
21667900,,7611878-21667900-28,7611878,c091ebe5-dfcf-4de2-a485-8542a438ad86,Tales from the Loop,1,5
21667900,,7611878-21667900-30,7611878,c091ebe5-dfcf-4de2-a485-8542a438ad86,Tales from the Loop,1,5
21667900,,7611880-21667900-28,7611880,34122f4f-b17d-468b-b30d-3c26d97df201,Tales from the Loop,1,6
21667900,,7614190-21667900-19,7614190,7d8b63a0-14fd-4aa6-9465-20a75616f247,Little Fires Everywhere,1,2
21667900,,7614191-21667900-15,7614191,12a0559b-28d6-4710-a012-85640f46e5d9,Little Fires Everywhere,1,7
21667900,,7614193-21667900-18,7614193,8cda9314-a842-495b-bf15-bcb079fa2d6a,Little Fires Everywhere,1,6
21667900,,7614195-21667900-18,7614195,226cdc5c-d737-46ea-bd40-eba92491b4c6,Little Fires Everywhere,1,3
21667900,,7614197-21667900-19,7614197,e3b5735b-4806-4d72-a52a-037bc8a39a77,Little Fires Everywhere,1,5
21667900,,7614197-21667900-18,7614197,e3b5735b-4806-4d72-a52a-037bc8a39a77,Little Fires Everywhere,1,5
21667900,,7620104-21667900-18,7620104,cc9d1f30-9c0e-422d-bdd0-cf65539cd960,Ozark,3,9
21667900,,7620959-21667900-19,7620959,4d57e210-123b-4797-87dc-9ed900a69a4a,The Undoing,1,2
21667900,,7620959-21667900-18,7620959,4d57e210-123b-4797-87dc-9ed900a69a4a,The Undoing,1,2
21667900,,7658043-21667900-28,7658043,dcec4a1a-9e54-4753-93ab-f221bb2040dd,Money Heist,2,10
21667900,,7658043-21667900-19,7658043,dcec4a1a-9e54-4753-93ab-f221bb2040dd,Money Heist,2,10
21667900,,7658045-21667900-28,7658045,88b0aff1-191e-45d9-b6e1-6b14e6745ab9,Money Heist,2,12
21667900,,7658045-21667900-34,7658045,88b0aff1-191e-45d9-b6e1-6b14e6745ab9,Money Heist,2,12
21667900,,7658047-21667900-19,7658047,95a759e4-b6ef-40d9-a4bb-8217171365ec,Money Heist,2,13
21667900,,7673417-21667900-35,7673417,d92faf9f-d9b8-4c32-b03d-0ae7a16b82e5,Killing Eve,3,2
21667900,,7673417-21667900-28,7673417,d92faf9f-d9b8-4c32-b03d-0ae7a16b82e5,Killing Eve,3,2
21667900,,7673418-21667900-18,7673418,f343d0fa-e751-4f9e-8069-d330e4377c29,Killing Eve,3,3
21667900,,7681207-21667900-28,7681207,2d4aaa82-e3da-4253-95fc-d19ecc2f27e4,Little Fires Everywhere,1,0
21667900,,7681207-21667900-29,7681207,2d4aaa82-e3da-4253-95fc-d19ecc2f27e4,Little Fires Everywhere,1,0
21667900,,7812916-21667900-18,7812916,5f24f5ea-4a7f-483c-be4f-a6ceee9edb12,The Boys,2,1
21667900,,7812917-21667900-28,7812917,49ed1f87-35e9-42e4-b9df-d59fe8ee0a27,The Boys,2,2
21667900,,7812918-21667900-28,7812918,d712f331-7a09-4c6f-a9da-2c819c711cdd,The Boys,2,3
21667900,,7812918-21667900-18,7812918,d712f331-7a09-4c6f-a9da-2c819c711cdd,The Boys,2,3
21667900,,7812918-21667900-30,7812918,d712f331-7a09-4c6f-a9da-2c819c711cdd,The Boys,2,3
21667900,,7812920-21667900-28,7812920,5a18559f-9b1f-4cc9-9d2b-85b2efaf1ba4,The Boys,2,5
21667900,,7812925-21667900-34,7812925,ca6439d5-99d9-468f-8cae-df2facecccf6,The Boys,2,7
21667900,,7812925-21667900-28,7812925,ca6439d5-99d9-468f-8cae-df2facecccf6,The Boys,2,7
21667900,,7812926-21667900-19,7812926,047cfe63-3f84-45bd-a77a-65154c92cf16,The Boys,2,8
21667900,,7877071-21667900-28,7877071,4a643166-96d5-455a-91a7-688abc47b691,The Undoing,1,6
21667900,,7896631-21667900-28,7896631,0ac4ef8f-936d-4a10-a314-a719077586d1,The Crown,4,2
21667900,,7896631-21667900-18,7896631,0ac4ef8f-936d-4a10-a314-a719077586d1,The Crown,4,2
21667900,,7896631-21667900-19,7896631,0ac4ef8f-936d-4a10-a314-a719077586d1,The Crown,4,2
21667900,,7896637-21667900-18,7896637,f55edaf0-c701-4b6f-8f96-69b9880b31e2,The Crown,4,8
21667900,,7896637-21667900-19,7896637,f55edaf0-c701-4b6f-8f96-69b9880b31e2,The Crown,4,8
21667900,,7896638-21667900-18,7896638,9f125f37-77a8-4c7a-8ff0-48c09368b347,The Crown,4,9
21667900,,7896640-21667900-19,7896640,b1ae18d2-f55c-4e87-baca-928efd2487aa,The Crown,4,10
21667900,,7896640-21667900-15,7896640,b1ae18d2-f55c-4e87-baca-928efd2487aa,The Crown,4,10
21667900,,7896640-21667900-18,7896640,b1ae18d2-f55c-4e87-baca-928efd2487aa,The Crown,4,10
21667900,,7896976-21667900-18,7896976,475fe819-f352-491b-bd27-a6ff0691f0fa,Bad Boy Billionaires: India,1,1
21667900,,7905328-21667900-18,7905328,b6057818-fedf-454d-b524-6cb86cf372a8,This Is Us,5,1
21667900,,7905328-21667900-13,7905328,b6057818-fedf-454d-b524-6cb86cf372a8,This Is Us,5,1
21667900,,7905559-21667900-18,7905559,601b7ea1-d3d0-49cf-811c-f50e2fa02cc8,This Is Us,5,2
21667900,,7905559-21667900-19,7905559,601b7ea1-d3d0-49cf-811c-f50e2fa02cc8,This Is Us,5,2
21667900,,7977905-21667900-18,7977905,0e3ce344-b032-46c9-87eb-f4ea8c8d8f7e,Bad Boy Billionaires: India,1,2
21667900,,7977905-21667900-27,7977905,0e3ce344-b032-46c9-87eb-f4ea8c8d8f7e,Bad Boy Billionaires: India,1,2
21667900,,7977905-21667900-28,7977905,0e3ce344-b032-46c9-87eb-f4ea8c8d8f7e,Bad Boy Billionaires: India,1,2
21667900,,7977905-21667900-29,7977905,0e3ce344-b032-46c9-87eb-f4ea8c8d8f7e,Bad Boy Billionaires: India,1,2
21667900,,7977909-21667900-18,7977909,0d8c54a9-f1c4-4b6a-abb7-a421f410a106,Bad Boy Billionaires: India,1,3
21667900,,7977909-21667900-27,7977909,0d8c54a9-f1c4-4b6a-abb7-a421f410a106,Bad Boy Billionaires: India,1,3
21667900,,7977909-21667900-29,7977909,0d8c54a9-f1c4-4b6a-abb7-a421f410a106,Bad Boy Billionaires: India,1,3
21667900,,7977909-21667900-15,7977909,0d8c54a9-f1c4-4b6a-abb7-a421f410a106,Bad Boy Billionaires: India,1,3
21667900,,7977909-21667900-30,7977909,0d8c54a9-f1c4-4b6a-abb7-a421f410a106,Bad Boy Billionaires: India,1,3
21667900,,7977909-21667900-28,7977909,0d8c54a9-f1c4-4b6a-abb7-a421f410a106,Bad Boy Billionaires: India,1,3
21667900,,7992608-21667900-18,7992608,4afa7fbf-6ea7-4043-8974-919c9997954a,This Is Us,5,3
21667900,,7992608-21667900-19,7992608,4afa7fbf-6ea7-4043-8974-919c9997954a,This Is Us,5,3
21667900,,7993541-21667900-19,7993541,320775a7-7741-433e-bbd6-25908cff1389,The Mandalorian,2,3
21667900,,7993541-21667900-18,7993541,320775a7-7741-433e-bbd6-25908cff1389,The Mandalorian,2,3
21667900,,7993545-21667900-18,7993545,167e93ab-a0cc-4e83-940d-c6a40873cb37,The Mandalorian,2,6
21667900,,7993545-21667900-19,7993545,167e93ab-a0cc-4e83-940d-c6a40873cb37,The Mandalorian,2,6
21667900,,7995063-21667900-19,7995063,66437d05-19ab-4656-b9b2-8d70f1d9fb41,Bridgerton,1,8
21667900,,7995063-21667900-18,7995063,66437d05-19ab-4656-b9b2-8d70f1d9fb41,Bridgerton,1,8
21667900,,7995063-21667900-28,7995063,66437d05-19ab-4656-b9b2-8d70f1d9fb41,Bridgerton,1,8
21667900,,7995063-21667900-13,7995063,66437d05-19ab-4656-b9b2-8d70f1d9fb41,Bridgerton,1,8
21667900,,8022000-21667900-28,8022000,22ca6838-550e-48f5-940c-47e95ee8617f,This Is Us,5,4
21667900,,8022000-21667900-18,8022000,22ca6838-550e-48f5-940c-47e95ee8617f,This Is Us,5,4
21667900,,8022000-21667900-19,8022000,22ca6838-550e-48f5-940c-47e95ee8617f,This Is Us,5,4
21667900,,8043108-21667900-38,8043108,e0206c1d-2334-491e-a69d-63d24723cd12,WandaVision,1,2
21667900,,8043108-21667900-37,8043108,e0206c1d-2334-491e-a69d-63d24723cd12,WandaVision,1,2
21667900,,8043110-21667900-36,8043110,1187bda4-46cd-477f-a013-f00aff60c053,WandaVision,1,4
21667900,,8043110-21667900-37,8043110,1187bda4-46cd-477f-a013-f00aff60c053,WandaVision,1,4
21667900,,8043111-21667900-36,8043111,c01b6e4d-8efc-456f-be63-5f89e3c893ad,WandaVision,1,5
21667900,,8043111-21667900-37,8043111,c01b6e4d-8efc-456f-be63-5f89e3c893ad,WandaVision,1,5
21667900,,8043111-21667900-28,8043111,c01b6e4d-8efc-456f-be63-5f89e3c893ad,WandaVision,1,5
21667900,,8043112-21667900-37,8043112,4d05c857-d150-4369-8620-290ab31a0eff,WandaVision,1,6
21667900,,8043112-21667900-38,8043112,4d05c857-d150-4369-8620-290ab31a0eff,WandaVision,1,6
21667900,,8043112-21667900-28,8043112,4d05c857-d150-4369-8620-290ab31a0eff,WandaVision,1,6
21667900,,8064491-21667900-35,8064491,d2c4214f-a9dd-4197-b200-5d28acd269d3,A Teacher,1,10
21667900,,8120638-21667900-32,8120638,abe880ff-0902-4a06-abb4-87d3a290fa34,WandaVision,1,9
21667900,,8120638-21667900-30,8120638,abe880ff-0902-4a06-abb4-87d3a290fa34,WandaVision,1,9
21667900,,8214191-21667900-32,8214191,5a89e89a-0ac1-45eb-b509-30f6e20b2d3a,This Is Us,5,10
21667900,,8214191-21667900-30,8214191,5a89e89a-0ac1-45eb-b509-30f6e20b2d3a,This Is Us,5,10
