folder_id,archived,created_at,diffusion,updated_at,active,notification_type,notification_offset,tv_show_name,user_id,tv_show_id
,0,2020-09-29 07:57:23,original,2020-09-29 07:57:23,1,2,1440,Neon Genesis Evangelion,21667900,70350
,0,2018-08-15 08:52:13,original,2018-08-15 08:52:13,1,2,1440,Twin Peaks,21667900,70533
,0,2018-11-15 16:07:00,original,2018-11-15 16:07:00,1,2,1440,Oz,21667900,70682
,0,2019-07-09 12:09:15,original,2019-07-09 12:09:15,1,2,1440,Deadwood,21667900,72023
,0,2018-11-30 04:19:44,original,2018-11-30 04:19:44,1,2,1440,One Tree Hill,21667900,72158
,0,2018-07-07 16:45:08,original,2018-07-30 12:39:08,0,2,1440,The Ellen DeGeneres Show,21667900,72194
,0,2018-11-27 09:31:55,original,2018-11-27 09:31:55,1,2,1440,Nip/Tuck,21667900,72201
,0,2018-11-01 07:58:54,original,2018-11-01 07:58:54,1,2,1440,Smallville,21667900,72218
,0,2018-11-10 12:51:16,original,2018-11-10 12:51:16,1,2,1440,Two and a Half Men,21667900,72227
,1,2020-09-15 09:03:06,original,2021-06-21 13:06:10,1,2,1440,The Office (US),21667900,73244
,0,2018-06-29 06:00:52,original,2018-06-29 06:00:52,1,2,1440,House,21667900,73255
,0,2018-06-26 16:52:06,original,2018-06-26 16:52:06,1,2,1440,Rome,21667900,73508
,0,2018-06-26 17:21:57,original,2018-06-26 17:21:57,1,2,1440,Lost,21667900,73739
,0,2018-06-26 17:09:31,original,2018-06-26 17:09:32,1,2,1440,Grey's Anatomy,21667900,73762
,1,2018-06-26 14:57:57,original,2018-07-14 11:08:08,1,2,1440,Desperate Housewives,21667900,73800
,0,2018-06-27 07:16:12,original,2018-10-05 08:00:32,1,2,1440,Band of Brothers,21667900,74205
,0,2018-09-15 04:27:57,original,2018-09-15 04:27:57,1,2,1440,Avatar: The Last Airbender,21667900,74852
,0,2019-05-28 04:25:03,original,2019-05-28 04:25:03,1,2,1440,The Sopranos,21667900,75299
,0,2018-07-27 10:50:48,original,2018-12-05 15:00:18,1,2,1440,Prison Break,21667900,75340
,0,2018-07-16 10:29:17,original,2018-07-16 10:29:17,1,2,1440,Six Feet Under,21667900,75450
,0,2018-06-26 14:42:15,original,2018-06-26 14:42:15,1,2,1440,How I Met Your Mother,21667900,75760
,0,2018-09-30 05:04:31,original,2018-11-18 16:22:14,0,2,1440,SpongeBob SquarePants,21667900,75886
,0,2018-09-03 05:11:06,original,2018-09-03 05:11:06,1,2,1440,Gilmore Girls,21667900,76568
,1,2018-06-26 14:58:23,original,2018-07-14 11:07:59,1,2,1440,Sex and the City,21667900,76648
,0,2019-05-04 16:12:59,original,2019-05-04 16:12:59,1,2,1440,Dragon Ball,21667900,76666
,0,2018-10-01 04:18:19,original,2018-10-08 12:15:45,0,2,1440,Pokémon,21667900,76703
,0,2019-01-05 16:39:15,original,2019-01-05 16:39:55,0,2,1440,"Sabrina, The Teenage Witch",21667900,76876
,0,2018-10-08 07:25:34,original,2018-10-08 07:25:34,1,2,1440,Doctor Who (2005),21667900,78804
,0,2020-08-31 05:52:13,original,2020-08-31 05:52:13,1,2,1440,Naruto,21667900,78857
,0,2019-05-04 16:15:38,original,2019-05-04 16:15:38,1,2,1440,Firefly,21667900,78874
,0,2018-08-15 08:53:00,original,2018-10-18 04:38:39,0,2,1440,Supernatural,21667900,78901
,0,2019-05-28 04:25:33,original,2019-05-28 04:25:33,1,2,1440,The Wire,21667900,79126
,0,2018-06-26 14:41:51,original,2018-06-26 14:41:51,1,2,1440,Friends,21667900,79168
,0,2019-05-04 16:13:01,original,2019-05-04 16:13:01,1,2,1440,Dragon Ball GT,21667900,79275
,1,2019-11-22 06:03:56,original,2019-12-12 06:27:06,1,2,1440,Angels in America,21667900,79311
,0,2018-11-22 14:51:32,original,2018-11-22 14:51:32,1,2,1440,North & South,21667900,79321
,0,2019-05-28 04:24:55,original,2019-05-28 04:24:55,1,2,1440,Dexter,21667900,79349
,0,2018-07-06 02:07:53,original,2018-07-06 02:07:53,1,2,1440,Death Note,21667900,79481
,0,2018-12-21 05:29:32,original,2018-12-21 05:29:32,1,2,1440,Jane Eyre (2006),21667900,79582
,0,2019-07-17 11:55:34,original,2019-07-17 11:55:34,1,2,1440,Naruto Shippuden,21667900,79824
,0,2018-08-15 08:52:16,original,2018-08-15 08:52:16,1,2,1440,The Tudors,21667900,79925
,0,2020-08-27 03:08:31,original,2020-08-27 03:08:31,1,2,1440,Mad Men,21667900,80337
,0,2018-06-26 15:02:55,original,2018-06-26 15:03:00,1,2,1440,The Big Bang Theory,21667900,80379
,0,2018-06-29 06:01:29,original,2018-06-29 06:01:29,1,2,1440,Gossip Girl,21667900,80547
,0,2018-06-26 14:45:31,original,2018-06-26 14:45:31,1,2,1440,Breaking Bad,21667900,81189
,0,2018-07-09 15:29:32,original,2018-07-09 15:29:32,1,2,1440,Dragon Ball Z,21667900,81472
,0,2018-06-26 17:18:02,original,2018-10-01 04:20:39,0,2,1440,Murdoch Mysteries,21667900,81670
,0,2020-08-31 05:51:15,original,2020-08-31 05:51:15,1,2,1440,One Piece,21667900,81797
,0,2018-11-02 10:46:00,original,2018-11-02 10:46:00,1,2,1440,Phineas and Ferb,21667900,81848
,0,2019-11-14 09:40:03,original,2019-11-14 09:40:03,1,2,1440,Hung,21667900,82091
,0,2019-06-14 09:25:41,original,2019-06-14 09:25:41,1,2,1440,Generation Kill,21667900,82109
,0,2018-09-12 11:59:36,original,2018-09-12 11:59:36,1,2,1440,True Blood,21667900,82283
,0,2018-09-03 05:11:10,original,2018-09-03 05:12:40,0,2,1440,90210,21667900,82716
,0,2018-10-08 03:52:49,original,2018-10-08 03:52:49,1,2,1440,Tess of the D'Urbervilles,21667900,83099
,0,2020-08-13 10:00:25,original,2020-08-13 10:00:25,1,2,1440,Toradora!,21667900,83277
,0,2018-11-29 06:20:43,original,2018-11-29 06:20:43,1,2,1440,The Diary of Anne Frank,21667900,84390
,0,2018-09-29 14:02:06,original,2018-10-08 09:53:34,0,2,1440,Parks and Recreation,21667900,84912
,0,2019-07-09 12:10:25,original,2019-07-09 12:10:25,1,2,1440,Boardwalk Empire,21667900,84947
,0,2020-08-31 05:52:14,original,2020-08-31 05:52:14,1,2,1440,Fullmetal Alchemist: Brotherhood,21667900,85249
,0,2019-05-04 16:13:01,original,2019-05-04 16:13:01,1,2,1440,Dragon Ball Kai,21667900,88031
,0,2018-11-01 11:39:51,original,2018-11-01 11:39:51,1,2,1440,The Staircase,21667900,92011
,0,2018-06-27 07:14:47,original,2018-06-27 07:14:47,1,2,1440,Modern Family,21667900,95011
,0,2018-06-26 16:57:59,original,2018-06-26 16:57:59,1,2,1440,The Vampire Diaries,21667900,95491
,0,2018-09-29 08:53:41,original,2018-09-29 08:53:41,1,2,1440,White Collar,21667900,108611
,0,2018-10-08 07:26:07,original,2019-07-17 11:57:22,1,2,1440,Fairy Tail,21667900,114801
,0,2018-06-26 14:38:06,original,2018-06-26 14:38:06,1,2,1440,Game of Thrones,21667900,121361
,0,2018-06-29 06:00:53,original,2018-06-29 06:00:53,1,2,1440,Pretty Little Liars,21667900,146711
,0,2018-06-26 16:58:43,original,2019-02-11 08:36:00,0,2,1440,The Walking Dead,21667900,153021
,0,2018-06-27 12:33:59,original,2018-08-21 12:45:34,0,2,1440,The Pillars of the Earth,21667900,159431
,0,2018-11-12 15:03:48,original,2018-11-12 15:03:48,1,2,1440,Luther,21667900,159591
,0,2018-06-29 06:01:30,original,2018-06-29 06:01:30,1,2,1440,Shameless (US),21667900,161511
,0,2018-08-05 10:29:29,original,2018-08-05 10:29:29,1,2,1440,Teen Wolf,21667900,175001
,0,2018-06-26 16:58:54,original,2018-06-26 16:58:54,1,2,1440,Sherlock,21667900,176941
,0,2018-06-26 16:57:38,original,2018-06-26 16:57:38,1,2,1440,The Borgias,21667900,187881
,0,2018-08-01 09:04:48,original,2018-08-01 09:04:48,1,2,1440,Downton Abbey,21667900,193131
,0,2020-08-27 03:08:29,original,2020-08-27 03:08:29,1,2,1440,The Killing (US),21667900,210171
,0,2018-07-24 13:16:16,original,2018-07-24 13:16:16,1,2,1440,Mildred Pierce,21667900,211681
,0,2018-06-26 16:53:22,original,2018-06-26 16:53:22,1,2,1440,Hell on Wheels,21667900,212961
,0,2018-09-12 11:59:42,original,2018-09-12 11:59:42,1,2,1440,Girls,21667900,220411
,0,2018-06-27 07:16:30,original,2018-06-27 07:16:30,1,2,1440,Veep,21667900,237831
,0,2018-10-31 14:54:50,original,2018-10-31 14:54:50,1,2,1440,Switched at Birth,21667900,247773
,0,2018-07-09 09:16:28,original,2018-07-09 09:16:28,1,2,1440,Suits,21667900,247808
,0,2019-01-06 11:06:30,original,2019-01-06 11:06:30,1,2,1440,Homeland,21667900,247897
,0,2018-10-01 04:18:45,original,2018-10-01 04:18:45,1,2,1440,Anohana: The Flower We Saw That Day,21667900,247958
,0,2018-06-27 08:49:23,original,2018-06-27 08:49:23,1,2,1440,New Girl,21667900,248682
,1,2018-07-10 16:23:06,original,2018-07-14 12:27:08,1,2,1440,2 Broke Girls,21667900,248741
,0,2018-09-21 07:30:11,original,2018-09-21 07:30:11,1,2,1440,Person of Interest,21667900,248742
,0,2018-06-26 17:19:59,original,2018-06-26 17:19:59,1,2,1440,Once Upon a Time (2011),21667900,248835
,0,2018-09-03 05:12:51,original,2018-09-03 05:12:51,1,2,1440,The Secret Circle,21667900,248884
,0,2018-09-06 16:11:07,original,2018-09-06 16:11:07,1,2,1440,The Red Band Society,21667900,248904
,0,2018-09-06 16:07:58,original,2018-09-06 16:07:58,1,2,1440,Touch (2012),21667900,248935
,1,2018-06-26 14:38:06,original,2018-07-14 12:26:49,1,2,1440,American Horror Story,21667900,250487
,0,2018-06-26 17:12:47,original,2018-06-26 17:12:47,1,2,1440,3%,21667900,250749
,0,2018-09-30 05:04:48,original,2018-09-30 05:04:48,1,2,1440,The Legend of Korra,21667900,251085
,0,2020-08-31 05:52:00,original,2021-03-16 10:55:08,0,2,1440,Hunter x Hunter (2011),21667900,252322
,0,2018-10-05 04:21:37,original,2018-10-05 04:21:37,1,2,1440,Guilty Crown,21667900,252471
,0,2018-11-18 06:13:25,original,2018-11-18 06:13:25,1,2,1440,Grand Hotel,21667900,252488
,0,2018-11-06 13:35:12,original,2018-11-06 13:35:12,1,2,1440,Top Boy,21667900,253138
,0,2018-06-26 14:43:32,original,2020-11-20 12:58:27,1,2,1440,Black Mirror,21667900,253463
,0,2018-11-06 13:33:47,original,2018-11-06 13:33:47,1,2,1440,Longmire,21667900,253491
,0,2018-06-26 17:08:45,original,2018-06-26 17:08:45,1,2,1440,American Gods,21667900,253573
,0,2018-07-16 16:14:36,original,2018-07-16 16:14:36,1,2,1440,Call the Midwife,21667900,255192
,0,2018-10-01 08:19:48,original,2018-10-01 08:19:48,1,2,1440,Birdsong,21667900,255250
,0,2018-06-26 17:59:35,original,2018-06-26 17:59:35,1,2,1440,Defiance,21667900,255326
,0,2018-08-12 11:31:07,original,2018-08-12 11:31:07,1,2,1440,Miss Fisher's Murder Mysteries,21667900,256352
,0,2018-09-02 16:25:49,original,2018-11-13 04:54:58,0,2,1440,Arrow,21667900,257655
,0,2018-11-06 13:34:10,original,2018-11-06 13:34:10,1,2,1440,The Fall,21667900,258107
,0,2018-06-26 17:28:27,original,2018-06-26 17:28:27,1,2,1440,Continuum,21667900,258171
,0,2018-11-03 16:50:14,original,2018-11-03 16:50:18,0,2,1440,Chicago Fire,21667900,258541
,0,2018-10-08 09:53:48,original,2018-10-08 09:53:48,1,2,1440,Hannibal,21667900,259063
,0,2018-09-22 04:00:04,original,2018-09-22 04:00:04,1,2,1440,Sword Art Online,21667900,259640
,0,2018-06-26 14:44:59,original,2018-06-26 14:44:59,1,2,1440,Da Vinci's Demons,21667900,259669
,0,2018-06-26 16:54:46,original,2018-06-26 16:54:46,1,2,1440,Hemlock Grove,21667900,259948
,0,2018-06-26 17:14:28,original,2018-06-26 17:14:28,1,2,1440,Orphan Black,21667900,260315
,0,2018-09-29 08:55:57,original,2018-09-29 08:55:57,1,2,1440,Top of the Lake,21667900,260320
,0,2018-06-26 16:58:11,original,2018-06-26 16:58:11,1,2,1440,Vikings,21667900,260449
,0,2019-07-13 16:21:30,original,2019-07-13 16:21:30,1,2,1440,Masters of Sex,21667900,261557
,0,2020-04-25 16:58:11,original,2020-04-25 16:58:11,1,2,1440,The Americans (2013),21667900,261690
,1,2018-06-26 16:56:36,original,2018-07-29 11:19:24,1,2,1440,Black Sails,21667900,262407
,0,2018-11-14 11:03:11,original,2018-11-14 11:03:11,1,2,1440,Bates Motel,21667900,262414
,0,2018-12-15 05:45:26,original,2018-12-15 05:45:26,1,2,1440,The Men Who Built America,21667900,262447
,1,2018-06-26 18:00:05,original,2020-09-28 06:26:56,1,2,1440,House of Cards (US),21667900,262980
,0,2018-08-01 09:05:03,original,2018-08-01 09:05:03,1,2,1440,The Returned,21667900,263677
,0,2018-07-25 12:40:38,original,2018-07-25 12:40:38,1,2,1440,Wentworth,21667900,264234
,0,2018-09-12 11:57:13,original,2018-09-12 11:57:13,1,2,1440,Under the Dome,21667900,264492
,0,2018-06-26 16:56:33,original,2018-06-26 16:56:33,1,2,1440,Orange Is the New Black,21667900,264586
,0,2018-11-01 04:59:20,original,2018-11-01 04:59:20,1,2,1440,Chosen,21667900,264954
,0,2018-10-05 07:57:58,original,2018-10-05 07:57:58,1,2,1440,Utopia,21667900,264991
,0,2018-07-10 16:27:01,original,2018-07-14 11:07:31,0,2,1440,Taarak Mehta Ka Ooltah Chashmah,21667900,265599
,1,2018-06-26 16:53:36,original,2018-07-29 11:19:32,1,2,1440,Penny Dreadful,21667900,265766
,0,2018-06-26 16:52:32,original,2018-06-26 16:52:32,1,2,1440,The White Queen,21667900,266092
,0,2018-06-26 17:09:12,original,2018-06-26 17:09:12,1,2,1440,The Blacklist,21667900,266189
,0,2022-07-07 21:13:45,original,2022-07-07 21:13:45,1,2,1440,"That Winter, the Wind Blows",21667900,266362
,0,2018-11-06 13:34:24,original,2018-11-06 13:34:24,1,2,1440,Broadchurch,21667900,266398
,0,2018-11-06 13:35:22,original,2018-11-06 13:35:22,1,2,1440,Rectify,21667900,266609
,0,2018-06-26 17:09:29,original,2018-06-26 17:09:29,1,2,1440,The Originals,21667900,266883
,0,2018-06-26 16:49:49,original,2018-06-26 16:49:49,1,2,1440,Mom,21667900,266967
,0,2018-09-22 04:00:10,original,2018-09-22 04:00:10,1,2,1440,Attack on Titan,21667900,267440
,0,2018-09-29 14:01:56,original,2018-09-29 14:01:56,1,2,1440,The Fosters (2013),21667900,267907
,0,2018-06-26 14:39:24,original,2018-06-26 14:39:24,1,2,1440,Sense8,21667900,268156
,0,2018-06-26 17:00:33,original,2018-10-08 12:14:15,0,2,1440,The 100,21667900,268592
,0,2020-04-19 10:34:15,original,2020-04-19 10:34:15,1,2,1440,Quarry,21667900,269110
,0,2018-11-07 05:38:54,original,2018-11-07 05:38:54,1,2,1440,The Musketeers,21667900,269159
,0,2018-07-07 16:43:09,original,2018-07-07 16:43:09,1,2,1440,Sleepy Hollow,21667900,269578
,0,2018-08-05 10:29:57,original,2018-08-05 10:29:57,1,2,1440,Brooklyn Nine-Nine,21667900,269586
,0,2018-07-10 16:23:40,original,2018-07-10 16:23:40,1,2,1440,Reign (2013),21667900,269602
,0,2018-07-16 11:27:25,original,2018-07-16 11:27:25,1,2,1440,Star-Crossed,21667900,269604
,0,2018-07-16 10:27:54,original,2018-07-16 10:27:54,1,2,1440,Fargo,21667900,269613
,0,2018-10-01 08:19:41,original,2018-10-01 08:19:41,1,2,1440,Betrayal,21667900,269647
,0,2018-11-10 16:32:41,original,2018-11-10 16:32:41,1,2,1440,Resurrection,21667900,269650
,0,2018-06-26 17:21:33,original,2018-06-26 17:21:33,1,2,1440,The Leftovers,21667900,269689
,0,2018-06-26 17:21:11,original,2018-06-26 17:21:11,1,2,1440,Outlander,21667900,270408
,0,2018-08-15 08:52:52,original,2018-08-15 08:52:52,1,2,1440,The Affair,21667900,270439
,0,2018-09-12 11:59:12,original,2018-09-12 11:59:12,1,2,1440,True Detective,21667900,270633
,0,2018-10-26 04:31:00,original,2018-10-26 04:31:00,1,2,1440,Peaky Blinders,21667900,270915
,0,2018-06-27 07:14:59,original,2018-06-27 07:14:59,1,2,1440,12 Monkeys,21667900,272644
,0,2018-06-26 18:02:23,original,2018-06-26 18:02:23,1,2,1440,Better Call Saul,21667900,273181
,0,2019-07-09 12:10:50,original,2019-07-09 12:10:50,1,2,1440,Looking,21667900,274337
,0,2018-06-27 08:49:15,original,2018-06-27 08:49:15,1,2,1440,Gotham,21667900,274431
,0,2018-10-01 08:21:56,original,2018-10-01 08:21:56,1,2,1440,Salem,21667900,274897
,0,2018-11-27 06:33:13,original,2018-11-27 06:33:13,1,2,1440,Anna Karenina (2013),21667900,276031
,0,2019-09-15 12:35:37,original,2019-09-15 12:35:37,0,2,1440,Rosemary's Baby,21667900,276147
,0,2018-08-15 08:53:45,original,2018-08-15 08:53:45,1,2,1440,Power,21667900,276562
,0,2018-07-16 16:15:43,original,2018-07-16 16:15:43,1,2,1440,Olive Kitteridge,21667900,276842
,0,2018-06-27 07:16:09,original,2018-06-27 07:16:09,1,2,1440,Silicon Valley,21667900,277165
,0,2018-12-05 11:04:55,original,2018-12-05 11:04:55,1,2,1440,Bosch,21667900,277928
,0,2018-08-09 16:27:31,original,2018-08-09 16:27:31,1,2,1440,Mozart in the Jungle,21667900,278335
,0,2018-07-17 16:18:09,original,2018-07-17 16:18:09,1,2,1440,Our Girl,21667900,278640
,0,2018-06-26 16:58:50,original,2018-06-26 16:58:50,1,2,1440,The Flash (2014),21667900,279121
,0,2018-08-05 13:51:25,original,2018-08-05 13:51:25,1,2,1440,Deadbeat,21667900,279392
,0,2018-10-01 16:20:54,original,2018-10-01 16:20:54,1,2,1440,Billions,21667900,279536
,0,2020-08-24 03:27:51,original,2020-08-24 03:27:51,1,2,1440,Blue Spring Ride,21667900,279554
,0,2018-10-01 04:18:01,original,2018-10-01 04:18:01,1,2,1440,Your Lie in April,21667900,279830
,0,2019-07-10 11:20:53,original,2019-07-10 11:20:53,1,2,1440,The Knick,21667900,279977
,0,2018-11-14 11:04:24,original,2018-11-14 11:04:24,1,2,1440,Prey (2014),21667900,280361
,0,2018-11-06 13:33:29,original,2018-11-06 13:33:29,1,2,1440,Happy Valley,21667900,280537
,0,2018-07-17 16:18:22,original,2018-07-17 16:18:22,1,2,1440,Poldark (2015),21667900,280582
,0,2018-06-26 17:26:22,original,2018-06-26 17:26:22,1,2,1440,The Expanse,21667900,280619
,0,2018-07-03 16:39:59,original,2018-07-03 16:39:59,1,2,1440,Younger,21667900,280706
,0,2018-10-24 07:57:41,original,2018-10-24 07:57:41,1,2,1440,Tokyo Ghoul,21667900,281249
,0,2018-11-10 16:30:06,original,2018-11-10 16:30:06,1,2,1440,Complications,21667900,281256
,0,2018-07-22 10:42:21,original,2018-07-22 10:42:21,1,2,1440,Tut,21667900,281367
,0,2018-11-10 16:32:57,original,2018-11-10 16:32:57,1,2,1440,Red Band Society (US),21667900,281532
,0,2019-01-04 10:01:49,original,2019-01-04 10:01:49,1,2,1440,Forever (2014),21667900,281535
,0,2018-07-16 11:28:04,original,2018-07-16 11:28:04,1,2,1440,The Whispers,21667900,281536
,0,2018-11-14 11:02:56,original,2018-11-14 11:02:56,1,2,1440,American Crime,21667900,281613
,0,2018-06-27 08:49:11,original,2018-06-27 08:49:11,1,2,1440,How to Get Away with Murder,21667900,281620
,0,2018-08-15 08:53:06,original,2018-08-15 08:53:06,1,2,1440,Jane the Virgin,21667900,281621
,0,2018-10-05 06:12:24,original,2018-10-05 06:12:24,1,2,1440,Over the Garden Wall,21667900,281643
,0,2018-06-26 16:55:07,original,2018-06-26 16:55:07,1,2,1440,Marvel's Daredevil,21667900,281662
,0,2018-07-16 11:27:15,original,2018-07-16 11:27:15,1,2,1440,Stalker,21667900,281697
,0,2018-06-27 07:16:24,original,2018-06-27 07:16:24,1,2,1440,Ballers,21667900,281714
,0,2018-06-26 17:17:06,original,2018-06-26 17:17:06,1,2,1440,Wolf Hall,21667900,281977
,0,2022-02-17 04:57:38,original,2022-02-17 04:57:38,1,2,1440,BoJack Horseman,21667900,282254
,0,2018-07-16 11:25:16,original,2018-07-16 11:25:16,1,2,1440,Flesh and Bone,21667900,282400
,1,2018-06-26 14:43:24,original,2018-07-14 11:07:49,1,2,1440,Narcos,21667900,282670
,0,2018-06-26 17:24:53,original,2018-06-26 17:24:53,1,2,1440,The Returned (US),21667900,283317
,0,2021-02-20 06:41:35,original,2021-03-16 10:55:02,0,2,1440,Assassination Classroom,21667900,283947
,0,2021-02-09 08:46:31,original,2021-02-20 06:42:54,0,2,1440,The Seven Deadly Sins,21667900,284131
,0,2018-06-26 17:09:52,original,2018-06-26 17:09:52,1,2,1440,Marvel's Jessica Jones,21667900,284190
,0,2018-06-26 17:29:11,original,2018-06-26 17:29:11,1,2,1440,Colony,21667900,284210
,0,2018-11-10 06:50:53,original,2018-11-10 06:50:53,1,2,1440,London Spy,21667900,286179
,0,2018-09-29 08:52:01,original,2018-09-29 08:52:01,1,2,1440,Bloodline,21667900,287314
,0,2018-11-19 09:45:50,original,2018-11-19 09:45:50,1,2,1440,The Royals (2015),21667900,288963
,0,2018-09-12 11:58:08,original,2018-09-12 11:58:08,1,2,1440,The Shannara Chronicles,21667900,289096
,0,2018-07-09 15:28:24,original,2018-07-09 15:28:24,1,2,1440,American Crime Story,21667900,289108
,0,2018-10-01 08:19:03,original,2018-10-01 08:19:03,1,2,1440,Mr. Robot,21667900,289590
,0,2018-10-01 08:23:08,original,2018-10-01 08:23:08,1,2,1440,The Jinx,21667900,289946
,0,2018-12-21 05:28:28,original,2018-12-21 05:28:28,1,2,1440,The Night Manager,21667900,290508
,0,2018-07-16 10:27:29,original,2018-07-16 10:27:29,1,2,1440,The Heavy Water War,21667900,290668
,0,2018-09-02 13:40:05,original,2019-07-14 04:33:46,0,2,1440,Fear the Walking Dead,21667900,290853
,0,2020-03-18 11:00:46,original,2020-03-18 11:00:46,1,2,1440,Humans,21667900,292124
,0,2018-06-26 17:26:31,original,2018-06-26 17:26:31,1,2,1440,Dark Matter,21667900,292174
,0,2019-09-15 12:48:00,original,2019-09-15 12:48:05,0,2,1440,Someone Like You,21667900,292420
,0,2018-11-12 05:43:43,original,2018-11-12 05:43:43,1,2,1440,Stitchers,21667900,292745
,1,2020-08-31 05:52:06,original,2021-02-20 06:42:34,1,2,1440,One-Punch Man,21667900,293088
,0,2018-08-06 08:11:43,original,2018-08-06 08:11:43,1,2,1440,Between,21667900,293194
,0,2018-07-10 16:24:09,original,2018-07-10 16:24:09,1,2,1440,Scream Queens,21667900,293302
,0,2018-07-22 05:38:27,original,2018-07-22 05:38:27,1,2,1440,Scream: The TV Series,21667900,294417
,0,2018-11-01 11:40:11,original,2018-11-01 11:40:11,1,2,1440,Recovery Road,21667900,294882
,0,2018-07-09 15:29:37,original,2018-07-09 15:29:37,1,2,1440,Dragon Ball Super,21667900,295068
,0,2018-09-29 08:52:56,original,2018-09-29 08:52:56,1,2,1440,Quantico,21667900,295515
,0,2019-09-15 12:46:06,original,2019-09-15 12:46:06,0,2,1440,Best Friends Whenever,21667900,295577
,0,2018-08-15 08:53:07,original,2018-08-15 08:53:07,1,2,1440,Blindspot,21667900,295647
,0,2018-11-27 16:46:20,original,2018-11-27 16:46:20,1,2,1440,Second Chance (2016),21667900,295684
,0,2018-06-27 08:50:49,original,2018-06-27 08:50:49,1,2,1440,Lucifer,21667900,295685
,0,2018-11-10 16:30:53,original,2018-11-10 16:30:53,1,2,1440,Limitless,21667900,295743
,0,2018-10-22 04:19:48,original,2018-11-13 04:55:05,0,2,1440,DC's Legends of Tomorrow,21667900,295760
,0,2018-10-07 12:49:12,original,2018-10-07 12:49:12,1,2,1440,The Man in the High Castle,21667900,295829
,0,2018-06-26 17:21:39,original,2018-06-26 17:21:39,1,2,1440,Shadowhunters,21667900,295837
,0,2018-06-26 16:55:26,original,2018-06-26 16:55:26,1,2,1440,Ash vs Evil Dead,21667900,296295
,0,2018-06-26 14:38:46,original,2019-07-09 12:08:30,1,2,1440,Westworld,21667900,296762
,1,2020-07-10 13:18:42,original,2020-07-23 16:34:56,1,2,1440,The Girlfriend Experience,21667900,297346
,0,2018-06-26 16:48:32,original,2018-06-26 16:48:32,1,2,1440,The Last Kingdom,21667900,298566
,0,2018-08-05 13:52:19,original,2018-08-05 13:52:19,1,2,1440,Master of None,21667900,298901
,0,2018-06-26 17:25:15,original,2018-06-26 17:25:15,1,2,1440,The Magicians (2015),21667900,299139
,0,2018-07-24 13:17:37,original,2018-07-24 13:17:37,1,2,1440,Project Mc²,21667900,299260
,0,2018-06-26 17:16:19,original,2018-06-26 17:16:19,1,2,1440,War & Peace (2016),21667900,299408
,0,2019-06-09 05:17:00,original,2019-06-09 05:17:00,1,2,1440,Doctor Foster,21667900,299845
,0,2018-10-01 08:24:20,original,2018-10-01 08:24:20,1,2,1440,And Then There Were None,21667900,299855
,0,2018-07-17 16:18:51,original,2018-07-17 16:18:51,1,2,1440,Sneaky Pete,21667900,300166
,0,2018-10-30 09:25:18,original,2018-10-30 09:25:18,1,2,1440,Versailles (2015),21667900,300280
,0,2018-11-06 07:31:17,original,2018-11-06 07:31:17,1,2,1440,Elise's Secret,21667900,300699
,0,2018-10-01 08:20:11,original,2018-10-01 08:20:11,1,2,1440,Dickensian,21667900,301224
,0,2018-07-16 10:29:06,original,2018-07-16 10:29:06,1,2,1440,River,21667900,301608
,0,2018-06-27 12:33:38,original,2018-06-27 12:33:38,1,2,1440,11.22.63,21667900,301824
,0,2018-07-22 05:38:40,original,2020-08-19 03:39:02,1,2,1440,Victoria,21667900,302205
,0,2018-07-24 13:23:24,original,2018-07-24 13:23:24,1,2,1440,Erased,21667900,303071
,0,2018-09-23 04:48:37,original,2018-09-23 04:48:37,1,2,1440,Making a Murderer,21667900,303210
,0,2019-02-11 08:37:30,original,2019-02-11 08:37:30,1,2,1440,Skam,21667900,303786
,0,2018-08-15 08:55:18,original,2018-08-15 08:55:18,1,2,1440,The Path,21667900,304196
,0,2018-08-06 08:11:22,original,2018-08-06 08:11:22,1,2,1440,Marvel's Luke Cage,21667900,304219
,0,2018-09-06 16:09:44,original,2018-09-06 16:09:44,1,2,1440,Animal Kingdom (2016),21667900,304262
,0,2023-03-11 22:33:48,original,2023-03-11 22:33:48,1,2,1440,My Hero Academia,21667900,305074
,0,2020-07-29 08:37:58,original,2020-07-29 08:37:58,1,2,1440,Crashing,21667900,305177
,0,2018-11-01 04:56:21,original,2018-11-01 04:56:21,1,2,1440,Slasher,21667900,305194
,0,2018-06-26 14:38:06,original,2018-06-26 14:38:06,1,2,1440,Stranger Things,21667900,305288
,0,2022-08-10 12:44:24,original,2022-08-10 12:44:24,1,2,1440,Descendants of the Sun,21667900,305327
,0,2018-08-06 08:11:41,original,2018-08-06 08:11:41,1,2,1440,Love,21667900,305378
,0,2018-06-26 14:43:50,original,2018-06-26 14:43:50,1,2,1440,The Crown,21667900,305574
,0,2018-10-20 11:52:32,original,2018-10-20 11:52:32,1,2,1440,Wynonna Earp,21667900,305582
,0,2018-06-26 14:57:39,original,2018-06-26 14:57:39,1,2,1440,Big Little Lies,21667900,305719
,0,2018-06-26 16:54:57,original,2018-06-26 16:54:57,1,2,1440,A Series of Unfortunate Events,21667900,306304
,0,2018-07-17 16:20:01,original,2018-07-17 16:20:01,1,2,1440,Thirteen,21667900,307636
,0,2018-09-19 14:05:57,original,2018-09-19 14:05:57,1,2,1440,Orange,21667900,307868
,0,2018-08-01 09:05:49,original,2018-08-01 09:05:49,1,2,1440,The Living and the Dead,21667900,308509
,0,2019-04-12 16:24:57,original,2019-04-12 16:24:57,1,2,1440,The Story of God with Morgan Freeman,21667900,308585
,0,2018-08-01 09:04:35,original,2018-08-01 09:04:35,1,2,1440,American Gothic (2016),21667900,309053
,0,2018-11-12 05:44:09,original,2018-11-12 05:44:09,1,2,1440,You Me Her,21667900,309130
,0,2018-07-16 11:25:33,original,2018-07-16 11:25:33,1,2,1440,Guilt (2016),21667900,309990
,0,2018-07-16 11:24:43,original,2018-07-16 11:24:43,1,2,1440,Dead of Summer,21667900,309992
,0,2018-06-27 07:16:17,original,2018-06-27 07:16:17,1,2,1440,The Night Of,21667900,310516
,0,2018-10-01 08:22:17,original,2018-10-01 08:22:17,1,2,1440,StartUp,21667900,310614
,0,2018-07-07 16:42:07,original,2018-07-07 16:42:07,1,2,1440,The Good Place,21667900,311711
,0,2018-08-12 08:12:47,original,2018-08-12 08:12:47,1,2,1440,Timeless (2016),21667900,311713
,0,2018-06-26 14:55:31,original,2018-06-26 14:55:31,1,2,1440,This Is Us,21667900,311714
,0,2018-11-11 05:34:43,original,2018-11-11 05:34:43,1,2,1440,Shooter,21667900,311900
,0,2018-07-08 07:46:25,original,2018-07-08 07:46:25,1,2,1440,Man with a Plan,21667900,311946
,0,2018-08-03 03:02:44,original,2019-10-30 06:45:21,0,2,1440,Riverdale,21667900,311954
,0,2018-07-24 13:17:17,original,2018-07-24 13:17:17,1,2,1440,Gilmore Girls: A Year in the Life,21667900,311987
,0,2018-06-26 16:51:49,original,2018-06-26 16:51:49,1,2,1440,Medici,21667900,313024
,1,2018-06-26 18:02:24,original,2019-12-12 06:26:59,1,2,1440,Better Things,21667900,313270
,0,2018-09-29 08:53:56,original,2018-09-29 08:53:56,1,2,1440,Z: The Beginning of Everything,21667900,313880
,0,2018-10-30 09:25:07,original,2018-10-30 09:25:07,1,2,1440,The Young Pope,21667900,313969
,0,2018-08-05 13:52:42,original,2018-08-05 13:52:42,1,2,1440,High Maintenance (2016),21667900,314324
,0,2018-07-25 11:49:24,original,2018-07-25 11:49:24,1,2,1440,The Collection,21667900,314374
,0,2018-06-26 14:44:12,original,2018-06-26 14:44:12,1,2,1440,Travelers (2016),21667900,314544
,0,2018-06-26 18:02:35,original,2018-06-26 18:02:35,1,2,1440,Divorce (2016),21667900,314599
,0,2018-11-10 16:28:31,original,2018-11-10 16:28:31,1,2,1440,Fleabag,21667900,314614
,0,2018-08-15 08:53:05,original,2018-08-15 08:53:05,1,2,1440,Insecure,21667900,314986
,0,2018-09-27 16:21:52,original,2018-09-27 16:21:52,1,2,1440,Channel Zero,21667900,315178
,0,2018-11-02 12:43:39,original,2018-11-02 12:43:39,1,2,1440,The Last Tycoon,21667900,315364
,0,2018-06-26 14:53:00,original,2018-06-26 14:53:00,1,2,1440,Eyewitness,21667900,315460
,0,2022-05-19 21:40:42,original,2022-05-19 21:40:42,1,2,1440,Kim's Convenience,21667900,315908
,0,2018-12-02 05:46:41,original,2018-12-02 05:46:41,1,2,1440,Mars (2016),21667900,316345
,0,2018-12-05 14:58:39,original,2018-12-05 14:58:39,1,2,1440,Goblin,21667900,317220
,0,2018-06-27 07:16:58,original,2018-06-27 07:16:58,1,2,1440,The Deuce,21667900,317728
,0,2018-09-22 04:47:04,original,2018-09-22 04:47:04,1,2,1440,Captive,21667900,317928
,0,2018-08-06 08:11:24,original,2018-08-06 08:11:24,1,2,1440,Marvel's Iron Fist,21667900,317953
,0,2018-07-24 13:20:54,original,2019-06-26 13:22:20,0,2,1440,Beyond,21667900,318106
,0,2018-11-07 05:39:46,original,2018-11-07 05:39:46,1,2,1440,Queen of Shadows,21667900,318209
,0,2018-10-08 07:29:30,original,2018-10-08 07:29:30,1,2,1440,White Nights,21667900,318666
,0,2020-08-19 08:26:47,original,2020-08-19 08:26:47,1,2,1440,Scum's Wish,21667900,318895
,0,2018-10-01 08:22:34,original,2018-10-01 08:22:34,1,2,1440,Strike,21667900,319742
,0,2018-07-09 09:16:08,original,2018-07-09 09:16:08,1,2,1440,Harlots,21667900,319861
,0,2020-04-27 11:08:10,original,2020-04-27 11:08:10,1,2,1440,Little Things,21667900,319895
,0,2018-07-24 13:20:23,original,2018-07-24 13:20:23,1,2,1440,Santa Clarita Diet,21667900,320450
,0,2020-08-31 05:49:05,original,2020-08-31 05:49:05,1,2,1440,Legion,21667900,320724
,0,2018-07-16 11:24:15,original,2018-07-16 11:24:15,1,2,1440,Confess,21667900,320874
,0,2018-06-26 14:39:16,original,2018-06-26 14:39:16,1,2,1440,The OA,21667900,321060
,0,2018-06-26 14:38:06,original,2018-06-26 14:38:06,1,2,1440,The Handmaid's Tale,21667900,321239
,0,2018-10-05 05:17:56,original,2018-10-05 05:17:56,1,2,1440,Ultimate Beastmaster,21667900,321372
,0,2018-11-07 05:41:42,original,2018-11-07 05:41:42,1,2,1440,Jamestown,21667900,322134
,0,2018-07-27 10:49:55,original,2018-07-27 10:49:55,1,2,1440,The Terror,21667900,322191
,0,2018-07-17 16:19:39,original,2018-07-17 16:19:39,1,2,1440,The White Princess,21667900,322212
,0,2018-07-16 10:27:59,original,2018-07-16 10:27:59,1,2,1440,Feud,21667900,322466
,0,2018-10-01 16:19:45,original,2018-10-01 16:19:45,1,2,1440,The Mantis,21667900,322885
,0,2018-10-08 07:30:06,original,2018-10-08 07:30:06,1,2,1440,Abstract: The Art of Design,21667900,322890
,0,2018-07-07 16:40:56,original,2018-07-07 16:40:56,1,2,1440,Anne with an E,21667900,322971
,0,2018-06-26 14:38:06,original,2018-06-26 14:38:06,1,2,1440,13 Reasons Why,21667900,323168
,0,2018-10-01 16:20:45,original,2018-10-01 16:20:45,1,2,1440,Babylon Berlin,21667900,323945
,0,2018-11-21 08:24:06,original,2018-11-21 08:24:06,1,2,1440,Clique,21667900,324488
,0,2018-10-08 07:28:33,original,2018-10-08 07:28:33,1,2,1440,Stranger (2017),21667900,324596
,0,2018-08-19 04:56:59,original,2018-08-19 04:56:59,1,2,1440,Kiss Me First,21667900,324916
,0,2018-09-29 08:56:18,original,2018-09-29 08:56:18,1,2,1440,Salvation,21667900,325517
,0,2018-09-23 09:34:19,original,2018-09-23 09:34:19,1,2,1440,Manhunt (2017),21667900,326288
,0,2018-06-26 17:10:12,original,2018-06-26 17:10:12,1,2,1440,Marvel's The Defenders,21667900,326490
,0,2018-07-17 16:18:34,original,2018-07-17 16:18:34,1,2,1440,Riviera,21667900,326559
,0,2018-07-16 16:16:35,original,2018-07-16 16:16:35,1,2,1440,The Marvelous Mrs. Maisel,21667900,326791
,0,2018-06-27 12:33:12,original,2018-06-27 12:33:12,1,2,1440,The Sinner,21667900,326866
,0,2018-07-17 16:19:21,original,2018-07-17 16:19:24,0,2,1440,The Mist,21667900,326887
,0,2018-09-29 08:53:11,original,2018-09-29 08:53:11,1,2,1440,Somewhere Between,21667900,326987
,0,2018-10-05 08:00:04,original,2018-10-05 08:00:04,1,2,1440,Suburra: Blood on Rome,21667900,327138
,0,2018-09-27 16:21:17,original,2018-09-27 16:21:17,1,2,1440,The Keepers,21667900,327175
,0,2021-03-01 11:48:13,original,2021-03-01 11:48:13,1,2,1440,Better Than Us,21667900,327325
,0,2018-06-27 07:14:48,original,2018-06-27 07:14:48,1,2,1440,Money Heist,21667900,327417
,0,2018-07-16 11:25:41,original,2018-07-16 11:25:41,1,2,1440,Gypsy,21667900,328292
,0,2018-10-05 07:59:46,original,2018-10-05 07:59:46,1,2,1440,Happy!,21667900,328361
,0,2018-10-03 16:10:02,original,2018-10-03 16:10:02,1,2,1440,The Gifted,21667900,328552
,0,2018-10-23 14:40:33,original,2018-10-23 14:40:33,1,2,1440,The Resident,21667900,328569
,0,2018-06-26 17:27:29,original,2018-06-26 17:27:29,1,2,1440,Krypton,21667900,328599
,0,2018-07-16 11:27:48,original,2018-07-16 11:27:48,1,2,1440,The Crossing,21667900,328631
,0,2018-10-04 05:29:22,original,2018-10-04 05:29:22,1,2,1440,The Good Doctor,21667900,328634
,0,2018-08-12 11:30:16,original,2018-08-12 11:30:16,1,2,1440,The Alienist,21667900,328690
,0,2018-06-26 14:43:59,original,2018-06-26 14:43:59,1,2,1440,MINDHUNTER,21667900,328708
,0,2020-08-04 06:51:30,original,2020-08-04 06:51:30,1,2,1440,A Silent Voice,21667900,328719
,0,2018-07-03 16:40:21,original,2018-07-03 16:40:21,1,2,1440,Young Sheldon,21667900,328724
,0,2018-07-24 13:19:58,original,2018-07-24 13:19:58,1,2,1440,Dynasty (2017),21667900,328749
,0,2018-07-17 16:17:53,original,2018-07-17 16:17:53,1,2,1440,Life Sentence,21667900,328756
,0,2018-10-05 08:00:48,original,2018-10-05 08:00:48,1,2,1440,Castlevania,21667900,329065
,0,2018-06-26 15:03:45,original,2018-06-26 15:03:45,1,2,1440,Ozark,21667900,329089
,0,2018-11-12 05:43:35,original,2018-11-12 05:43:35,1,2,1440,The Forest,21667900,329204
,0,2018-07-16 16:15:17,original,2018-07-16 16:15:17,1,2,1440,Fearless (2017),21667900,329353
,0,2018-06-29 02:53:41,original,2018-06-29 02:53:41,1,2,1440,Alias Grace,21667900,329586
,1,2020-09-23 13:07:37,original,2020-10-24 07:26:21,1,2,1440,Violet Evergarden,21667900,330139
,0,2018-06-27 12:32:54,original,2018-06-27 12:32:54,1,2,1440,Atypical,21667900,330374
,0,2018-07-16 16:17:18,original,2018-07-16 16:17:18,1,2,1440,Absentia,21667900,330500
,0,2018-07-22 05:37:44,original,2018-12-05 15:00:11,1,2,1440,Castle Rock,21667900,331600
,0,2018-07-16 11:28:44,original,2018-07-16 11:28:44,1,2,1440,Morocco: Love in Times of War,21667900,331722
,0,2018-08-06 08:11:26,original,2018-08-06 08:11:26,1,2,1440,Marvel's The Punisher,21667900,331980
,0,2018-07-24 13:20:12,original,2018-07-24 13:20:12,1,2,1440,Marvel's Runaways,21667900,332027
,0,2020-08-22 09:49:16,original,2020-08-22 09:49:16,1,2,1440,Your name,21667900,332271
,0,2018-06-26 14:42:50,original,2018-06-26 14:42:50,1,2,1440,Altered Carbon,21667900,332331
,0,2018-11-26 12:20:17,original,2018-11-26 12:20:17,1,2,1440,Liar,21667900,332577
,0,2018-12-15 05:44:40,original,2018-12-15 05:44:40,1,2,1440,American Vandal,21667900,332828
,0,2019-04-15 11:53:34,original,2019-04-15 11:53:34,1,2,1440,Barry,21667900,333072
,0,2018-11-28 14:19:07,original,2018-11-28 14:19:07,1,2,1440,The Story of Diana,21667900,333114
,0,2018-11-14 11:04:07,original,2018-11-14 11:04:07,1,2,1440,Oasis,21667900,333672
,0,2018-06-26 14:44:21,original,2018-06-26 14:44:21,1,2,1440,Godless,21667900,333801
,0,2018-07-24 13:21:46,original,2018-07-24 13:21:46,1,2,1440,Gunpowder,21667900,334069
,0,2018-08-06 08:11:50,original,2018-08-06 08:11:50,1,2,1440,Greenhouse Academy,21667900,334366
,0,2018-11-07 05:39:21,original,2018-11-07 05:39:21,1,2,1440,Howards End,21667900,334451
,0,2018-11-01 11:39:34,original,2018-11-01 11:39:34,1,2,1440,The Confession Tapes,21667900,334680
,0,2018-06-26 17:26:29,original,2018-06-26 17:26:29,1,2,1440,Dark,21667900,334824
,0,2022-08-10 12:43:13,original,2022-08-10 12:43:13,1,2,1440,Just Between Lovers,21667900,335825
,1,2020-07-22 07:38:51,original,2021-05-19 09:30:21,1,2,1440,Collateral,21667900,336079
,0,2018-08-12 11:30:27,original,2018-08-12 11:30:27,1,2,1440,The Miniaturist,21667900,336081
,0,2018-09-02 13:39:40,original,2018-09-02 13:39:40,1,2,1440,Tom Clancy's Jack Ryan,21667900,336261
,0,2018-11-14 11:03:52,original,2018-11-14 11:03:52,1,2,1440,Little Women (2017),21667900,336460
,0,2018-06-27 08:49:36,original,2018-06-27 08:49:36,1,2,1440,The End of the F***ing World,21667900,336522
,0,2018-11-12 15:03:10,original,2018-11-12 15:03:10,1,2,1440,The Chi,21667900,336602
,0,2018-07-16 11:23:00,original,2018-07-16 11:23:00,1,2,1440,You,21667900,336924
,0,2020-09-03 08:39:48,original,2020-09-03 08:39:48,1,2,1440,DARLING in the FRANXX,21667900,337017
,0,2018-08-18 04:49:52,original,2018-08-18 04:49:52,1,2,1440,Erased (2017),21667900,337206
,1,2018-06-26 14:41:31,original,2018-07-14 12:26:59,1,2,1440,Counterpart,21667900,337302
,0,2018-07-16 16:17:13,original,2018-07-16 16:17:13,1,2,1440,9-1-1,21667900,337907
,0,2021-10-19 11:03:03,original,2021-10-19 11:03:03,1,2,1440,Succession,21667900,338186
,0,2018-07-16 16:15:27,original,2018-07-16 16:15:27,1,2,1440,Here and Now (2018),21667900,338798
,0,2018-07-16 10:27:15,original,2018-07-16 10:27:15,1,2,1440,Patrick Melrose,21667900,338946
,0,2018-10-01 08:25:42,original,2018-10-01 08:25:42,1,2,1440,Chilling Adventures of Sabrina,21667900,338947
,0,2018-09-22 04:00:23,original,2018-09-22 04:00:23,1,2,1440,B: The Beginning,21667900,339353
,0,2018-10-30 09:25:27,original,2018-10-30 09:25:27,1,2,1440,The Truth About the Harry Quebert Affair,21667900,339464
,0,2019-10-28 09:17:48,original,2019-10-28 09:17:48,1,2,1440,Sweetbitter,21667900,339512
,0,2018-07-16 11:27:02,original,2018-07-16 11:27:02,1,2,1440,Seven Seconds,21667900,339602
,0,2018-10-05 07:57:15,original,2018-10-05 07:57:15,1,2,1440,Disenchantment,21667900,340234
,0,2018-10-05 07:58:52,original,2018-10-05 07:58:52,1,2,1440,Killing Eve,21667900,340959
,0,2018-07-16 10:26:57,original,2018-07-16 10:26:57,1,2,1440,Yellowstone (2018),21667900,341164
,0,2018-06-27 12:33:07,original,2018-06-27 12:33:07,1,2,1440,Everything Sucks!,21667900,341282
,0,2018-07-02 14:47:26,original,2018-07-02 14:47:26,1,2,1440,Safe (2018),21667900,341291
,0,2018-09-06 16:08:49,original,2018-09-06 16:08:49,1,2,1440,Requiem,21667900,341477
,0,2018-06-26 17:08:03,original,2018-06-26 17:08:03,1,2,1440,Queer Eye,21667900,341614
,0,2018-07-07 16:42:18,original,2018-07-07 16:42:18,1,2,1440,The Rain,21667900,341704
,0,2018-10-01 08:20:44,original,2018-10-01 08:20:44,1,2,1440,The Miracle (2018),21667900,341784
,0,2022-07-01 12:50:59,original,2022-07-01 12:50:59,1,2,1440,My Mister,21667900,341871
,0,2018-06-26 17:13:05,original,2018-06-26 17:13:05,1,2,1440,Wild Wild Country,21667900,342040
,0,2022-06-16 20:53:57,original,2022-06-16 20:53:57,1,2,1440,Something in the Rain,21667900,342849
,0,2018-07-16 11:22:22,original,2018-07-16 11:22:22,1,2,1440,The Innocents,21667900,342883
,0,2018-06-26 14:57:06,original,2018-06-26 14:57:06,1,2,1440,Lost in Space (2018),21667900,343253
,0,2018-07-09 09:18:05,original,2018-09-27 16:26:13,0,2,1440,Sacred Games,21667900,343435
,0,2018-10-30 04:20:36,original,2018-10-30 04:20:36,1,2,1440,The Little Drummer Girl,21667900,344141
,0,2019-06-11 03:47:47,original,2019-06-11 03:47:47,1,2,1440,Skam Italy,21667900,344216
,0,2018-11-18 06:09:18,original,2018-11-18 06:09:18,1,2,1440,My Brilliant Friend,21667900,344626
,0,2018-11-14 11:04:15,original,2018-11-14 11:04:15,1,2,1440,Ordeal by Innocence,21667900,344813
,0,2018-10-29 05:55:22,original,2018-10-29 05:55:22,1,2,1440,Angels of Death,21667900,344844
,0,2018-10-01 08:25:30,original,2021-01-05 03:28:35,1,2,1440,The Haunting,21667900,345246
,0,2020-08-22 03:39:45,original,2020-08-22 03:39:45,1,2,1440,Rascal Does Not Dream of Bunny Girl Senpai,21667900,345596
,0,2018-10-06 05:08:07,original,2018-10-06 05:08:07,1,2,1440,Elite,21667900,346328
,0,2018-06-27 12:32:58,original,2018-06-27 12:32:58,1,2,1440,November 13: Attack on Paris,21667900,346357
,0,2018-06-26 14:58:37,original,2018-06-27 12:33:16,1,2,1440,Sharp Objects,21667900,346602
,0,2018-06-27 12:33:03,original,2018-06-27 12:33:03,1,2,1440,Evil Genius,21667900,347033
,0,2020-08-22 10:25:21,original,2020-08-22 10:25:21,1,2,1440,Unfaithful,21667900,347105
,1,2022-07-14 18:52:25,original,2022-08-08 21:18:24,1,2,1440,Hymn of Death,21667900,347246
,0,2018-07-16 11:22:31,original,2018-07-16 11:22:31,1,2,1440,The House of Flowers,21667900,347325
,0,2018-07-07 16:42:26,original,2018-12-05 00:36:53,0,2,1440,Nightflyers,21667900,347648
,0,2018-10-30 09:28:27,original,2018-10-30 09:28:27,1,2,1440,Light as a Feather,21667900,347708
,0,2018-09-06 16:08:18,original,2018-09-06 16:08:18,1,2,1440,The Hollow (2018),21667900,347726
,0,2021-02-06 12:55:09,original,2021-02-06 12:55:09,1,2,1440,The Promised Neverland,21667900,348002
,0,2018-12-28 12:29:51,original,2018-12-28 12:29:51,1,2,1440,The ABC Murders,21667900,348026
,0,2018-07-16 11:23:22,original,2018-11-10 16:36:00,0,2,1440,All American,21667900,348200
,1,2019-06-15 02:16:01,original,2021-03-16 10:55:19,1,2,1440,Gentleman Jack,21667900,348443
,0,2018-12-03 05:59:39,original,2018-12-03 05:59:39,1,2,1440,Memories of the Alhambra,21667900,348488
,0,2020-08-16 10:25:39,original,2020-08-16 10:25:39,1,2,1440,Demon Slayer: Kimetsu no Yaiba,21667900,348545
,1,2018-08-16 04:56:05,original,2018-11-08 11:23:47,1,2,1440,Legacies,21667900,349309
,0,2018-10-25 11:42:53,original,2018-10-25 11:42:53,1,2,1440,Bodyguard (2018),21667900,349310
,0,2022-07-25 00:50:40,original,2022-07-25 00:50:40,1,2,1440,Familiar Wife,21667900,349512
,0,2018-12-15 05:44:52,original,2018-12-15 05:44:52,1,2,1440,The Purge,21667900,349661
,0,2018-11-20 11:31:28,original,2018-11-20 11:31:28,1,2,1440,Escape at Dannemora,21667900,349738
,0,2018-09-29 08:55:02,original,2018-09-29 08:55:06,0,2,1440,I Am a Killer,21667900,349934
,0,2018-09-29 08:55:15,original,2018-11-26 22:52:57,1,2,1440,I Am the Night,21667900,349997
,0,2018-09-29 08:52:30,original,2018-09-29 08:52:30,1,2,1440,GHOUL,21667900,350056
,0,2018-09-22 04:46:32,original,2018-09-22 04:46:32,1,2,1440,The Dragon Prince,21667900,350123
,0,2018-11-30 13:11:31,original,2018-11-30 13:11:31,1,2,1440,The Mire,21667900,350250
,0,2018-09-06 16:07:46,original,2018-09-06 16:07:46,1,2,1440,Dark Tourist,21667900,350264
,0,2018-11-04 04:45:17,original,2018-11-04 04:45:17,1,2,1440,The Cry,21667900,350382
,0,2019-01-03 16:30:17,original,2019-01-03 16:30:17,1,2,1440,Project Blue Book,21667900,350401
,0,2018-10-05 07:58:37,original,2018-10-05 07:58:37,1,2,1440,Homecoming (2018),21667900,350553
,0,2018-07-16 11:23:09,original,2018-08-10 11:48:06,1,2,1440,A Million Little Things,21667900,350667
,0,2018-11-15 16:04:00,original,2018-11-15 16:04:00,1,2,1440,1983,21667900,350796
,0,2018-07-07 16:42:10,original,2018-08-17 12:21:33,1,2,1440,Maniac (2018),21667900,350864
,0,2019-01-20 14:34:21,original,2019-01-20 14:34:21,1,2,1440,The Kominsky Method,21667900,350869
,0,2018-11-22 14:49:06,original,2018-11-22 14:49:06,1,2,1440,Tell Me a Story (US),21667900,351134
,0,2018-08-01 09:04:12,original,2021-02-20 06:43:00,0,2,1440,A Discovery of Witches,21667900,351291
,0,2022-07-25 15:50:33,original,2022-07-25 15:50:33,1,2,1440,Sorry For Your Loss,21667900,351344
,0,2018-09-06 16:08:31,original,2018-09-06 16:08:34,0,2,1440,Afflicted,21667900,351352
,0,2018-11-02 10:45:08,original,2019-01-05 13:10:35,0,2,1440,Good Trouble,21667900,351504
,0,2020-08-22 10:25:04,original,2020-08-22 10:25:04,1,2,1440,The Guernsey - Literary and Potato Peel Pie Society,21667900,351721
,0,2018-12-05 15:00:53,original,2018-12-05 15:00:53,1,2,1440,Baby,21667900,351911
,0,2019-01-05 16:34:07,original,2019-01-05 16:34:07,1,2,1440,Dogs of Berlin,21667900,352169
,0,2020-11-19 04:06:54,original,2020-11-19 04:06:54,1,2,1440,A Teacher,21667900,352440
,0,2018-10-05 04:18:46,original,2018-10-05 04:18:46,1,2,1440,Avatar: The Last Airbender (2021),21667900,353049
,0,2018-11-14 04:48:13,original,2018-11-14 04:48:13,1,2,1440,Narcos: Mexico,21667900,353232
,0,2019-02-22 11:47:51,original,2019-02-22 11:47:51,1,2,1440,The Umbrella Academy,21667900,353764
,0,2019-01-15 15:43:11,original,2019-01-15 15:43:11,1,2,1440,Les Misérables (2018),21667900,354256
,0,2018-10-23 11:57:32,original,2018-10-23 11:57:32,1,2,1440,Tidelands,21667900,354509
,0,2018-12-25 14:39:22,original,2018-12-25 14:39:22,1,2,1440,The Passage,21667900,354539
,0,2019-10-28 09:17:50,original,2019-10-28 09:17:50,1,2,1440,The Hook Up Plan,21667900,354556
,0,2019-01-20 14:34:35,original,2019-01-20 14:34:35,1,2,1440,Proven Innocent,21667900,354793
,0,2019-01-20 14:34:09,original,2019-01-20 14:34:09,1,2,1440,Kingdom (2019),21667900,355228
,0,2020-11-19 04:07:16,original,2020-11-19 04:07:16,1,2,1440,Our Planet (2019),21667900,355229
,0,2018-12-05 09:31:21,original,2018-12-05 09:31:21,1,2,1440,Mrs Wilson,21667900,355432
,0,2019-07-28 11:18:15,original,2019-07-28 11:18:15,1,2,1440,The Boys,21667900,355567
,0,2021-11-19 07:12:30,original,2021-11-19 07:12:30,1,2,1440,The Wheel of Time,21667900,355730
,0,2021-02-06 12:55:47,original,2021-02-20 06:42:40,0,2,1440,Dr. STONE,21667900,355774
,0,2021-06-11 07:50:22,original,2021-06-11 07:50:22,1,2,1440,Sweet Tooth,21667900,355837
,0,2019-02-22 11:47:45,original,2019-02-22 11:47:45,1,2,1440,Sex Education,21667900,356317
,1,2020-07-22 07:39:28,original,2020-10-14 06:39:32,1,2,1440,Conversations with a Killer: The Ted Bundy Tapes,21667900,356609
,0,2019-02-22 11:47:39,original,2022-04-07 20:45:24,1,2,1440,Russian Doll,21667900,356640
,0,2020-08-08 03:26:45,original,2020-08-08 03:26:45,1,2,1440,Modern Love,21667900,357222
,0,2019-03-30 13:45:33,original,2019-03-30 13:45:33,1,2,1440,Hanna,21667900,357690
,0,2019-10-30 06:44:16,original,2019-10-30 06:44:16,1,2,1440,Undone,21667900,357756
,0,2020-09-15 09:03:04,original,2020-09-15 09:03:04,1,2,1440,Lovecraft Country,21667900,357864
,0,2019-03-30 13:45:29,original,2021-05-29 10:28:33,0,2,1440,"Love, Death & Robots",21667900,357888
,0,2019-12-18 06:08:00,original,2020-09-05 11:23:04,0,2,1440,The Loudest Voice,21667900,358970
,0,2020-11-23 05:33:44,original,2020-11-23 05:33:44,1,2,1440,Vinland Saga,21667900,359274
,0,2020-07-30 13:34:40,original,2020-07-30 13:34:40,0,2,1440,Leaving Neverland,21667900,359331
,0,2018-07-22 05:37:36,original,2019-02-14 18:06:43,1,2,1440,Good Omens,21667900,359569
,0,2019-10-28 09:18:01,original,2019-10-28 09:18:01,1,2,1440,Looking for Alaska,21667900,359638
,0,2022-04-23 01:20:53,original,2022-04-23 01:20:53,1,2,1440,Prison Break,21667900,360115
,0,2019-06-22 08:00:16,original,2019-07-02 16:38:13,1,2,1440,Euphoria (US),21667900,360261
,0,2019-11-12 09:35:47,original,2019-11-12 09:35:47,1,2,1440,His Dark Materials,21667900,360295
,0,2019-06-06 10:00:44,original,2019-06-06 10:00:44,1,2,1440,When They See Us,21667900,360388
,0,2018-11-07 05:39:57,original,2019-03-10 16:44:56,1,2,1440,The Spanish Princess,21667900,360667
,0,2019-01-11 11:11:32,original,2019-04-14 04:56:37,1,2,1440,Watchmen,21667900,360733
,0,2020-01-03 13:09:21,original,2020-01-03 13:09:21,1,2,1440,Spinning Out,21667900,360858
,0,2019-06-06 10:00:52,original,2019-06-06 10:00:52,1,2,1440,Chernobyl,21667900,360893
,0,2021-11-23 16:36:24,original,2021-11-23 16:36:24,1,2,1440,The Morning Show,21667900,361563
,0,2021-01-28 13:21:01,original,2021-01-28 13:21:01,1,2,1440,Dickinson,21667900,361566
,0,2019-11-13 05:18:08,original,2019-11-13 05:18:08,1,2,1440,The Mandalorian,21667900,361753
,0,2022-06-17 00:51:52,original,2022-06-17 00:51:52,1,2,1440,One Spring Night,21667900,362115
,0,2021-02-06 12:55:04,original,2021-02-06 12:55:04,1,2,1440,WandaVision,21667900,362392
,0,2021-06-09 17:13:47,original,2021-06-09 17:13:47,1,2,1440,Loki,21667900,362472
,0,2021-03-22 13:51:26,original,2021-03-22 13:51:26,1,2,1440,The Falcon and The Winter Soldier,21667900,362496
,0,2018-11-11 05:30:31,original,2019-06-24 22:41:09,1,2,1440,The Witcher,21667900,362696
,0,2020-04-18 05:14:22,original,2020-04-18 05:14:22,1,2,1440,Little Fires Everywhere,21667900,363194
,0,2020-10-03 12:55:23,original,2020-10-03 12:55:23,1,2,1440,Emily in Paris,21667900,364439
,0,2021-01-28 13:20:53,original,2021-01-28 13:20:53,1,2,1440,Snowpiercer,21667900,364928
,0,2020-01-16 16:41:44,original,2020-01-16 16:41:44,1,2,1440,The Outsider (2020),21667900,365480
,0,2019-11-13 04:30:57,original,2019-11-13 04:30:57,1,2,1440,Mrs. Fletcher,21667900,366195
,0,2022-08-08 16:39:18,original,2022-08-08 16:39:18,1,2,1440,The Sandman,21667900,366211
,0,2021-01-01 03:43:14,original,2021-01-01 03:43:14,1,2,1440,Bridgerton,21667900,366668
,0,2022-08-31 01:39:37,original,2022-08-31 01:39:37,1,2,1440,Vagabond,21667900,366777
,0,2021-12-05 07:48:13,original,2021-12-05 07:48:13,1,2,1440,Foundation (2021),21667900,366972
,0,2019-09-17 04:58:44,original,2019-09-17 04:58:44,1,2,1440,Unbelievable,21667900,367030
,0,2022-04-15 00:46:34,original,2022-04-15 00:46:34,1,2,1440,Hawkeye (2021),21667900,367146
,0,2020-04-18 16:12:08,original,2020-09-05 11:22:51,0,2,1440,Mrs. America,21667900,367230
,0,2022-04-07 20:45:12,original,2022-04-07 20:45:12,1,2,1440,Defending Jacob,21667900,368122
,0,2020-04-04 16:27:35,original,2020-04-04 16:27:35,1,2,1440,Tales from the Loop,21667900,368210
,0,2020-07-30 13:34:41,original,2020-07-30 13:34:41,1,2,1440,Upload,21667900,368211
,0,2022-06-26 21:57:39,original,2022-06-26 21:57:39,1,2,1440,Crash Landing on You,21667900,368385
,0,2020-10-19 10:47:42,original,2020-10-19 10:47:42,1,2,1440,Inside Bill's Brain: Decoding Bill Gates,21667900,368452
,0,2022-04-03 02:34:49,original,2022-04-03 02:34:49,1,2,1440,Moon Knight,21667900,368611
,0,2022-04-15 00:46:32,original,2022-04-15 00:46:32,1,2,1440,Ms. Marvel,21667900,368612
,0,2022-04-15 00:46:32,original,2022-04-15 00:46:32,1,2,1440,She-Hulk: Attorney at Law,21667900,368613
,0,2020-09-15 09:03:12,original,2020-09-15 09:03:12,1,2,1440,Raised by Wolves (2020),21667900,368643
,0,2023-09-26 01:42:49,original,2023-09-26 01:42:49,1,2,1440,The Great,21667900,369301
,0,2020-08-08 03:28:16,original,2020-08-08 03:28:16,1,2,1440,The Undoing,21667900,369307
,0,2021-04-25 05:55:25,original,2021-04-25 05:55:25,1,2,1440,Shadow and Bone,21667900,369844
,0,2020-07-22 07:39:17,original,2020-07-22 07:39:17,1,2,1440,Cursed (2020),21667900,369950
,0,2021-05-31 15:05:20,original,2021-05-31 15:05:20,1,2,1440,Mare of Easttown,21667900,370112
,0,2022-08-21 20:14:43,original,2022-08-21 20:14:43,1,2,1440,House of the Dragon,21667900,371572
,0,2020-08-08 03:27:50,original,2020-08-08 03:27:55,1,2,1440,Normal People,21667900,371806
,0,2022-02-14 05:05:50,original,2022-02-14 05:05:50,1,2,1440,Virgin River,21667900,371972
,0,2020-09-15 09:03:10,original,2020-09-15 09:03:10,1,2,1440,The Gift (2019),21667900,372912
,0,2021-03-17 03:06:38,original,2021-03-17 03:06:38,1,2,1440,Messiah (2020),21667900,373186
,0,2023-01-17 01:28:49,original,2023-01-17 01:28:49,1,2,1440,"Hi Bye, Mama!",21667900,373415
,0,2020-07-16 06:05:06,original,2020-07-16 06:05:06,1,2,1440,The Stranger,21667900,374977
,1,2020-07-16 06:04:57,original,2020-08-19 09:15:06,1,2,1440,I Am Not Okay With This,21667900,375998
,0,2020-08-05 16:24:34,original,2020-08-05 16:24:34,1,2,1440,Unorthodox,21667900,376122
,0,2023-01-11 03:44:43,original,2023-01-11 03:44:43,1,2,1440,Alice in Borderland (2020),21667900,376472
,0,2021-10-05 10:59:37,original,2021-10-05 10:59:37,1,2,1440,Nine Perfect Strangers,21667900,376815
,0,2022-07-01 12:51:07,original,2022-07-01 12:51:07,1,2,1440,It's Okay to Not Be Okay,21667900,377955
,0,2020-07-22 07:39:27,original,2020-07-22 07:39:27,1,2,1440,The English Game,21667900,378014
,0,2020-07-30 13:34:29,original,2020-07-30 13:34:29,1,2,1440,Jeffrey Epstein: Filthy Rich,21667900,378477
,0,2021-11-23 16:36:21,original,2021-11-23 16:36:21,1,2,1440,Ted Lasso,21667900,383203
,0,2021-10-10 13:23:36,original,2021-10-10 13:23:36,1,2,1440,Squid Game,21667900,383275
,0,2022-08-10 12:44:29,original,2022-08-10 12:44:29,1,2,1440,Snowdrop,21667900,387021
,0,2020-11-11 11:04:51,original,2020-11-11 11:04:51,1,2,1440,The Queen's Gambit,21667900,387115
,0,2020-10-08 06:30:27,original,2020-10-08 06:30:27,1,2,1440,Bad Boy Billionaires: India,21667900,387191
,0,2023-01-11 03:44:59,original,2023-01-11 03:44:59,1,2,1440,The White Lotus,21667900,390430
,0,2022-05-30 02:46:32,original,2022-05-30 02:46:34,0,2,1440,KinnPorsche,21667900,391992
,0,2023-03-11 22:33:44,original,2023-03-11 22:33:44,1,2,1440,The Last of Us,21667900,392256
,0,2023-01-12 18:56:22,original,2023-01-12 18:56:22,1,2,1440,Ginny & Georgia,21667900,393625
,0,2021-10-05 10:58:34,original,2021-10-05 10:58:34,1,2,1440,Scenes From A Marriage (US),21667900,394109
,0,2023-01-12 18:56:25,original,2023-01-12 18:56:25,1,2,1440,Wednesday,21667900,397060
,0,2022-07-24 01:04:49,original,2022-07-24 01:04:49,1,2,1440,My Name,21667900,397441
,0,2022-08-10 12:46:26,original,2022-08-10 12:46:26,1,2,1440,Our Beloved Summer,21667900,398815
,0,2023-05-28 21:19:08,original,2023-05-28 21:19:08,1,2,1440,Yellowjackets,21667900,399731
,0,2021-09-30 16:32:24,original,2021-09-30 16:32:24,1,2,1440,Only Murders in the Building,21667900,399959
,0,2023-01-03 17:48:46,original,2023-01-03 17:48:46,1,2,1440,Alchemy of Souls,21667900,401475
,0,2023-05-28 21:19:12,original,2023-05-28 21:19:15,1,2,1440,Love & Death,21667900,402181
,0,2021-10-23 05:14:24,original,2021-10-23 05:14:24,1,2,1440,Komi Can't Communicate,21667900,402412
,0,2023-05-28 21:19:10,original,2023-05-28 21:19:10,1,2,1440,Silo,21667900,403245
,0,2023-01-11 03:44:44,original,2023-01-11 03:44:44,1,2,1440,Kaleidoscope (2023),21667900,410092
,0,2021-10-10 13:23:56,original,2021-10-10 13:23:56,1,2,1440,House of Secrets: The Burari Deaths,21667900,410156
,0,2023-01-01 03:48:04,original,2023-01-01 03:48:04,1,2,1440,The Glory,21667900,411469
,0,2022-03-06 20:59:27,original,2022-03-06 20:59:27,1,2,1440,The Boys Presents: Diabolical,21667900,413188
,0,2023-03-11 22:33:43,original,2023-03-11 22:33:43,1,2,1440,Daisy Jones and The Six,21667900,416580
,0,2022-07-23 01:04:34,original,2022-07-23 01:04:34,1,2,1440,Extraordinary Attorney Woo,21667900,419950
,0,2023-03-11 22:33:49,original,2023-03-11 22:33:49,1,2,1440,MH370: The Plane That Disappeared,21667900,431139
