series_name,season_number,episode_number,user_id,episode_id,vote_key
Band of Brothers,1,1,21667900,141245,141245-21667900-5
Band of Brothers,1,1,21667900,141245,141245-21667900-29
Angels in America,1,1,21667900,307266,307266-21667900-3
The Tudors,1,1,21667900,326715,326715-21667900-28
Toradora!,1,25,21667900,440752,440752-21667900-3
Fullmetal Alchemist: Brotherhood,1,1,21667900,501751,501751-21667900-29
Fullmetal Alchemist: Brotherhood,1,19,21667900,879161,879161-21667900-3
Fullmetal Alchemist: Brotherhood,1,27,21667900,1158051,1158051-21667900-29
The Office (US),7,22,21667900,3941411,3941411-21667900-3
The Office (US),7,23,21667900,3941421,3941421-21667900-28
Homeland,1,1,21667900,4079947,4079947-21667900-29
Homeland,1,2,21667900,4175251,4175251-21667900-29
Homeland,1,3,21667900,4175252,4175252-21667900-3
Homeland,1,4,21667900,4175253,4175253-21667900-3
Homeland,1,5,21667900,4175254,4175254-21667900-3
Homeland,1,6,21667900,4175255,4175255-21667900-3
Homeland,1,7,21667900,4175256,4175256-21667900-3
Homeland,1,8,21667900,4182830,4182830-21667900-3
Homeland,1,9,21667900,4198125,4198125-21667900-3
Homeland,1,10,21667900,4198126,4198126-21667900-3
Homeland,1,11,21667900,4198127,4198127-21667900-3
Homeland,1,12,21667900,4198128,4198128-21667900-3
Hung,3,10,21667900,4208116,4208116-21667900-27
Homeland,2,1,21667900,4303747,4303747-21667900-3
Homeland,2,2,21667900,4333794,4333794-21667900-3
Homeland,2,3,21667900,4333795,4333795-21667900-3
Homeland,2,4,21667900,4336562,4336562-21667900-3
Homeland,2,6,21667900,4366700,4366700-21667900-3
Homeland,2,7,21667900,4366701,4366701-21667900-29
Homeland,2,5,21667900,4376938,4376938-21667900-3
Homeland,2,8,21667900,4382125,4382125-21667900-3
Homeland,2,9,21667900,4382126,4382126-21667900-3
Homeland,2,10,21667900,4402617,4402617-21667900-3
Homeland,2,11,21667900,4402619,4402619-21667900-3
Homeland,2,12,21667900,4402622,4402622-21667900-3
House of Cards (US),1,1,21667900,4411361,4411361-21667900-3
The Men Who Built America,1,2,21667900,4423637,4423637-21667900-20
House of Cards (US),1,2,21667900,4481708,4481708-21667900-3
House of Cards (US),1,3,21667900,4481709,4481709-21667900-5
House of Cards (US),1,4,21667900,4481710,4481710-21667900-3
House of Cards (US),1,5,21667900,4481711,4481711-21667900-3
House of Cards (US),1,6,21667900,4481712,4481712-21667900-5
House of Cards (US),1,7,21667900,4481713,4481713-21667900-5
House of Cards (US),1,8,21667900,4481714,4481714-21667900-5
House of Cards (US),1,9,21667900,4481715,4481715-21667900-3
House of Cards (US),1,10,21667900,4481716,4481716-21667900-3
Broadchurch,1,1,21667900,4490875,4490875-21667900-3
Homeland,3,1,21667900,4508211,4508211-21667900-29
Broadchurch,1,5,21667900,4520960,4520960-21667900-3
Broadchurch,1,8,21667900,4520963,4520963-21667900-3
Suits,3,2,21667900,4559295,4559295-21667900-29
Homeland,3,2,21667900,4562419,4562419-21667900-29
Homeland,3,3,21667900,4591566,4591566-21667900-29
Homeland,3,4,21667900,4591568,4591568-21667900-29
True Detective,1,1,21667900,4592328,4592328-21667900-19
True Detective,1,2,21667900,4592329,4592329-21667900-20
True Detective,1,3,21667900,4592330,4592330-21667900-19
True Detective,1,4,21667900,4592331,4592331-21667900-20
True Detective,1,5,21667900,4592332,4592332-21667900-20
Quarry,1,1,21667900,4596698,4596698-21667900-3
The Leftovers,1,1,21667900,4596699,4596699-21667900-19
Homeland,3,5,21667900,4597331,4597331-21667900-29
Homeland,3,6,21667900,4611506,4611506-21667900-29
Homeland,3,7,21667900,4611507,4611507-21667900-29
Fargo,1,1,21667900,4626050,4626050-21667900-3
Better Call Saul,1,1,21667900,4663020,4663020-21667900-3
Homeland,3,8,21667900,4663897,4663897-21667900-3
Homeland,3,9,21667900,4663898,4663898-21667900-3
Homeland,3,10,21667900,4663899,4663899-21667900-3
Homeland,3,11,21667900,4675715,4675715-21667900-3
Homeland,3,12,21667900,4675716,4675716-21667900-3
Suits,3,16,21667900,4676429,4676429-21667900-3
Fargo,1,2,21667900,4808528,4808528-21667900-29
Fargo,1,3,21667900,4808529,4808529-21667900-29
Fargo,1,4,21667900,4808530,4808530-21667900-29
Fargo,1,5,21667900,4808531,4808531-21667900-29
Fargo,1,6,21667900,4808533,4808533-21667900-3
Fargo,1,7,21667900,4808534,4808534-21667900-3
Fargo,1,8,21667900,4808535,4808535-21667900-3
Fargo,1,9,21667900,4808536,4808536-21667900-3
Fargo,1,10,21667900,4808538,4808538-21667900-3
Olive Kitteridge,1,1,21667900,4823565,4823565-21667900-5
Olive Kitteridge,1,1,21667900,4823565,4823565-21667900-29
Olive Kitteridge,1,2,21667900,4823566,4823566-21667900-5
Olive Kitteridge,1,2,21667900,4823566,4823566-21667900-29
Olive Kitteridge,1,3,21667900,4823567,4823567-21667900-29
Olive Kitteridge,1,3,21667900,4823567,4823567-21667900-5
Olive Kitteridge,1,4,21667900,4823568,4823568-21667900-5
Olive Kitteridge,1,4,21667900,4823568,4823568-21667900-29
Blue Spring Ride,1,1,21667900,4825726,4825726-21667900-29
Poldark (2015),1,1,21667900,4853144,4853144-21667900-19
Poldark (2015),1,2,21667900,4853145,4853145-21667900-19
Poldark (2015),1,3,21667900,4853146,4853146-21667900-20
Poldark (2015),1,3,21667900,4853146,4853146-21667900-19
Poldark (2015),1,4,21667900,4853147,4853147-21667900-19
Poldark (2015),1,5,21667900,4853148,4853148-21667900-19
Poldark (2015),1,6,21667900,4853149,4853149-21667900-19
Poldark (2015),1,7,21667900,4853150,4853150-21667900-20
Poldark (2015),1,8,21667900,4853151,4853151-21667900-20
The Leftovers,1,2,21667900,4854796,4854796-21667900-19
The Leftovers,1,3,21667900,4854797,4854797-21667900-19
The Leftovers,1,5,21667900,4854799,4854799-21667900-3
The Knick,1,1,21667900,4866622,4866622-21667900-29
The Leftovers,1,9,21667900,4929223,4929223-21667900-3
The Leftovers,1,10,21667900,4929224,4929224-21667900-3
The Knick,1,2,21667900,4930433,4930433-21667900-29
The Knick,1,3,21667900,4930434,4930434-21667900-29
The Knick,1,4,21667900,4930435,4930435-21667900-29
The Knick,1,5,21667900,4930436,4930436-21667900-29
The Knick,1,6,21667900,4930437,4930437-21667900-3
The Knick,1,7,21667900,4930438,4930438-21667900-3
The Knick,1,8,21667900,4930439,4930439-21667900-29
The Knick,1,9,21667900,4930440,4930440-21667900-29
The Knick,1,10,21667900,4930441,4930441-21667900-3
Your Lie in April,1,2,21667900,5013326,5013326-21667900-3
Your Lie in April,1,7,21667900,5013331,5013331-21667900-3
Your Lie in April,1,22,21667900,5013610,5013610-21667900-3
Your Lie in April,0,1,21667900,5024431,5024431-21667900-3
The Seven Deadly Sins,1,8,21667900,5028306,5028306-21667900-3
Better Call Saul,1,2,21667900,5054192,5054192-21667900-3
Better Call Saul,1,3,21667900,5054193,5054193-21667900-3
Better Call Saul,1,3,21667900,5054193,5054193-21667900-29
Assassination Classroom,1,3,21667900,5097575,5097575-21667900-3
Better Call Saul,1,4,21667900,5114293,5114293-21667900-3
Better Call Saul,1,5,21667900,5114294,5114294-21667900-29
Better Call Saul,1,6,21667900,5126774,5126774-21667900-3
Better Call Saul,1,7,21667900,5126775,5126775-21667900-3
Better Call Saul,1,8,21667900,5126776,5126776-21667900-3
Better Call Saul,1,9,21667900,5126777,5126777-21667900-3
The Man in the High Castle,1,1,21667900,5245898,5245898-21667900-19
The Leftovers,2,1,21667900,5256066,5256066-21667900-3
The Knick,2,1,21667900,5295146,5295146-21667900-29
Fargo,2,1,21667900,5300871,5300871-21667900-3
The Knick,2,2,21667900,5315387,5315387-21667900-29
The Knick,2,3,21667900,5315388,5315388-21667900-29
The Knick,2,4,21667900,5315389,5315389-21667900-29
The Knick,2,4,21667900,5315389,5315389-21667900-3
The Knick,2,5,21667900,5315390,5315390-21667900-29
The Knick,2,6,21667900,5315391,5315391-21667900-3
The Knick,2,7,21667900,5315392,5315392-21667900-29
The Knick,2,8,21667900,5315393,5315393-21667900-3
The Knick,2,9,21667900,5315394,5315394-21667900-3
The Knick,2,10,21667900,5315395,5315395-21667900-3
Fargo,2,2,21667900,5343365,5343365-21667900-29
Fargo,2,3,21667900,5344820,5344820-21667900-3
The Night Manager,1,1,21667900,5364427,5364427-21667900-29
The Leftovers,2,8,21667900,5378712,5378712-21667900-3
The Man in the High Castle,1,6,21667900,5388443,5388443-21667900-20
The Man in the High Castle,1,7,21667900,5388444,5388444-21667900-19
The Man in the High Castle,1,9,21667900,5388446,5388446-21667900-20
The Man in the High Castle,1,10,21667900,5388447,5388447-21667900-20
Making a Murderer,1,1,21667900,5411660,5411660-21667900-5
Better Call Saul,2,1,21667900,5427452,5427452-21667900-3
Making a Murderer,1,2,21667900,5434009,5434009-21667900-3
Quarry,1,2,21667900,5444137,5444137-21667900-3
Quarry,1,3,21667900,5444138,5444138-21667900-3
Quarry,1,4,21667900,5444139,5444139-21667900-3
Quarry,1,5,21667900,5444140,5444140-21667900-3
Quarry,1,6,21667900,5444141,5444141-21667900-3
Quarry,1,7,21667900,5444142,5444142-21667900-3
Erased,1,2,21667900,5465989,5465989-21667900-3
Erased,1,4,21667900,5465991,5465991-21667900-3
Erased,1,6,21667900,5465993,5465993-21667900-3
Erased,1,7,21667900,5468806,5468806-21667900-3
Erased,1,8,21667900,5468807,5468807-21667900-3
Erased,1,12,21667900,5468811,5468811-21667900-3
The Night Manager,1,2,21667900,5481550,5481550-21667900-3
The Night Manager,1,3,21667900,5481551,5481551-21667900-29
The Night Manager,1,4,21667900,5481552,5481552-21667900-3
The Night Manager,1,5,21667900,5481553,5481553-21667900-3
The Night Manager,1,6,21667900,5481554,5481554-21667900-3
Better Call Saul,2,2,21667900,5506131,5506131-21667900-3
Better Call Saul,2,3,21667900,5506132,5506132-21667900-29
Better Call Saul,2,5,21667900,5537897,5537897-21667900-3
Better Call Saul,2,6,21667900,5538565,5538565-21667900-29
The Story of God with Morgan Freeman,1,1,21667900,5541668,5541668-21667900-3
The Story of God with Morgan Freeman,1,1,21667900,5541668,5541668-21667900-5
Better Call Saul,2,7,21667900,5551774,5551774-21667900-3
The Story of God with Morgan Freeman,1,2,21667900,5563916,5563916-21667900-5
The Man in the High Castle,2,1,21667900,5577096,5577096-21667900-19
The Night Of,1,1,21667900,5586358,5586358-21667900-3
The Leftovers,3,1,21667900,5606328,5606328-21667900-29
The Good Place,1,1,21667900,5648788,5648788-21667900-29
The Good Place,1,1,21667900,5648788,5648788-21667900-5
The Night Of,1,2,21667900,5648842,5648842-21667900-3
The Night Of,1,3,21667900,5648843,5648843-21667900-3
The Night Of,1,4,21667900,5648844,5648844-21667900-3
The Good Place,1,2,21667900,5649281,5649281-21667900-5
The Good Place,1,2,21667900,5649281,5649281-21667900-29
The Good Place,1,3,21667900,5649282,5649282-21667900-3
The Night Of,1,5,21667900,5657622,5657622-21667900-3
The Night Of,1,6,21667900,5657623,5657623-21667900-3
The Night Of,1,6,21667900,5657623,5657623-21667900-29
The Night Of,1,7,21667900,5657624,5657624-21667900-3
The Night Of,1,8,21667900,5657625,5657625-21667900-3
Poldark (2015),2,1,21667900,5671265,5671265-21667900-20
Black Mirror,3,1,21667900,5692427,5692427-21667900-3
Black Mirror,3,2,21667900,5692430,5692430-21667900-3
The Man in the High Castle,2,2,21667900,5722830,5722830-21667900-20
The Man in the High Castle,2,3,21667900,5722831,5722831-21667900-19
The Man in the High Castle,2,5,21667900,5722833,5722833-21667900-20
The Man in the High Castle,2,7,21667900,5722835,5722835-21667900-20
The Man in the High Castle,2,8,21667900,5722836,5722836-21667900-20
The Man in the High Castle,2,9,21667900,5722837,5722837-21667900-20
The Man in the High Castle,2,10,21667900,5722838,5722838-21667900-20
The Good Place,1,4,21667900,5738213,5738213-21667900-29
The Good Place,1,4,21667900,5738213,5738213-21667900-3
The Good Place,1,4,21667900,5738213,5738213-21667900-5
The Good Place,1,5,21667900,5738214,5738214-21667900-5
The Good Place,1,5,21667900,5738214,5738214-21667900-29
Poldark (2015),2,2,21667900,5738937,5738937-21667900-20
Poldark (2015),2,3,21667900,5738938,5738938-21667900-19
Poldark (2015),2,4,21667900,5738939,5738939-21667900-20
Poldark (2015),2,5,21667900,5738940,5738940-21667900-20
Poldark (2015),2,6,21667900,5738941,5738941-21667900-19
Poldark (2015),2,7,21667900,5738942,5738942-21667900-20
Poldark (2015),2,8,21667900,5738943,5738943-21667900-20
Poldark (2015),2,9,21667900,5738944,5738944-21667900-20
The Good Place,1,6,21667900,5745518,5745518-21667900-29
The Good Place,1,6,21667900,5745518,5745518-21667900-5
The Good Place,1,7,21667900,5745521,5745521-21667900-29
The Good Place,1,7,21667900,5745521,5745521-21667900-5
The Good Place,1,8,21667900,5745523,5745523-21667900-29
The Good Place,1,8,21667900,5745523,5745523-21667900-5
The Good Place,1,9,21667900,5745525,5745525-21667900-5
The Good Place,1,9,21667900,5745525,5745525-21667900-29
The Fall,3,3,21667900,5755261,5755261-21667900-3
The Fall,3,4,21667900,5755262,5755262-21667900-3
Beyond,1,1,21667900,5782727,5782727-21667900-4
Beyond,1,1,21667900,5782727,5782727-21667900-28
Beyond,1,2,21667900,5782728,5782728-21667900-5
Beyond,1,3,21667900,5782729,5782729-21667900-29
Beyond,1,3,21667900,5782729,5782729-21667900-5
Beyond,1,4,21667900,5782730,5782730-21667900-5
Beyond,1,4,21667900,5782730,5782730-21667900-29
Beyond,1,5,21667900,5782731,5782731-21667900-4
Beyond,1,5,21667900,5782731,5782731-21667900-28
The Good Place,1,10,21667900,5818942,5818942-21667900-29
The Good Place,1,10,21667900,5818942,5818942-21667900-5
Scum's Wish,1,1,21667900,5845667,5845667-21667900-29
The Good Place,1,11,21667900,5855690,5855690-21667900-29
The Good Place,1,11,21667900,5855690,5855690-21667900-5
The Good Place,1,12,21667900,5904846,5904846-21667900-3
The Good Place,1,12,21667900,5904846,5904846-21667900-5
The Good Place,1,12,21667900,5904846,5904846-21667900-29
The Good Place,1,13,21667900,5904847,5904847-21667900-3
Scum's Wish,1,2,21667900,5906286,5906286-21667900-3
Scum's Wish,1,3,21667900,5906287,5906287-21667900-3
Scum's Wish,1,4,21667900,5906288,5906288-21667900-3
House of Cards (US),5,2,21667900,5937312,5937312-21667900-29
House of Cards (US),5,2,21667900,5937312,5937312-21667900-5
Babylon Berlin,1,1,21667900,5964888,5964888-21667900-29
Babylon Berlin,1,1,21667900,5964888,5964888-21667900-5
Poldark (2015),3,1,21667900,5966086,5966086-21667900-19
The Leftovers,3,5,21667900,5972910,5972910-21667900-3
Better Call Saul,3,2,21667900,6023980,6023980-21667900-3
Better Call Saul,3,5,21667900,6023992,6023992-21667900-3
Better Call Saul,3,9,21667900,6024003,6024003-21667900-3
Better Call Saul,3,10,21667900,6024007,6024007-21667900-3
The Leftovers,3,8,21667900,6049877,6049877-21667900-3
Money Heist,1,1,21667900,6056377,6056377-21667900-20
Money Heist,1,6,21667900,6073203,6073203-21667900-20
Money Heist,1,7,21667900,6073204,6073204-21667900-20
Poldark (2015),3,2,21667900,6091739,6091739-21667900-19
Poldark (2015),3,3,21667900,6091741,6091741-21667900-19
Poldark (2015),3,3,21667900,6091741,6091741-21667900-20
Poldark (2015),3,4,21667900,6091742,6091742-21667900-19
Poldark (2015),3,5,21667900,6091743,6091743-21667900-20
A Silent Voice,1,1,21667900,6094695,6094695-21667900-3
Ozark,1,1,21667900,6104951,6104951-21667900-29
Ozark,1,2,21667900,6104952,6104952-21667900-29
The Good Place,2,1,21667900,6140534,6140534-21667900-5
The Good Place,2,1,21667900,6140534,6140534-21667900-29
The Good Place,2,2,21667900,6141745,6141745-21667900-29
The Good Place,2,2,21667900,6141745,6141745-21667900-5
The Good Place,2,3,21667900,6141746,6141746-21667900-5
The Good Place,2,3,21667900,6141746,6141746-21667900-29
The Good Place,2,4,21667900,6141747,6141747-21667900-29
The Good Place,2,4,21667900,6141747,6141747-21667900-5
The Good Place,2,5,21667900,6141748,6141748-21667900-5
The Good Place,2,5,21667900,6141748,6141748-21667900-29
The Good Place,2,6,21667900,6141749,6141749-21667900-29
The Good Place,2,6,21667900,6141749,6141749-21667900-5
The Good Place,2,7,21667900,6141750,6141750-21667900-5
The Good Place,2,7,21667900,6141750,6141750-21667900-29
The Good Place,2,8,21667900,6141751,6141751-21667900-5
The Good Place,2,8,21667900,6141751,6141751-21667900-29
Poldark (2015),3,6,21667900,6156573,6156573-21667900-19
Poldark (2015),3,7,21667900,6156575,6156575-21667900-20
Poldark (2015),3,8,21667900,6156576,6156576-21667900-20
Poldark (2015),3,9,21667900,6156578,6156578-21667900-19
Ozark,1,3,21667900,6172291,6172291-21667900-29
Ozark,1,4,21667900,6172292,6172292-21667900-29
Ozark,1,5,21667900,6172293,6172293-21667900-29
Ozark,1,6,21667900,6172294,6172294-21667900-29
Ozark,1,7,21667900,6172295,6172295-21667900-29
Ozark,1,8,21667900,6172296,6172296-21667900-28
Ozark,1,9,21667900,6172297,6172297-21667900-3
Ozark,1,9,21667900,6172297,6172297-21667900-29
Ozark,1,10,21667900,6172298,6172298-21667900-3
The Good Place,2,9,21667900,6215632,6215632-21667900-3
The Good Place,2,11,21667900,6215635,6215635-21667900-5
The Good Place,2,11,21667900,6215635,6215635-21667900-29
The Good Place,2,12,21667900,6247595,6247595-21667900-5
The Good Place,2,12,21667900,6247595,6247595-21667900-29
The Good Place,2,12,21667900,6247595,6247595-21667900-3
Howards End,1,1,21667900,6297940,6297940-21667900-19
Howards End,1,2,21667900,6297941,6297941-21667900-18
Howards End,1,3,21667900,6297942,6297942-21667900-18
Howards End,1,4,21667900,6297943,6297943-21667900-18
Babylon Berlin,1,2,21667900,6352961,6352961-21667900-3
Babylon Berlin,1,3,21667900,6352962,6352962-21667900-29
Babylon Berlin,1,3,21667900,6352962,6352962-21667900-5
Money Heist,1,11,21667900,6468119,6468119-21667900-20
Money Heist,1,15,21667900,6472375,6472375-21667900-20
This Is Us,2,14,21667900,6485190,6485190-21667900-3
This Is Us,2,14,21667900,6485190,6485190-21667900-29
The Seven Deadly Sins,2,14,21667900,6504114,6504114-21667900-3
The Seven Deadly Sins,2,20,21667900,6504120,6504120-21667900-3
DARLING in the FRANXX,1,24,21667900,6510565,6510565-21667900-3
My Mister,1,1,21667900,6524416,6524416-21667900-3
Tom Clancy's Jack Ryan,1,1,21667900,6530568,6530568-21667900-3
Westworld,2,1,21667900,6538598,6538598-21667900-3
Tom Clancy's Jack Ryan,1,2,21667900,6545667,6545667-21667900-3
Tom Clancy's Jack Ryan,1,3,21667900,6545668,6545668-21667900-3
Tom Clancy's Jack Ryan,1,4,21667900,6545669,6545669-21667900-3
My Mister,1,3,21667900,6548881,6548881-21667900-3
My Mister,1,4,21667900,6548882,6548882-21667900-3
My Mister,1,8,21667900,6548886,6548886-21667900-3
My Mister,1,15,21667900,6548893,6548893-21667900-3
My Mister,1,16,21667900,6548894,6548894-21667900-3
Lucifer,3,24,21667900,6578537,6578537-21667900-3
My Brilliant Friend,1,7,21667900,6605071,6605071-21667900-19
My Brilliant Friend,1,8,21667900,6605072,6605072-21667900-20
Something in the Rain,1,3,21667900,6619787,6619787-21667900-3
Poldark (2015),4,1,21667900,6646752,6646752-21667900-20
Succession,1,6,21667900,6697890,6697890-21667900-3
The Good Place,3,1,21667900,6704749,6704749-21667900-5
The Good Place,3,1,21667900,6704749,6704749-21667900-29
The Good Place,3,2,21667900,6704751,6704751-21667900-5
The Good Place,3,2,21667900,6704751,6704751-21667900-29
Sharp Objects,1,8,21667900,6704944,6704944-21667900-20
Lucifer,3,25,21667900,6706090,6706090-21667900-29
Better Call Saul,4,1,21667900,6709632,6709632-21667900-3
Poldark (2015),4,2,21667900,6710020,6710020-21667900-19
Gentleman Jack,1,1,21667900,6711743,6711743-21667900-29
Bodyguard (2018),1,1,21667900,6733508,6733508-21667900-20
Bodyguard (2018),1,2,21667900,6733509,6733509-21667900-20
Bodyguard (2018),1,3,21667900,6733510,6733510-21667900-20
Bodyguard (2018),1,6,21667900,6733513,6733513-21667900-20
Ozark,2,1,21667900,6735146,6735146-21667900-29
Familiar Wife,1,1,21667900,6741740,6741740-21667900-3
Familiar Wife,1,16,21667900,6756799,6756799-21667900-3
Better Call Saul,4,2,21667900,6757076,6757076-21667900-3
Better Call Saul,4,3,21667900,6757077,6757077-21667900-3
Better Call Saul,4,4,21667900,6757078,6757078-21667900-3
Better Call Saul,4,5,21667900,6757079,6757079-21667900-29
The Little Drummer Girl,1,1,21667900,6765383,6765383-21667900-19
The Little Drummer Girl,1,2,21667900,6765384,6765384-21667900-19
The Little Drummer Girl,1,3,21667900,6765385,6765385-21667900-20
The Little Drummer Girl,1,4,21667900,6765386,6765386-21667900-20
The Little Drummer Girl,1,5,21667900,6765387,6765387-21667900-20
The Little Drummer Girl,1,6,21667900,6765388,6765388-21667900-20
Homecoming (2018),1,1,21667900,6767346,6767346-21667900-18
The Man in the High Castle,3,1,21667900,6768101,6768101-21667900-19
The Man in the High Castle,3,2,21667900,6769073,6769073-21667900-19
Escape at Dannemora,1,1,21667900,6770149,6770149-21667900-19
Tom Clancy's Jack Ryan,1,5,21667900,6775604,6775604-21667900-3
Tom Clancy's Jack Ryan,1,6,21667900,6775605,6775605-21667900-3
Tom Clancy's Jack Ryan,1,7,21667900,6775606,6775606-21667900-3
Tom Clancy's Jack Ryan,1,8,21667900,6775607,6775607-21667900-3
Ozark,2,2,21667900,6778611,6778611-21667900-29
Ozark,2,3,21667900,6778614,6778614-21667900-3
Ozark,2,4,21667900,6778618,6778618-21667900-3
Ozark,2,5,21667900,6778619,6778619-21667900-3
Ozark,2,6,21667900,6778620,6778620-21667900-3
Ozark,2,7,21667900,6778622,6778622-21667900-3
Ozark,2,8,21667900,6778623,6778623-21667900-3
Ozark,2,9,21667900,6778625,6778625-21667900-3
Ozark,2,10,21667900,6778626,6778626-21667900-3
Better Call Saul,4,7,21667900,6782558,6782558-21667900-29
Lucifer,4,1,21667900,6783481,6783481-21667900-3
The Man in the High Castle,3,3,21667900,6805101,6805101-21667900-19
The Man in the High Castle,3,4,21667900,6805102,6805102-21667900-20
The Man in the High Castle,3,5,21667900,6805103,6805103-21667900-20
The Man in the High Castle,3,6,21667900,6805105,6805105-21667900-20
The Man in the High Castle,3,8,21667900,6805107,6805107-21667900-19
The Man in the High Castle,3,9,21667900,6805108,6805108-21667900-20
The Man in the High Castle,3,10,21667900,6805110,6805110-21667900-20
Perfume (2018),1,1,21667900,6806407,6806407-21667900-29
Lucifer,4,2,21667900,6809752,6809752-21667900-3
Lucifer,4,3,21667900,6813799,6813799-21667900-3
Rascal Does Not Dream of Bunny Girl Senpai,1,2,21667900,6827062,6827062-21667900-3
Rascal Does Not Dream of Bunny Girl Senpai,1,3,21667900,6827063,6827063-21667900-3
Rascal Does Not Dream of Bunny Girl Senpai,1,4,21667900,6827064,6827064-21667900-29
Rascal Does Not Dream of Bunny Girl Senpai,1,5,21667900,6827065,6827065-21667900-29
Rascal Does Not Dream of Bunny Girl Senpai,1,6,21667900,6827066,6827066-21667900-3
Rascal Does Not Dream of Bunny Girl Senpai,1,7,21667900,6827067,6827067-21667900-3
Rascal Does Not Dream of Bunny Girl Senpai,1,9,21667900,6827068,6827068-21667900-29
Rascal Does Not Dream of Bunny Girl Senpai,1,8,21667900,6827069,6827069-21667900-3
The Marvelous Mrs. Maisel,2,1,21667900,6846157,6846157-21667900-20
Les Misérables (2018),1,1,21667900,6866370,6866370-21667900-5
Les Misérables (2018),1,1,21667900,6866370,6866370-21667900-29
Les Misérables (2018),1,2,21667900,6866371,6866371-21667900-3
Les Misérables (2018),1,3,21667900,6866372,6866372-21667900-3
Les Misérables (2018),1,4,21667900,6866374,6866374-21667900-29
Les Misérables (2018),1,4,21667900,6866374,6866374-21667900-3
Les Misérables (2018),1,4,21667900,6866374,6866374-21667900-5
Les Misérables (2018),1,5,21667900,6866375,6866375-21667900-3
Les Misérables (2018),1,6,21667900,6866376,6866376-21667900-3
Marvel's Daredevil,3,13,21667900,6869215,6869215-21667900-3
Outlander,4,6,21667900,6879272,6879272-21667900-19
Outlander,4,7,21667900,6879274,6879274-21667900-20
Outlander,4,8,21667900,6891638,6891638-21667900-18
Outlander,4,9,21667900,6891642,6891642-21667900-20
Rascal Does Not Dream of Bunny Girl Senpai,1,13,21667900,6895534,6895534-21667900-3
This Is Us,3,10,21667900,6898824,6898824-21667900-19
Better Than Us,1,4,21667900,6901192,6901192-21667900-3
Vikings,5,12,21667900,6905974,6905974-21667900-20
Vikings,5,13,21667900,6905975,6905975-21667900-20
Vikings,5,14,21667900,6905976,6905976-21667900-19
Vikings,5,15,21667900,6905977,6905977-21667900-19
The Marvelous Mrs. Maisel,2,2,21667900,6909600,6909600-21667900-19
The Marvelous Mrs. Maisel,2,3,21667900,6909602,6909602-21667900-19
The Marvelous Mrs. Maisel,2,4,21667900,6909603,6909603-21667900-19
The Marvelous Mrs. Maisel,2,5,21667900,6909605,6909605-21667900-20
The Marvelous Mrs. Maisel,2,6,21667900,6909606,6909606-21667900-19
The Marvelous Mrs. Maisel,2,7,21667900,6909607,6909607-21667900-20
The Marvelous Mrs. Maisel,2,8,21667900,6909608,6909608-21667900-19
The Marvelous Mrs. Maisel,2,8,21667900,6909608,6909608-21667900-18
The Marvelous Mrs. Maisel,2,8,21667900,6909608,6909608-21667900-20
The Marvelous Mrs. Maisel,2,9,21667900,6909609,6909609-21667900-20
The Marvelous Mrs. Maisel,2,10,21667900,6909610,6909610-21667900-20
Stranger Things,3,1,21667900,6933995,6933995-21667900-29
Stranger Things,3,2,21667900,6933996,6933996-21667900-3
Stranger Things,3,3,21667900,6933997,6933997-21667900-3
Stranger Things,3,4,21667900,6933998,6933998-21667900-3
Stranger Things,3,5,21667900,6934000,6934000-21667900-3
Stranger Things,3,6,21667900,6934001,6934001-21667900-3
Stranger Things,3,7,21667900,6934002,6934002-21667900-3
Stranger Things,3,8,21667900,6934003,6934003-21667900-3
Russian Doll,1,1,21667900,6937767,6937767-21667900-28
Russian Doll,1,1,21667900,6937767,6937767-21667900-4
This Is Us,3,11,21667900,6939920,6939920-21667900-20
This Is Us,3,12,21667900,6939922,6939922-21667900-19
Outlander,4,11,21667900,6944527,6944527-21667900-19
Outlander,4,12,21667900,6944528,6944528-21667900-20
Outlander,4,13,21667900,6944529,6944529-21667900-20
Vikings,5,16,21667900,6968885,6968885-21667900-20
Vikings,5,17,21667900,6968888,6968888-21667900-20
Vikings,5,19,21667900,6968894,6968894-21667900-20
Vikings,5,19,21667900,6968894,6968894-21667900-19
Vikings,5,20,21667900,6968896,6968896-21667900-20
This Is Us,3,13,21667900,7006197,7006197-21667900-20
The Handmaid's Tale,3,1,21667900,7036361,7036361-21667900-29
The Handmaid's Tale,3,1,21667900,7036361,7036361-21667900-3
The Handmaid's Tale,3,2,21667900,7036363,7036363-21667900-5
The Handmaid's Tale,3,2,21667900,7036363,7036363-21667900-29
The Handmaid's Tale,3,3,21667900,7036366,7036366-21667900-29
The Handmaid's Tale,3,3,21667900,7036366,7036366-21667900-5
The Handmaid's Tale,3,4,21667900,7036371,7036371-21667900-3
This Is Us,3,14,21667900,7043113,7043113-21667900-5
This Is Us,3,16,21667900,7043116,7043116-21667900-5
The Light in Your Eyes,1,10,21667900,7048353,7048353-21667900-3
The Light in Your Eyes,1,12,21667900,7048358,7048358-21667900-3
Formula 1: Drive to Survive,1,1,21667900,7051266,7051266-21667900-29
Prison Break,2,17,21667900,7056163,7056163-21667900-3
Euphoria (US),1,1,21667900,7059062,7059062-21667900-3
The Wheel of Time,1,1,21667900,7062009,7062009-21667900-3
The Wheel of Time,1,3,21667900,7062012,7062012-21667900-3
Killing Eve,2,2,21667900,7062895,7062895-21667900-3
When They See Us,1,1,21667900,7064726,7064726-21667900-3
When They See Us,1,4,21667900,7064737,7064737-21667900-3
Looking for Alaska,1,1,21667900,7067815,7067815-21667900-29
Harlots,3,1,21667900,7075645,7075645-21667900-29
Killing Eve,2,3,21667900,7077742,7077742-21667900-3
Chernobyl,1,1,21667900,7082952,7082952-21667900-3
Killing Eve,2,4,21667900,7098403,7098403-21667900-5
Killing Eve,2,4,21667900,7098403,7098403-21667900-29
Spinning Out,1,1,21667900,7112024,7112024-21667900-29
Spinning Out,1,2,21667900,7112025,7112025-21667900-3
Spinning Out,1,3,21667900,7112026,7112026-21667900-3
Spinning Out,1,4,21667900,7112028,7112028-21667900-3
Spinning Out,1,5,21667900,7112029,7112029-21667900-3
Spinning Out,1,6,21667900,7112030,7112030-21667900-3
Spinning Out,1,7,21667900,7112031,7112031-21667900-3
Spinning Out,1,8,21667900,7112035,7112035-21667900-3
Spinning Out,1,9,21667900,7112037,7112037-21667900-3
Spinning Out,1,10,21667900,7112038,7112038-21667900-3
Chernobyl,1,4,21667900,7116984,7116984-21667900-3
Chernobyl,1,5,21667900,7116987,7116987-21667900-3
Game of Thrones,8,1,21667900,7117386,7117386-21667900-3
Game of Thrones,8,2,21667900,7121401,7121401-21667900-3
Game of Thrones,8,3,21667900,7121402,7121402-21667900-3
Killing Eve,2,5,21667900,7123644,7123644-21667900-3
Killing Eve,2,6,21667900,7123646,7123646-21667900-3
Killing Eve,2,7,21667900,7123648,7123648-21667900-3
Killing Eve,2,8,21667900,7123654,7123654-21667900-3
The Loudest Voice,1,1,21667900,7129613,7129613-21667900-3
The Mandalorian,1,1,21667900,7133857,7133857-21667900-3
Big Little Lies,2,1,21667900,7135184,7135184-21667900-3
Euphoria (US),1,2,21667900,7191323,7191323-21667900-3
Euphoria (US),1,4,21667900,7191328,7191328-21667900-3
Euphoria (US),1,5,21667900,7194971,7194971-21667900-3
Euphoria (US),1,6,21667900,7194979,7194979-21667900-29
Euphoria (US),1,6,21667900,7194979,7194979-21667900-3
Big Little Lies,2,2,21667900,7219153,7219153-21667900-3
Big Little Lies,2,3,21667900,7219154,7219154-21667900-29
The Loudest Voice,1,5,21667900,7221011,7221011-21667900-29
The Loudest Voice,1,4,21667900,7221012,7221012-21667900-29
The Loudest Voice,1,3,21667900,7221013,7221013-21667900-3
The Loudest Voice,1,2,21667900,7221014,7221014-21667900-3
Demon Slayer: Kimetsu no Yaiba,1,19,21667900,7222645,7222645-21667900-3
Demon Slayer: Kimetsu no Yaiba,1,21,21667900,7222649,7222649-21667900-3
Demon Slayer: Kimetsu no Yaiba,1,26,21667900,7222660,7222660-21667900-3
Chernobyl,1,3,21667900,7223774,7223774-21667900-3
Big Little Lies,2,4,21667900,7223961,7223961-21667900-3
Big Little Lies,2,5,21667900,7228430,7228430-21667900-3
Big Little Lies,2,6,21667900,7228433,7228433-21667900-29
Big Little Lies,2,6,21667900,7228433,7228433-21667900-3
This Is Us,4,1,21667900,7240720,7240720-21667900-3
Euphoria (US),1,8,21667900,7241233,7241233-21667900-3
Vinland Saga,1,4,21667900,7244100,7244100-21667900-3
Harlots,3,2,21667900,7271099,7271099-21667900-3
MINDHUNTER,2,1,21667900,7277003,7277003-21667900-3
Money Heist,2,8,21667900,7285223,7285223-21667900-3
Unbelievable,1,1,21667900,7288509,7288509-21667900-3
Unbelievable,1,4,21667900,7288522,7288522-21667900-3
Unbelievable,1,5,21667900,7288526,7288526-21667900-3
Unbelievable,1,6,21667900,7288530,7288530-21667900-3
Unbelievable,1,7,21667900,7288537,7288537-21667900-3
Big Little Lies,2,7,21667900,7290837,7290837-21667900-3
The Marvelous Mrs. Maisel,3,1,21667900,7291478,7291478-21667900-29
The Man in the High Castle,4,1,21667900,7293190,7293190-21667900-3
Euphoria (US),1,7,21667900,7298128,7298128-21667900-3
13 Reasons Why,3,1,21667900,7306300,7306300-21667900-27
13 Reasons Why,3,1,21667900,7306300,7306300-21667900-28
MINDHUNTER,2,2,21667900,7314583,7314583-21667900-3
MINDHUNTER,2,3,21667900,7314586,7314586-21667900-3
MINDHUNTER,2,4,21667900,7314587,7314587-21667900-3
MINDHUNTER,2,5,21667900,7314589,7314589-21667900-3
MINDHUNTER,2,6,21667900,7314590,7314590-21667900-3
MINDHUNTER,2,6,21667900,7314590,7314590-21667900-29
MINDHUNTER,2,7,21667900,7314592,7314592-21667900-3
MINDHUNTER,2,8,21667900,7314594,7314594-21667900-3
The Crown,3,1,21667900,7319124,7319124-21667900-3
MINDHUNTER,2,9,21667900,7323041,7323041-21667900-3
Mrs. Fletcher,1,1,21667900,7325436,7325436-21667900-3
13 Reasons Why,3,2,21667900,7328134,7328134-21667900-29
13 Reasons Why,3,3,21667900,7328135,7328135-21667900-3
13 Reasons Why,3,4,21667900,7328138,7328138-21667900-29
13 Reasons Why,3,4,21667900,7328138,7328138-21667900-3
13 Reasons Why,3,5,21667900,7328142,7328142-21667900-3
13 Reasons Why,3,6,21667900,7328145,7328145-21667900-3
13 Reasons Why,3,7,21667900,7328147,7328147-21667900-29
13 Reasons Why,3,8,21667900,7328151,7328151-21667900-3
13 Reasons Why,3,9,21667900,7328155,7328155-21667900-3
13 Reasons Why,3,10,21667900,7328159,7328159-21667900-3
13 Reasons Why,3,11,21667900,7328167,7328167-21667900-3
13 Reasons Why,3,12,21667900,7328170,7328170-21667900-3
13 Reasons Why,3,13,21667900,7328174,7328174-21667900-3
This Is Us,4,2,21667900,7337980,7337980-21667900-3
This Is Us,4,3,21667900,7337981,7337981-21667900-3
Watchmen,1,1,21667900,7344283,7344283-21667900-3
Tom Clancy's Jack Ryan,2,1,21667900,7347093,7347093-21667900-3
Tom Clancy's Jack Ryan,2,2,21667900,7347095,7347095-21667900-3
Tom Clancy's Jack Ryan,2,3,21667900,7347099,7347099-21667900-3
Looking for Alaska,1,2,21667900,7352474,7352474-21667900-29
Looking for Alaska,1,3,21667900,7352475,7352475-21667900-3
Mrs. Fletcher,1,2,21667900,7357130,7357130-21667900-29
Mrs. Fletcher,1,3,21667900,7357136,7357136-21667900-3
Watchmen,1,2,21667900,7361557,7361557-21667900-3
Watchmen,1,3,21667900,7361558,7361558-21667900-3
Mrs. Fletcher,1,4,21667900,7362279,7362279-21667900-29
Mrs. Fletcher,1,5,21667900,7362284,7362284-21667900-29
Mrs. Fletcher,1,6,21667900,7362289,7362289-21667900-29
Mrs. Fletcher,1,7,21667900,7362292,7362292-21667900-3
Lucifer,5,2,21667900,7363291,7363291-21667900-3
This Is Us,4,4,21667900,7381097,7381097-21667900-3
Succession,2,10,21667900,7383844,7383844-21667900-3
Vikings,6,1,21667900,7393627,7393627-21667900-29
This Is Us,4,5,21667900,7394401,7394401-21667900-3
The End of the F***ing World,2,1,21667900,7395719,7395719-21667900-3
Watchmen,1,4,21667900,7398586,7398586-21667900-29
Watchmen,1,5,21667900,7398587,7398587-21667900-3
Watchmen,1,6,21667900,7398588,7398588-21667900-3
This Is Us,4,6,21667900,7402644,7402644-21667900-29
This Is Us,4,7,21667900,7402646,7402646-21667900-3
The Outsider (2020),1,1,21667900,7408840,7408840-21667900-3
The Outsider (2020),1,2,21667900,7408842,7408842-21667900-3
The Mandalorian,1,5,21667900,7410440,7410440-21667900-3
The Mandalorian,1,6,21667900,7410442,7410442-21667900-3
The Mandalorian,1,7,21667900,7410445,7410445-21667900-3
The Mandalorian,1,8,21667900,7410449,7410449-21667900-3
Watchmen,1,7,21667900,7422382,7422382-21667900-3
Watchmen,1,8,21667900,7422383,7422383-21667900-3
Watchmen,1,9,21667900,7422384,7422384-21667900-3
This Is Us,4,8,21667900,7424748,7424748-21667900-3
His Dark Materials,1,2,21667900,7427005,7427005-21667900-3
The Witcher,1,1,21667900,7428555,7428555-21667900-3
The Witcher,1,2,21667900,7428567,7428567-21667900-3
The Witcher,1,3,21667900,7428568,7428568-21667900-3
The Witcher,1,4,21667900,7428571,7428571-21667900-3
The Witcher,1,5,21667900,7428572,7428572-21667900-3
The Witcher,1,6,21667900,7428573,7428573-21667900-3
The Witcher,1,7,21667900,7428574,7428574-21667900-3
The Witcher,1,8,21667900,7428575,7428575-21667900-3
His Dark Materials,1,3,21667900,7432829,7432829-21667900-3
His Dark Materials,1,4,21667900,7432830,7432830-21667900-3
His Dark Materials,1,5,21667900,7432832,7432832-21667900-3
His Dark Materials,1,6,21667900,7432833,7432833-21667900-3
His Dark Materials,1,7,21667900,7432834,7432834-21667900-3
His Dark Materials,1,8,21667900,7432835,7432835-21667900-3
This Is Us,4,9,21667900,7435497,7435497-21667900-3
You,2,1,21667900,7446892,7446892-21667900-3
You,2,2,21667900,7447653,7447653-21667900-3
You,2,3,21667900,7447661,7447661-21667900-3
The Crown,3,2,21667900,7447922,7447922-21667900-3
The Crown,3,3,21667900,7447924,7447924-21667900-3
The Crown,3,4,21667900,7447926,7447926-21667900-3
The Crown,3,5,21667900,7447927,7447927-21667900-3
The Crown,3,6,21667900,7447929,7447929-21667900-3
The Crown,3,7,21667900,7447930,7447930-21667900-3
The Crown,3,8,21667900,7447933,7447933-21667900-3
The Crown,3,9,21667900,7447935,7447935-21667900-3
The Crown,3,10,21667900,7447937,7447937-21667900-3
You,2,4,21667900,7448010,7448010-21667900-3
You,2,5,21667900,7448019,7448019-21667900-3
You,2,6,21667900,7448020,7448020-21667900-3
You,2,7,21667900,7448021,7448021-21667900-3
You,2,8,21667900,7448022,7448022-21667900-3
You,2,9,21667900,7448023,7448023-21667900-3
You,2,10,21667900,7448024,7448024-21667900-3
The Marvelous Mrs. Maisel,3,2,21667900,7453308,7453308-21667900-3
Better Call Saul,5,1,21667900,7458663,7458663-21667900-3
Lucifer,5,5,21667900,7459168,7459168-21667900-3
Lucifer,5,8,21667900,7459171,7459171-21667900-3
This Is Us,4,10,21667900,7459925,7459925-21667900-3
The Man in the High Castle,4,2,21667900,7465726,7465726-21667900-3
The Man in the High Castle,4,3,21667900,7465728,7465728-21667900-3
The Man in the High Castle,4,4,21667900,7465731,7465731-21667900-3
The Man in the High Castle,4,5,21667900,7465734,7465734-21667900-3
The Man in the High Castle,4,6,21667900,7465735,7465735-21667900-3
The Man in the High Castle,4,7,21667900,7465736,7465736-21667900-3
The Man in the High Castle,4,8,21667900,7465737,7465737-21667900-3
The Man in the High Castle,4,9,21667900,7465738,7465738-21667900-3
The Man in the High Castle,4,10,21667900,7465741,7465741-21667900-3
Messiah (2020),1,1,21667900,7478806,7478806-21667900-29
My Brilliant Friend,2,1,21667900,7479250,7479250-21667900-3
Crash Landing on You,1,16,21667900,7483410,7483410-21667900-3
Normal People,1,1,21667900,7486455,7486455-21667900-3
Normal People,1,2,21667900,7486456,7486456-21667900-3
Normal People,1,3,21667900,7486458,7486458-21667900-3
Normal People,1,4,21667900,7486461,7486461-21667900-3
Normal People,1,5,21667900,7486462,7486462-21667900-3
Normal People,1,6,21667900,7486463,7486463-21667900-3
Normal People,1,12,21667900,7486474,7486474-21667900-3
Stranger Things,4,1,21667900,7488825,7488825-21667900-3
Little Fires Everywhere,1,1,21667900,7493294,7493294-21667900-3
This Is Us,4,11,21667900,7509621,7509621-21667900-3
This Is Us,4,12,21667900,7509624,7509624-21667900-3
This Is Us,4,13,21667900,7509625,7509625-21667900-3
Ozark,3,1,21667900,7529885,7529885-21667900-3
Westworld,3,1,21667900,7537283,7537283-21667900-3
Snowpiercer,1,2,21667900,7541726,7541726-21667900-3
The Undoing,1,1,21667900,7541802,7541802-21667900-3
Better Call Saul,5,4,21667900,7542903,7542903-21667900-3
Better Call Saul,5,3,21667900,7542906,7542906-21667900-3
The Great,1,1,21667900,7550297,7550297-21667900-3
The Wheel of Time,1,4,21667900,7552112,7552112-21667900-3
Unorthodox,1,1,21667900,7553440,7553440-21667900-3
Unorthodox,1,4,21667900,7553443,7553443-21667900-3
This Is Us,4,14,21667900,7556901,7556901-21667900-3
This Is Us,4,15,21667900,7556909,7556909-21667900-3
Lucifer,5,13,21667900,7575084,7575084-21667900-3
Westworld,3,2,21667900,7578994,7578994-21667900-3
Westworld,3,3,21667900,7578995,7578995-21667900-3
Westworld,3,4,21667900,7578996,7578996-21667900-3
Westworld,3,5,21667900,7578999,7578999-21667900-3
Westworld,3,6,21667900,7579000,7579000-21667900-3
Westworld,3,7,21667900,7579002,7579002-21667900-3
Westworld,3,8,21667900,7579004,7579004-21667900-3
Snowpiercer,1,6,21667900,7581969,7581969-21667900-3
Killing Eve,3,1,21667900,7591103,7591103-21667900-3
This Is Us,4,16,21667900,7597566,7597566-21667900-3
This Is Us,4,17,21667900,7597569,7597569-21667900-3
This Is Us,4,18,21667900,7597570,7597570-21667900-3
Tales from the Loop,1,1,21667900,7611871,7611871-21667900-3
Tales from the Loop,1,2,21667900,7611874,7611874-21667900-3
Tales from the Loop,1,3,21667900,7611876,7611876-21667900-3
Tales from the Loop,1,4,21667900,7611877,7611877-21667900-3
Tales from the Loop,1,5,21667900,7611878,7611878-21667900-3
Tales from the Loop,1,6,21667900,7611880,7611880-21667900-3
Little Fires Everywhere,1,2,21667900,7614190,7614190-21667900-3
Little Fires Everywhere,1,7,21667900,7614191,7614191-21667900-3
Little Fires Everywhere,1,6,21667900,7614193,7614193-21667900-3
Little Fires Everywhere,1,5,21667900,7614197,7614197-21667900-3
Little Fires Everywhere,1,4,21667900,7614198,7614198-21667900-3
Ozark,3,9,21667900,7620104,7620104-21667900-3
Ozark,3,10,21667900,7620105,7620105-21667900-3
The Undoing,1,2,21667900,7620959,7620959-21667900-3
Lucifer,5,16,21667900,7629417,7629417-21667900-3
The Last Kingdom,4,1,21667900,7645408,7645408-21667900-3
The Last Kingdom,4,2,21667900,7656407,7656407-21667900-3
Money Heist,2,10,21667900,7658043,7658043-21667900-3
Money Heist,2,12,21667900,7658045,7658045-21667900-3
Money Heist,2,13,21667900,7658047,7658047-21667900-3
Killing Eve,3,2,21667900,7673417,7673417-21667900-29
Killing Eve,3,3,21667900,7673418,7673418-21667900-29
Little Fires Everywhere,1,0,21667900,7681207,7681207-21667900-3
It's Okay to Not Be Okay,1,1,21667900,7705112,7705112-21667900-3
Flower of Evil,1,3,21667900,7804414,7804414-21667900-3
Modern Love,2,1,21667900,7812679,7812679-21667900-3
The Boys,2,1,21667900,7812916,7812916-21667900-3
The Boys,2,2,21667900,7812917,7812917-21667900-3
The Boys,2,3,21667900,7812918,7812918-21667900-3
The Boys,2,4,21667900,7812919,7812919-21667900-3
The Boys,2,5,21667900,7812920,7812920-21667900-3
The Boys,2,6,21667900,7812923,7812923-21667900-3
The Boys,2,7,21667900,7812925,7812925-21667900-3
The Boys,2,8,21667900,7812926,7812926-21667900-3
The Undoing,1,4,21667900,7877067,7877067-21667900-3
The Undoing,1,6,21667900,7877071,7877071-21667900-3
The Crown,4,1,21667900,7896442,7896442-21667900-3
The Crown,4,2,21667900,7896631,7896631-21667900-3
The Crown,4,3,21667900,7896632,7896632-21667900-3
The Crown,4,8,21667900,7896637,7896637-21667900-3
The Crown,4,9,21667900,7896638,7896638-21667900-3
The Crown,4,10,21667900,7896640,7896640-21667900-3
Bad Boy Billionaires: India,1,1,21667900,7896976,7896976-21667900-3
This Is Us,5,1,21667900,7905328,7905328-21667900-3
This Is Us,5,2,21667900,7905559,7905559-21667900-3
Bad Boy Billionaires: India,1,2,21667900,7977905,7977905-21667900-3
Bad Boy Billionaires: India,1,3,21667900,7977909,7977909-21667900-3
This Is Us,5,3,21667900,7992608,7992608-21667900-3
The Mandalorian,2,3,21667900,7993541,7993541-21667900-3
The Mandalorian,2,5,21667900,7993544,7993544-21667900-3
The Mandalorian,2,6,21667900,7993545,7993545-21667900-29
Bridgerton,1,8,21667900,7995063,7995063-21667900-3
The White Lotus,1,1,21667900,8001669,8001669-21667900-29
This Is Us,5,4,21667900,8022000,8022000-21667900-3
WandaVision,1,2,21667900,8043108,8043108-21667900-3
WandaVision,1,4,21667900,8043110,8043110-21667900-3
WandaVision,1,5,21667900,8043111,8043111-21667900-3
WandaVision,1,6,21667900,8043112,8043112-21667900-3
A Teacher,1,10,21667900,8064491,8064491-21667900-29
WandaVision,1,7,21667900,8105217,8105217-21667900-3
WandaVision,1,8,21667900,8105218,8105218-21667900-3
WandaVision,1,9,21667900,8120638,8120638-21667900-3
Lucifer,6,1,21667900,8126409,8126409-21667900-29
This Is Us,5,8,21667900,8129477,8129477-21667900-3
Vincenzo,1,4,21667900,8159092,8159092-21667900-3
This Is Us,5,9,21667900,8212911,8212911-21667900-3
This Is Us,5,10,21667900,8214191,8214191-21667900-3
Loki,1,1,21667900,8234217,8234217-21667900-3
The Falcon and The Winter Soldier,1,2,21667900,8238358,8238358-21667900-3
The Falcon and The Winter Soldier,1,3,21667900,8238359,8238359-21667900-3
The Falcon and The Winter Soldier,1,4,21667900,8238360,8238360-21667900-3
The Falcon and The Winter Soldier,1,5,21667900,8238361,8238361-21667900-3
The Falcon and The Winter Soldier,1,6,21667900,8238362,8238362-21667900-29
Shadow and Bone,1,8,21667900,8239389,8239389-21667900-29
This Is Us,5,11,21667900,8269035,8269035-21667900-3
House of the Dragon,1,1,21667900,8287133,8287133-21667900-3
Mare of Easttown,1,5,21667900,8324652,8324652-21667900-3
This Is Us,5,15,21667900,8334515,8334515-21667900-3
Mare of Easttown,1,6,21667900,8355786,8355786-21667900-3
This Is Us,5,16,21667900,8358732,8358732-21667900-3
My Liberation Notes,1,1,21667900,8381861,8381861-21667900-3
Komi Can't Communicate,1,1,21667900,8415207,8415207-21667900-3
The White Lotus,1,6,21667900,8423104,8423104-21667900-3
Money Heist,3,1,21667900,8447795,8447795-21667900-28
Money Heist,3,5,21667900,8447799,8447799-21667900-1
Loki,1,4,21667900,8452518,8452518-21667900-3
Modern Love,2,2,21667900,8452682,8452682-21667900-3
Modern Love,2,8,21667900,8452688,8452688-21667900-3
Alchemy of Souls,1,13,21667900,8487985,8487985-21667900-3
Sex Education,3,3,21667900,8507460,8507460-21667900-3
Atypical,4,10,21667900,8513240,8513240-21667900-3
Scenes From A Marriage (US),1,3,21667900,8618763,8618763-21667900-3
Scenes From A Marriage (US),1,5,21667900,8618765,8618765-21667900-27
My Name,1,8,21667900,8640506,8640506-21667900-3
You,3,4,21667900,8644085,8644085-21667900-3
Succession,3,4,21667900,8685511,8685511-21667900-3
Succession,3,8,21667900,8685515,8685515-21667900-3
This Is Us,6,3,21667900,8697562,8697562-21667900-3
This Is Us,6,5,21667900,8697564,8697564-21667900-3
The Sandman,1,1,21667900,8723673,8723673-21667900-3
Ozark,4,1,21667900,8791888,8791888-21667900-3
Stranger Things,4,7,21667900,8825812,8825812-21667900-3
This Is Us,6,6,21667900,8853056,8853056-21667900-3
The Boys,3,8,21667900,8932006,8932006-21667900-3
This Is Us,6,10,21667900,8945268,8945268-21667900-3
The Glory,1,1,21667900,8964727,8964727-21667900-3
Presumed Innocent,1,1,21667900,8983189,8983189-21667900-29
This Is Us,6,13,21667900,8986043,8986043-21667900-3
This Is Us,6,15,21667900,8986052,8986052-21667900-3
This Is Us,6,17,21667900,8986054,8986054-21667900-3
My Liberation Notes,1,2,21667900,9046258,9046258-21667900-3
My Liberation Notes,1,4,21667900,9046261,9046261-21667900-3
My Liberation Notes,1,5,21667900,9046264,9046264-21667900-3
My Liberation Notes,1,6,21667900,9046265,9046265-21667900-3
My Liberation Notes,1,13,21667900,9046274,9046274-21667900-3
House of the Dragon,1,2,21667900,9082147,9082147-21667900-3
House of the Dragon,1,4,21667900,9082149,9082149-21667900-3
Ozark,4,8,21667900,9138252,9138252-21667900-3
Alchemy of Souls,1,20,21667900,9162276,9162276-21667900-3
Shōgun,1,1,21667900,9240063,9240063-21667900-3
The Sandman,1,4,21667900,9288822,9288822-21667900-3
Alchemy of Souls,2,10,21667900,9328540,9328540-21667900-3
You,4,5,21667900,9365338,9365338-21667900-3
You,4,10,21667900,9365343,9365343-21667900-3
Succession,4,3,21667900,9543948,9543948-21667900-3
Succession,4,5,21667900,9543952,9543952-21667900-3
Succession,4,6,21667900,9543954,9543954-21667900-3
Succession,4,7,21667900,9543955,9543955-21667900-3
Succession,4,8,21667900,9543956,9543956-21667900-3
Sex Education,4,8,21667900,9882281,9882281-21667900-28
House of the Dragon,2,1,21667900,10396624,10396624-21667900-3
House of the Dragon,2,2,21667900,10396629,10396629-21667900-3
House of the Dragon,2,3,21667900,10396630,10396630-21667900-3
House of the Dragon,2,4,21667900,10396631,10396631-21667900-3
House of the Dragon,2,5,21667900,10396632,10396632-21667900-3
House of the Dragon,2,7,21667900,10396634,10396634-21667900-3
House of the Dragon,2,8,21667900,10396635,10396635-21667900-3
Baby Reindeer,1,1,21667900,10398314,10398314-21667900-29
Baby Reindeer,1,2,21667900,10410193,10410193-21667900-29
Baby Reindeer,1,3,21667900,10410194,10410194-21667900-3
Baby Reindeer,1,4,21667900,10410195,10410195-21667900-3
Baby Reindeer,1,6,21667900,10410197,10410197-21667900-3
Baby Reindeer,1,7,21667900,10410198,10410198-21667900-3
Severance,2,8,21667900,10592765,10592765-21667900-28
Severance,2,10,21667900,10592768,10592768-21667900-3
