episode_id,updated_at,episode_season_number,episode_number,user_id,show_character_id,created_at,fb_action_id,tv_show_name
141245,2019-06-14 09:23:58,1,1,21667900,64814746,2019-06-14 09:23:58,,Band of Brothers
171362,2019-05-28 04:22:48,1,1,21667900,67502424,2019-05-28 04:22:48,,Six Feet Under
307266,2019-11-22 06:04:20,1,1,21667900,63892907,2019-11-22 06:04:17,,Angels in America
326715,2019-07-16 16:20:55,1,1,21667900,63731577,2019-07-16 16:20:55,,The Tudors
440752,2020-08-16 09:14:58,1,25,21667900,65099723,2020-08-16 09:14:58,,Toradora!
879161,2020-09-14 06:32:31,1,19,21667900,85451,2020-09-14 06:32:29,,Fullmetal Alchemist: Brotherhood
3941411,2021-06-17 02:10:43,7,22,21667900,65264240,2021-06-17 02:10:43,,The Office (US)
4063481,2018-10-29 05:56:26,1,9,21667900,63976056,2018-10-29 05:56:26,,Game of Thrones
4079947,2020-04-25 11:26:23,1,1,21667900,63511176,2020-04-25 11:26:23,,Homeland
4175251,2020-04-25 11:26:48,1,2,21667900,63511176,2020-04-25 11:26:48,,Homeland
4175252,2020-04-25 16:56:31,1,3,21667900,63511176,2020-04-25 16:56:31,,Homeland
4175253,2020-04-25 16:57:02,1,4,21667900,63511176,2020-04-25 16:57:02,,Homeland
4175254,2020-04-26 06:07:12,1,5,21667900,63511176,2020-04-26 06:07:12,,Homeland
4175255,2020-04-26 06:07:42,1,6,21667900,63511176,2020-04-26 06:07:36,,Homeland
4175256,2020-04-26 06:08:14,1,7,21667900,63511179,2020-04-26 06:08:10,,Homeland
4182830,2020-04-26 13:29:27,1,8,21667900,63511176,2020-04-26 13:29:26,,Homeland
4198125,2020-04-26 13:30:14,1,9,21667900,63511179,2020-04-26 13:30:14,,Homeland
4198126,2020-04-26 13:30:34,1,10,21667900,63511176,2020-04-26 13:30:34,,Homeland
4198127,2020-04-26 15:42:10,1,11,21667900,63511176,2020-04-26 15:42:10,,Homeland
4198128,2020-04-27 04:32:58,1,12,21667900,63511176,2020-04-27 04:32:58,,Homeland
4208116,2019-11-19 05:18:34,3,10,21667900,65250378,2019-11-19 05:18:34,,Hung
4303747,2020-04-28 06:00:37,2,1,21667900,63511176,2020-04-28 06:00:37,,Homeland
4333794,2020-04-28 06:01:04,2,2,21667900,63511176,2020-04-28 06:01:04,,Homeland
4333795,2020-04-28 06:01:20,2,3,21667900,63511176,2020-04-28 06:01:20,,Homeland
4336562,2020-04-28 06:01:37,2,4,21667900,63511176,2020-04-28 06:01:37,,Homeland
4366700,2020-04-28 09:32:13,2,6,21667900,63511176,2020-04-28 09:32:13,,Homeland
4366701,2020-04-28 10:29:56,2,7,21667900,63511174,2020-04-28 10:29:53,,Homeland
4376938,2020-04-28 09:31:42,2,5,21667900,63511176,2020-04-28 09:31:42,,Homeland
4382125,2020-04-28 13:17:39,2,8,21667900,63511179,2020-04-28 13:17:39,,Homeland
4382126,2020-04-29 03:48:15,2,9,21667900,63511176,2020-04-29 03:47:18,,Homeland
4402617,2020-04-29 03:48:37,2,10,21667900,63511176,2020-04-29 03:48:34,,Homeland
4402619,2020-04-29 04:40:43,2,11,21667900,63511176,2020-04-29 04:40:43,,Homeland
4402622,2020-04-29 06:10:07,2,12,21667900,63511176,2020-04-29 06:10:07,,Homeland
4411361,2019-04-13 09:20:21,1,1,21667900,64818234,2019-04-13 09:20:21,,House of Cards (US)
4423637,2018-12-17 16:32:01,1,2,21667900,63629191,2018-12-17 16:32:01,,The Men Who Built America
4481708,2019-04-13 10:14:47,1,2,21667900,64818234,2019-04-13 10:14:47,,House of Cards (US)
4481709,2019-04-13 11:19:48,1,3,21667900,64818234,2019-04-13 11:19:48,,House of Cards (US)
4481711,2019-04-13 13:24:47,1,5,21667900,64818234,2019-04-13 13:24:47,,House of Cards (US)
4481712,2019-04-13 16:32:36,1,6,21667900,64818234,2019-04-13 16:32:36,,House of Cards (US)
4481713,2019-04-15 10:35:23,1,7,21667900,64818234,2019-04-15 10:35:23,,House of Cards (US)
4481714,2019-04-15 11:50:59,1,8,21667900,64818234,2019-04-15 11:50:59,,House of Cards (US)
4481715,2019-04-15 13:09:53,1,9,21667900,64818236,2019-04-15 13:09:53,,House of Cards (US)
4481716,2019-04-15 16:29:40,1,10,21667900,64818234,2019-04-15 16:29:35,,House of Cards (US)
4481717,2019-05-18 10:57:47,1,11,21667900,64818240,2019-05-18 10:57:47,,House of Cards (US)
4481718,2019-05-19 10:46:15,1,12,21667900,64818234,2019-05-19 10:46:13,,House of Cards (US)
4481719,2019-05-21 04:33:13,1,13,21667900,64818234,2019-05-21 04:33:13,,House of Cards (US)
4490875,2021-03-03 16:16:01,1,1,21667900,63761541,2021-03-03 16:16:01,,Broadchurch
4508211,2020-04-29 11:57:59,3,1,21667900,63511176,2020-04-29 11:57:59,,Homeland
4517465,2018-10-29 05:57:24,3,9,21667900,63976043,2018-10-29 05:57:24,,Game of Thrones
4520960,2021-03-05 17:02:14,1,5,21667900,63761553,2021-03-05 17:02:14,,Broadchurch
4520963,2021-03-07 08:41:32,1,8,21667900,63761535,2021-03-07 08:41:29,,Broadchurch
4549213,2019-05-21 04:33:36,2,1,21667900,64818238,2019-05-21 04:33:36,,House of Cards (US)
4553040,2019-01-10 16:26:48,5,14,21667900,64178867,2019-01-10 16:26:48,,Breaking Bad
4559295,2022-03-14 02:56:29,3,2,21667900,64837334,2022-03-14 02:56:29,,Suits
4562419,2020-04-29 11:58:26,3,2,21667900,63511176,2020-04-29 11:58:26,,Homeland
4591566,2020-04-29 16:24:35,3,3,21667900,63511179,2020-04-29 16:24:35,,Homeland
4591568,2020-04-30 03:55:53,3,4,21667900,63511176,2020-04-30 03:55:53,,Homeland
4592328,2018-12-22 05:08:43,1,1,21667900,63774360,2018-12-22 05:08:43,,True Detective
4592329,2018-12-22 09:57:36,1,2,21667900,63774360,2018-12-22 09:57:36,,True Detective
4592330,2018-12-22 11:01:24,1,3,21667900,63774360,2018-12-22 11:01:24,,True Detective
4592331,2018-12-23 05:55:22,1,4,21667900,63774360,2018-12-23 05:55:22,,True Detective
4592332,2018-12-23 09:31:45,1,5,21667900,63774360,2018-12-23 09:31:45,,True Detective
4596698,2020-04-19 10:34:26,1,1,21667900,63614903,2020-04-19 10:34:26,,Quarry
4596699,2019-01-07 16:45:22,1,1,21667900,63359249,2019-01-07 16:45:20,,The Leftovers
4597331,2020-04-30 04:59:46,3,5,21667900,63511185,2020-04-30 04:59:44,,Homeland
4611506,2020-04-30 17:35:46,3,6,21667900,63511176,2020-04-30 17:35:46,,Homeland
4611507,2020-05-03 13:35:16,3,7,21667900,63511176,2020-05-03 13:35:16,,Homeland
4626050,2019-08-04 09:35:20,1,1,21667900,63319780,2019-08-04 09:35:20,,Fargo
4663020,2019-09-07 09:08:23,1,1,21667900,65235974,2019-09-07 09:08:23,,Better Call Saul
4663897,2020-05-03 13:35:46,3,8,21667900,63511176,2020-05-03 13:35:46,,Homeland
4663898,2020-05-03 13:36:32,3,9,21667900,63511179,2020-05-03 13:36:32,,Homeland
4663899,2020-05-06 08:09:02,3,10,21667900,63511179,2020-05-06 08:09:02,,Homeland
4675715,2020-05-06 08:09:14,3,11,21667900,63511179,2020-05-06 08:09:14,,Homeland
4675716,2020-05-06 08:10:15,3,12,21667900,63511179,2020-05-06 08:10:15,,Homeland
4676429,2022-03-18 01:34:29,3,16,21667900,64837316,2022-03-18 01:34:29,,Suits
4741188,2019-05-21 08:46:57,2,2,21667900,64818234,2019-05-21 08:46:57,,House of Cards (US)
4741189,2019-05-22 04:11:36,2,3,21667900,64818234,2019-05-22 04:11:36,,House of Cards (US)
4741190,2019-05-22 09:23:07,2,4,21667900,64818236,2019-05-22 09:23:07,,House of Cards (US)
4741191,2019-05-22 10:16:42,2,5,21667900,64818234,2019-05-22 10:16:42,,House of Cards (US)
4741192,2019-05-22 16:24:53,2,6,21667900,64818234,2019-05-22 16:24:53,,House of Cards (US)
4741193,2019-05-23 09:12:59,2,7,21667900,64818234,2019-05-23 09:12:59,,House of Cards (US)
4741194,2019-05-23 10:46:37,2,8,21667900,64818234,2019-05-23 10:46:37,,House of Cards (US)
4741195,2019-05-23 16:24:57,2,9,21667900,357723,2019-05-23 16:24:52,,House of Cards (US)
4741196,2019-05-25 16:21:03,2,10,21667900,64818234,2019-05-25 16:21:03,,House of Cards (US)
4741197,2019-05-26 04:53:58,2,11,21667900,64818234,2019-05-26 04:53:58,,House of Cards (US)
4741198,2019-05-26 08:49:06,2,12,21667900,64818234,2019-05-26 08:49:06,,House of Cards (US)
4741199,2019-05-26 09:46:22,2,13,21667900,64818234,2019-05-26 09:46:22,,House of Cards (US)
4808528,2019-08-04 10:23:11,1,2,21667900,63319789,2019-08-04 10:23:09,,Fargo
4808529,2019-08-04 16:09:12,1,3,21667900,63319789,2019-08-04 16:09:12,,Fargo
4808530,2019-08-06 16:17:29,1,4,21667900,63319789,2019-08-06 16:17:29,,Fargo
4808531,2019-08-06 16:18:07,1,5,21667900,63319789,2019-08-06 16:18:07,,Fargo
4808533,2019-08-07 05:02:54,1,6,21667900,63319780,2019-08-07 05:02:51,,Fargo
4808534,2019-08-07 10:33:03,1,7,21667900,63319780,2019-08-07 10:33:01,,Fargo
4808535,2019-08-07 16:04:45,1,8,21667900,63319780,2019-08-07 16:04:45,,Fargo
4808536,2019-08-07 16:05:06,1,9,21667900,63319789,2019-08-07 16:05:02,,Fargo
4808538,2019-08-08 05:53:40,1,10,21667900,63319791,2019-08-08 05:53:40,,Fargo
4823565,2019-06-12 12:11:25,1,1,21667900,63512691,2019-06-12 12:11:22,,Olive Kitteridge
4823566,2019-06-12 13:28:53,1,2,21667900,63512690,2019-06-12 13:28:53,,Olive Kitteridge
4823567,2019-06-13 13:56:52,1,3,21667900,63512691,2019-06-13 13:56:52,,Olive Kitteridge
4823568,2019-06-14 02:16:59,1,4,21667900,63512690,2019-06-14 02:16:59,,Olive Kitteridge
4825726,2020-08-27 03:10:13,1,1,21667900,66805531,2020-08-27 03:10:13,,Blue Spring Ride
4853144,2018-12-23 11:37:17,1,1,21667900,64577222,2018-12-23 11:37:17,,Poldark (2015)
4853145,2018-12-23 13:05:58,1,2,21667900,64577222,2018-12-23 13:05:58,,Poldark (2015)
4853146,2018-12-23 16:31:23,1,3,21667900,64577227,2018-12-23 16:31:23,,Poldark (2015)
4853147,2018-12-24 05:57:25,1,4,21667900,64577227,2018-12-24 05:57:25,,Poldark (2015)
4853148,2018-12-24 09:09:54,1,5,21667900,64577222,2018-12-24 09:09:54,,Poldark (2015)
4853149,2018-12-24 10:34:38,1,6,21667900,64577222,2018-12-24 10:34:38,,Poldark (2015)
4853150,2018-12-24 13:33:58,1,7,21667900,64577222,2018-12-24 13:33:58,,Poldark (2015)
4853151,2018-12-24 16:21:42,1,8,21667900,64577227,2018-12-24 16:21:42,,Poldark (2015)
4854796,2019-01-08 16:32:54,1,2,21667900,63359249,2019-01-08 16:32:54,,The Leftovers
4854797,2019-01-09 16:23:38,1,3,21667900,63359258,2019-01-09 16:23:38,,The Leftovers
4854799,2021-11-09 06:23:57,1,5,21667900,63359249,2021-11-09 06:23:57,,The Leftovers
4866622,2019-07-10 11:21:45,1,1,21667900,63639853,2019-07-10 11:21:45,,The Knick
4929224,2021-11-09 12:57:27,1,10,21667900,63359249,2021-11-09 12:57:27,,The Leftovers
4930433,2019-07-11 10:51:32,1,2,21667900,63639897,2019-07-11 10:51:30,,The Knick
4930434,2019-07-12 10:35:52,1,3,21667900,63639897,2019-07-12 10:35:50,,The Knick
4930435,2019-07-12 10:36:40,1,4,21667900,63639897,2019-07-12 10:36:36,,The Knick
4930436,2019-07-12 10:37:09,1,5,21667900,63639853,2019-07-12 10:37:09,,The Knick
4930437,2019-07-12 11:51:28,1,6,21667900,63639897,2019-07-12 11:51:28,,The Knick
4930438,2019-07-12 16:09:35,1,7,21667900,63639853,2019-07-12 16:09:35,,The Knick
4930439,2019-07-13 05:28:34,1,8,21667900,63639853,2019-07-13 05:28:34,,The Knick
4930440,2019-07-13 07:43:59,1,9,21667900,63639881,2019-07-13 07:43:59,,The Knick
4930441,2019-07-13 08:41:01,1,10,21667900,63639876,2019-07-13 08:41:01,,The Knick
5013326,2020-08-24 06:32:18,1,2,21667900,64369572,2020-08-24 06:32:14,,Your Lie in April
5013610,2020-08-26 10:31:26,1,22,21667900,64369572,2020-08-26 10:31:23,,Your Lie in April
5028306,2021-02-09 10:05:47,1,8,21667900,64833043,2021-02-09 10:05:47,,The Seven Deadly Sins
5043395,2019-05-26 11:53:40,3,1,21667900,64818243,2019-05-26 11:53:40,,House of Cards (US)
5043396,2019-05-26 16:39:17,3,2,21667900,64818234,2019-05-26 16:39:17,,House of Cards (US)
5043397,2019-05-27 04:39:07,3,3,21667900,64818234,2019-05-27 04:39:07,,House of Cards (US)
5043398,2019-05-27 16:14:17,3,4,21667900,64818234,2019-05-27 16:14:17,,House of Cards (US)
5043399,2019-05-29 06:49:51,3,5,21667900,64818234,2019-05-29 06:49:51,,House of Cards (US)
5043400,2019-05-29 06:50:10,3,6,21667900,64818236,2019-05-29 06:50:10,,House of Cards (US)
5043401,2019-05-29 06:50:25,3,7,21667900,64818234,2019-05-29 06:50:25,,House of Cards (US)
5043402,2019-05-29 09:03:24,3,8,21667900,64818234,2019-05-29 09:03:24,,House of Cards (US)
5043403,2019-05-29 09:51:53,3,9,21667900,64818234,2019-05-29 09:51:53,,House of Cards (US)
5043404,2019-05-29 10:54:39,3,10,21667900,64818234,2019-05-29 10:54:39,,House of Cards (US)
5043406,2019-05-29 12:10:25,3,11,21667900,64818234,2019-05-29 12:10:20,,House of Cards (US)
5043417,2019-05-30 03:47:26,3,13,21667900,64818236,2019-05-30 03:47:26,,House of Cards (US)
5054192,2019-09-07 09:53:48,1,2,21667900,65235974,2019-09-07 09:53:48,,Better Call Saul
5054193,2019-09-07 11:44:50,1,3,21667900,65235974,2019-09-07 11:44:50,,Better Call Saul
5080540,2021-03-12 02:33:11,2,8,21667900,63761541,2021-03-12 02:33:11,,Broadchurch
5114293,2019-09-07 11:45:16,1,4,21667900,65235974,2019-09-07 11:45:16,,Better Call Saul
5114294,2019-09-08 05:02:10,1,5,21667900,65235974,2019-09-08 05:02:10,,Better Call Saul
5126774,2019-09-08 10:08:25,1,6,21667900,65235978,2019-09-08 10:08:25,,Better Call Saul
5126775,2019-09-08 10:08:44,1,7,21667900,65235974,2019-09-08 10:08:44,,Better Call Saul
5126776,2019-09-09 16:19:18,1,8,21667900,65235974,2019-09-09 16:19:18,,Better Call Saul
5126777,2019-09-09 16:19:38,1,9,21667900,65235974,2019-09-09 16:19:38,,Better Call Saul
5242623,2018-11-02 11:43:25,1,2,21667900,65334473,2018-11-02 11:43:25,,American Crime Story
5245898,2018-12-09 10:04:22,1,1,21667900,64607387,2018-12-09 10:04:22,,The Man in the High Castle
5256066,2021-11-10 05:43:47,2,1,21667900,63359249,2021-11-10 05:43:47,,The Leftovers
5295146,2019-07-13 13:09:13,2,1,21667900,63639853,2019-07-13 13:09:13,,The Knick
5300871,2019-08-09 10:04:36,2,1,21667900,63319824,2019-08-09 10:04:36,,Fargo
5315387,2019-07-13 16:19:54,2,2,21667900,63639853,2019-07-13 16:19:54,,The Knick
5315388,2019-07-14 04:30:52,2,3,21667900,63639853,2019-07-14 04:30:49,,The Knick
5315389,2019-07-14 09:44:45,2,4,21667900,63639853,2019-07-14 09:44:45,,The Knick
5315390,2019-07-14 09:45:08,2,5,21667900,63639853,2019-07-14 09:45:08,,The Knick
5315391,2019-07-14 13:43:05,2,6,21667900,63639853,2019-07-14 13:43:05,,The Knick
5315392,2019-07-14 16:54:17,2,7,21667900,63639853,2019-07-14 16:54:17,,The Knick
5315393,2019-07-14 16:54:34,2,8,21667900,63639853,2019-07-14 16:54:34,,The Knick
5315394,2019-07-15 12:55:41,2,9,21667900,63639881,2019-07-15 12:55:39,,The Knick
5315395,2019-07-15 16:03:05,2,10,21667900,63639853,2019-07-15 16:03:05,,The Knick
5324526,2018-10-10 05:53:12,2,10,21667900,64353155,2018-10-10 05:53:12,,The Affair
5343365,2019-08-09 12:39:48,2,2,21667900,63319815,2019-08-09 12:39:48,,Fargo
5344820,2019-08-10 04:55:10,2,3,21667900,63319824,2019-08-10 04:55:10,,Fargo
5364427,2019-07-07 09:16:08,1,1,21667900,64620567,2019-07-07 09:16:08,,The Night Manager
5388444,2018-12-10 09:27:36,1,7,21667900,64607387,2018-12-10 09:27:36,,The Man in the High Castle
5388445,2018-12-10 12:44:15,1,8,21667900,64607381,2018-12-10 12:43:58,,The Man in the High Castle
5388446,2018-12-10 13:35:55,1,9,21667900,64607396,2018-12-10 13:35:50,,The Man in the High Castle
5388447,2018-12-10 16:32:01,1,10,21667900,64607387,2018-12-10 16:32:01,,The Man in the High Castle
5391641,2018-11-24 09:01:25,1,1,21667900,64592390,2018-11-24 09:01:25,,Victoria
5427452,2024-05-08 02:59:27,2,1,21667900,65235974,2024-05-08 02:59:27,,Better Call Saul
5440797,2019-05-30 05:04:51,4,1,21667900,64818234,2019-05-30 05:04:51,,House of Cards (US)
5440798,2019-05-30 10:20:32,4,2,21667900,64818234,2019-05-30 10:20:32,,House of Cards (US)
5440802,2019-05-30 11:25:09,4,3,21667900,64818236,2019-05-30 11:25:06,,House of Cards (US)
5440804,2019-05-30 16:17:29,4,4,21667900,64818263,2019-05-30 16:17:26,,House of Cards (US)
5440806,2019-05-31 03:38:38,4,5,21667900,64818243,2019-05-31 03:38:38,,House of Cards (US)
5440807,2019-05-31 04:28:41,4,6,21667900,64818234,2019-05-31 04:28:41,,House of Cards (US)
5440808,2019-05-31 09:19:58,4,7,21667900,64818234,2019-05-31 09:19:58,,House of Cards (US)
5440809,2019-05-31 10:14:58,4,8,21667900,64818234,2019-05-31 10:14:56,,House of Cards (US)
5440812,2019-05-31 11:31:49,4,9,21667900,64818234,2019-05-31 11:31:49,,House of Cards (US)
5440813,2019-05-31 12:30:52,4,10,21667900,64818236,2019-05-31 12:30:52,,House of Cards (US)
5440814,2019-06-02 09:38:44,4,11,21667900,64818234,2019-06-02 09:38:40,,House of Cards (US)
5440815,2019-06-02 10:43:40,4,12,21667900,64818234,2019-06-02 10:43:40,,House of Cards (US)
5440817,2019-06-02 16:26:40,4,13,21667900,64818234,2019-06-02 16:26:40,,House of Cards (US)
5444137,2020-04-22 13:51:25,1,2,21667900,63614903,2020-04-22 13:51:25,,Quarry
5444138,2020-04-23 05:05:26,1,3,21667900,63614903,2020-04-23 05:05:26,,Quarry
5444139,2020-04-23 05:05:39,1,4,21667900,63614903,2020-04-23 05:05:39,,Quarry
5444140,2020-04-23 08:41:45,1,5,21667900,63614903,2020-04-23 08:41:45,,Quarry
5444141,2020-04-23 11:18:48,1,6,21667900,63614903,2020-04-23 11:18:48,,Quarry
5444142,2020-04-23 12:24:05,1,7,21667900,63614903,2020-04-23 12:24:05,,Quarry
5471290,2021-06-20 17:03:34,2,3,21667900,64401464,2021-06-20 17:03:34,,Marvel's Daredevil
5481550,2019-07-07 10:13:52,1,2,21667900,64620567,2019-07-07 10:13:52,,The Night Manager
5481551,2019-07-08 11:03:56,1,3,21667900,64620567,2019-07-08 11:03:54,,The Night Manager
5481552,2019-07-08 12:06:18,1,4,21667900,64620567,2019-07-08 12:06:18,,The Night Manager
5481553,2019-07-09 12:06:09,1,5,21667900,64620567,2019-07-09 12:06:09,,The Night Manager
5481554,2019-07-09 16:27:51,1,6,21667900,64620567,2019-07-09 16:27:51,,The Night Manager
5506131,2024-05-08 03:01:09,2,2,21667900,65235978,2024-05-08 03:01:05,,Better Call Saul
5506132,2024-05-08 03:53:19,2,3,21667900,65235974,2024-05-08 03:53:19,,Better Call Saul
5537897,2024-05-08 19:42:56,2,5,21667900,65235964,2024-05-08 19:42:56,,Better Call Saul
5538565,2024-05-08 20:29:39,2,6,21667900,65235978,2024-05-08 20:29:39,,Better Call Saul
5551774,2024-05-09 03:03:49,2,7,21667900,65235974,2024-05-09 03:03:49,,Better Call Saul
5577096,2018-12-11 06:15:51,2,1,21667900,64607387,2018-12-11 06:15:51,,The Man in the High Castle
5586358,2019-08-03 06:24:57,1,1,21667900,64075655,2019-08-03 06:24:57,,The Night Of
5606328,2021-11-16 11:26:56,3,1,21667900,63359249,2021-11-16 11:26:56,,The Leftovers
5624260,2019-01-17 12:15:15,6,9,21667900,63976230,2019-01-17 12:15:15,,Game of Thrones
5624261,2018-11-08 11:26:25,6,10,21667900,63976219,2018-11-08 11:26:25,,Game of Thrones
5648788,2019-06-11 03:44:27,1,1,21667900,63324809,2019-06-11 03:44:27,,The Good Place
5648842,2019-08-03 08:58:37,1,2,21667900,64075655,2019-08-03 08:58:37,,The Night Of
5648843,2019-08-03 10:40:06,1,3,21667900,64075655,2019-08-03 10:40:06,,The Night Of
5648844,2019-08-03 12:01:50,1,4,21667900,64075655,2019-08-03 12:01:50,,The Night Of
5649281,2019-06-11 03:45:19,1,2,21667900,63324809,2019-06-11 03:45:19,,The Good Place
5649282,2019-06-11 04:10:51,1,3,21667900,63324809,2019-06-11 04:10:51,,The Good Place
5657622,2019-08-03 13:19:15,1,5,21667900,64075643,2019-08-03 13:19:15,,The Night Of
5657623,2019-08-03 15:47:32,1,6,21667900,64075643,2019-08-03 15:47:32,,The Night Of
5657624,2019-08-03 16:41:49,1,7,21667900,64075643,2019-08-03 16:41:45,,The Night Of
5657625,2019-08-04 06:04:09,1,8,21667900,64075643,2019-08-04 06:04:09,,The Night Of
5671265,2018-12-25 05:08:23,2,1,21667900,64577211,2018-12-25 05:08:23,,Poldark (2015)
5692427,2020-11-20 12:58:42,3,1,21667900,388451,2020-11-20 12:58:42,,Black Mirror
5692430,2020-11-20 13:00:00,3,2,21667900,398011,2020-11-20 12:59:58,,Black Mirror
5714320,2018-11-24 09:53:19,1,2,21667900,64592390,2018-11-24 09:53:19,,Victoria
5722831,2018-12-11 16:22:15,2,3,21667900,64607396,2018-12-11 16:22:07,,The Man in the High Castle
5722832,2018-12-12 08:41:12,2,4,21667900,64607381,2018-12-12 08:41:12,,The Man in the High Castle
5722833,2018-12-12 09:38:06,2,5,21667900,64607396,2018-12-12 09:38:01,,The Man in the High Castle
5722834,2018-12-12 10:48:20,2,6,21667900,64607396,2018-12-12 10:48:20,,The Man in the High Castle
5722835,2018-12-13 04:43:06,2,7,21667900,64607421,2018-12-13 04:43:06,,The Man in the High Castle
5722836,2018-12-13 05:44:50,2,8,21667900,64607381,2018-12-13 05:44:50,,The Man in the High Castle
5722837,2018-12-14 05:08:27,2,9,21667900,64607390,2018-12-14 05:08:27,,The Man in the High Castle
5722838,2018-12-14 06:19:32,2,10,21667900,64607387,2018-12-14 06:19:32,,The Man in the High Castle
5738213,2019-06-11 04:34:40,1,4,21667900,63324809,2019-06-11 04:34:40,,The Good Place
5738214,2019-06-11 05:45:01,1,5,21667900,63324809,2019-06-11 05:45:01,,The Good Place
5738937,2018-12-25 06:14:40,2,2,21667900,64577222,2018-12-25 06:14:40,,Poldark (2015)
5738938,2018-12-25 09:55:28,2,3,21667900,64577211,2018-12-25 09:55:17,,Poldark (2015)
5738939,2018-12-25 11:11:21,2,4,21667900,64577227,2018-12-25 11:11:21,,Poldark (2015)
5738940,2018-12-25 16:30:25,2,5,21667900,64577211,2018-12-25 16:30:25,,Poldark (2015)
5738941,2018-12-26 05:53:54,2,6,21667900,64577233,2018-12-26 05:53:54,,Poldark (2015)
5738942,2018-12-26 09:15:59,2,7,21667900,64577235,2018-12-26 09:15:53,,Poldark (2015)
5738943,2018-12-26 11:23:04,2,8,21667900,64577227,2018-12-26 11:23:04,,Poldark (2015)
5738944,2018-12-26 16:31:13,2,9,21667900,64577227,2018-12-26 16:31:13,,Poldark (2015)
5738945,2018-12-27 05:23:50,2,10,21667900,64577227,2018-12-27 05:23:50,,Poldark (2015)
5745518,2019-06-11 08:04:56,1,6,21667900,63324809,2019-06-11 08:04:56,,The Good Place
5745521,2019-06-11 08:27:57,1,7,21667900,63324809,2019-06-11 08:27:57,,The Good Place
5745523,2019-06-11 08:52:36,1,8,21667900,63324809,2019-06-11 08:52:36,,The Good Place
5745525,2019-06-11 09:16:21,1,9,21667900,63324809,2019-06-11 09:16:21,,The Good Place
5755261,2021-02-26 03:06:20,3,3,21667900,63840842,2021-02-26 03:06:20,,The Fall
5782727,2019-06-15 02:15:01,1,1,21667900,63955307,2019-06-15 02:15:01,,Beyond
5782728,2019-06-15 16:12:19,1,2,21667900,63955307,2019-06-15 16:12:19,,Beyond
5782729,2019-06-16 04:39:25,1,3,21667900,63955307,2019-06-16 04:39:25,,Beyond
5782730,2019-06-16 09:25:52,1,4,21667900,63955307,2019-06-16 09:25:52,,Beyond
5782731,2019-06-17 06:17:23,1,5,21667900,63955307,2019-06-17 06:17:23,,Beyond
5818942,2019-06-11 09:40:08,1,10,21667900,63324809,2019-06-11 09:40:08,,The Good Place
5833346,2018-10-13 10:09:24,3,9,21667900,64353155,2018-10-13 10:09:24,,The Affair
5845667,2020-08-19 08:50:04,1,1,21667900,64643567,2020-08-19 08:50:04,,Scum's Wish
5855690,2019-06-11 10:54:19,1,11,21667900,63324809,2019-06-11 10:54:19,,The Good Place
5904846,2019-06-11 11:16:32,1,12,21667900,63324809,2019-06-11 11:16:32,,The Good Place
5904847,2019-06-11 11:41:52,1,13,21667900,63324809,2019-06-11 11:41:52,,The Good Place
5906286,2020-08-19 08:51:08,1,2,21667900,64643567,2020-08-19 08:51:05,,Scum's Wish
5906288,2020-08-19 09:50:42,1,4,21667900,64643567,2020-08-19 09:50:42,,Scum's Wish
5936411,2019-06-03 08:32:07,5,1,21667900,64818234,2019-06-03 08:32:07,,House of Cards (US)
5937312,2019-06-14 11:22:50,5,2,21667900,64818234,2019-06-14 11:22:50,,House of Cards (US)
5937322,2020-08-05 07:19:24,5,12,21667900,64818234,2020-08-05 07:19:24,,House of Cards (US)
5937323,2020-08-05 09:53:11,5,13,21667900,64818236,2020-08-05 09:53:11,,House of Cards (US)
5964888,2019-06-14 12:40:36,1,1,21667900,64094303,2019-06-14 12:40:36,,Babylon Berlin
5966086,2018-12-27 09:45:01,3,1,21667900,64577252,2018-12-27 09:44:54,,Poldark (2015)
5972910,2021-11-20 09:06:09,3,5,21667900,63359258,2021-11-20 09:06:09,,The Leftovers
5985411,2018-11-18 06:14:39,4,17,21667900,63532441,2018-11-18 06:14:39,,The Fosters (2013)
5995992,2018-11-19 05:48:01,5,1,21667900,63532427,2018-11-19 05:48:01,,The Fosters (2013)
6023980,2024-05-15 00:37:23,3,2,21667900,65235974,2024-05-15 00:37:23,,Better Call Saul
6023992,2024-05-16 03:47:21,3,5,21667900,65235974,2024-05-16 03:47:21,,Better Call Saul
6024003,2024-05-17 16:51:41,3,9,21667900,65235968,2024-05-17 16:51:39,,Better Call Saul
6024007,2024-05-17 18:21:50,3,10,21667900,65235955,2024-05-17 18:21:50,,Better Call Saul
6042593,2022-03-31 18:30:59,7,1,21667900,64837316,2022-03-31 18:30:59,,Suits
6049877,2021-11-20 18:08:51,3,8,21667900,63359273,2021-11-20 18:08:51,,The Leftovers
6056377,2018-12-17 09:38:57,1,1,21667900,64819094,2018-12-17 09:38:57,,Money Heist
6073203,2018-12-18 08:37:56,1,6,21667900,64819092,2018-12-18 08:37:49,,Money Heist
6073204,2018-12-18 10:38:54,1,7,21667900,64819092,2018-12-18 10:38:54,,Money Heist
6091739,2018-12-27 11:43:58,3,2,21667900,64577233,2018-12-27 11:43:58,,Poldark (2015)
6091741,2018-12-27 16:40:41,3,3,21667900,64577227,2018-12-27 16:40:41,,Poldark (2015)
6091742,2018-12-28 09:48:35,3,4,21667900,64577235,2018-12-28 09:48:35,,Poldark (2015)
6091743,2018-12-28 12:21:33,3,5,21667900,64577271,2018-12-28 12:21:33,,Poldark (2015)
6104951,2019-07-20 16:09:45,1,1,21667900,63653568,2019-07-20 16:09:45,,Ozark
6104952,2019-07-21 05:03:03,1,2,21667900,63653568,2019-07-21 05:03:03,,Ozark
6140534,2019-06-11 14:06:12,2,1,21667900,63324809,2019-06-11 14:06:12,,The Good Place
6141745,2019-06-11 14:06:37,2,2,21667900,63324809,2019-06-11 14:06:37,,The Good Place
6141746,2019-06-12 03:13:40,2,3,21667900,63324809,2019-06-12 03:13:40,,The Good Place
6141747,2019-06-12 03:36:35,2,4,21667900,63324809,2019-06-12 03:36:35,,The Good Place
6141748,2019-06-12 04:02:19,2,5,21667900,63324809,2019-06-12 04:02:17,,The Good Place
6141749,2019-06-12 04:42:20,2,6,21667900,63324809,2019-06-12 04:42:12,,The Good Place
6141750,2019-06-12 04:43:22,2,7,21667900,63324809,2019-06-12 04:43:22,,The Good Place
6141751,2019-06-12 07:28:16,2,8,21667900,63324809,2019-06-12 07:28:16,,The Good Place
6156573,2018-12-28 16:32:54,3,6,21667900,64577268,2018-12-28 16:32:50,,Poldark (2015)
6156575,2018-12-29 05:24:48,3,7,21667900,64577252,2018-12-29 05:24:48,,Poldark (2015)
6156576,2018-12-29 12:27:49,3,8,21667900,64577268,2018-12-29 12:27:49,,Poldark (2015)
6156578,2018-12-30 09:23:06,3,9,21667900,64577227,2018-12-30 09:23:04,,Poldark (2015)
6172291,2019-07-21 09:12:33,1,3,21667900,63653568,2019-07-21 09:12:33,,Ozark
6172292,2019-07-21 10:13:08,1,4,21667900,63653568,2019-07-21 10:13:08,,Ozark
6172293,2019-07-21 11:56:13,1,5,21667900,63653568,2019-07-21 11:56:13,,Ozark
6172294,2019-07-21 16:49:27,1,6,21667900,63653568,2019-07-21 16:49:27,,Ozark
6172295,2019-07-22 16:16:04,1,7,21667900,63653568,2019-07-22 16:16:04,,Ozark
6172296,2019-07-23 11:17:27,1,8,21667900,63653568,2019-07-23 11:17:27,,Ozark
6172297,2019-07-23 16:44:56,1,9,21667900,63653575,2019-07-23 16:44:56,,Ozark
6172298,2019-07-23 16:45:38,1,10,21667900,63653568,2019-07-23 16:45:38,,Ozark
6215632,2019-06-12 07:56:08,2,9,21667900,63324809,2019-06-12 07:56:08,,The Good Place
6215635,2019-06-12 10:32:16,2,11,21667900,63324809,2019-06-12 10:32:16,,The Good Place
6235145,2018-10-29 05:58:30,7,4,21667900,350478,2018-10-29 05:58:30,,Game of Thrones
6247595,2019-06-12 10:33:29,2,12,21667900,63324809,2019-06-12 10:33:29,,The Good Place
6275142,2018-10-29 05:58:50,7,7,21667900,63976039,2018-10-29 05:58:50,,Game of Thrones
6297940,2019-01-03 16:29:12,1,1,21667900,63915508,2019-01-03 16:29:12,,Howards End
6297941,2019-01-04 16:29:46,1,2,21667900,63915508,2019-01-04 16:29:46,,Howards End
6297942,2019-01-05 16:27:26,1,3,21667900,63915508,2019-01-05 16:27:26,,Howards End
6297943,2019-01-07 10:57:36,1,4,21667900,63915508,2019-01-07 10:57:36,,Howards End
6327940,2019-06-01 03:18:42,1,1,21667900,65563021,2019-06-01 03:18:42,,Dark
6347551,2019-06-01 04:07:21,1,2,21667900,65563021,2019-06-01 04:07:19,,Dark
6347552,2019-06-01 04:48:28,1,3,21667900,65563021,2019-06-01 04:48:28,,Dark
6347553,2019-06-01 05:55:26,1,4,21667900,65534250,2019-06-01 05:55:26,,Dark
6347554,2019-06-01 08:26:24,1,5,21667900,65563021,2019-06-01 08:26:24,,Dark
6347555,2019-06-01 09:19:03,1,6,21667900,66177408,2019-06-01 09:19:03,,Dark
6347556,2019-06-01 10:20:02,1,7,21667900,66177408,2019-06-01 10:20:02,,Dark
6347557,2019-06-02 04:15:13,1,8,21667900,65034592,2019-06-02 04:15:13,,Dark
6347558,2019-06-02 06:05:12,1,9,21667900,66177408,2019-06-02 06:05:08,,Dark
6347559,2019-06-02 08:44:06,1,10,21667900,66177408,2019-06-02 08:44:06,,Dark
6352961,2019-06-15 04:17:21,1,2,21667900,64094302,2019-06-15 04:17:21,,Babylon Berlin
6352962,2019-06-15 09:41:34,1,3,21667900,64094302,2019-06-15 09:41:32,,Babylon Berlin
6379885,2018-08-11 09:40:26,1,8,21667900,64821437,2018-08-11 09:40:26,,The End of the F***ing World
6468119,2018-12-20 13:09:58,1,11,21667900,64819092,2018-12-20 13:09:58,,Money Heist
6468120,2018-12-20 16:23:59,1,12,21667900,64819094,2018-12-20 16:23:55,,Money Heist
6468121,2018-12-21 05:23:04,1,13,21667900,64819092,2018-12-21 05:23:04,,Money Heist
6472375,2018-12-21 11:27:04,1,15,21667900,64819092,2018-12-21 11:27:04,,Money Heist
6485190,2019-06-23 10:28:50,2,14,21667900,63626527,2019-06-23 10:28:50,,This Is Us
6499743,2019-06-03 09:38:14,1,1,21667900,65236354,2019-06-03 09:38:14,,Killing Eve
6504114,2021-02-15 08:16:27,2,14,21667900,64833065,2021-02-15 08:16:27,,The Seven Deadly Sins
6504120,2021-02-16 04:49:51,2,20,21667900,64833033,2021-02-16 04:49:51,,The Seven Deadly Sins
6510565,2020-09-08 06:40:50,1,24,21667900,65305202,2020-09-08 06:40:47,,DARLING in the FRANXX
6524416,2022-07-01 12:51:41,1,1,21667900,63824379,2022-07-01 12:51:41,,My Mister
6530568,2020-04-09 13:44:21,1,1,21667900,64548247,2020-04-09 13:44:21,,Tom Clancy's Jack Ryan
6538598,2020-03-19 10:35:27,2,1,21667900,64482005,2020-03-19 10:35:27,,Westworld
6542369,2021-04-03 02:54:22,1,3,21667900,63941476,2021-04-03 02:54:22,,Collateral
6545667,2020-04-11 09:18:41,1,2,21667900,64548247,2020-04-11 09:18:41,,Tom Clancy's Jack Ryan
6545668,2020-04-14 10:09:30,1,3,21667900,64548255,2020-04-14 10:09:30,,Tom Clancy's Jack Ryan
6545669,2020-04-15 16:22:06,1,4,21667900,64548247,2020-04-15 16:22:06,,Tom Clancy's Jack Ryan
6548881,2022-07-01 16:44:51,1,3,21667900,63824379,2022-07-01 16:44:51,,My Mister
6548882,2022-07-01 18:42:54,1,4,21667900,63824379,2022-07-01 18:42:54,,My Mister
6548885,2024-02-28 03:44:29,1,7,21667900,63824379,2024-02-28 03:44:29,,My Mister
6548886,2022-07-03 01:00:25,1,8,21667900,63824379,2022-07-03 01:00:25,,My Mister
6548894,2022-07-06 03:28:29,1,16,21667900,63824379,2022-07-06 03:28:29,,My Mister
6578537,2020-11-04 11:27:26,3,24,21667900,63909194,2020-11-04 11:27:26,,Lucifer
6589247,2019-06-04 04:48:20,1,2,21667900,65236357,2019-06-04 04:48:20,,Killing Eve
6589248,2019-06-04 05:31:00,1,3,21667900,65236354,2019-06-04 05:31:00,,Killing Eve
6605059,2018-11-19 14:11:53,1,1,21667900,64482083,2018-11-19 14:11:53,,My Brilliant Friend
6605070,2018-12-04 09:18:04,1,6,21667900,64482085,2018-12-04 09:18:04,,My Brilliant Friend
6605071,2018-12-11 05:15:41,1,7,21667900,64482085,2018-12-11 05:15:41,,My Brilliant Friend
6605072,2018-12-12 05:51:31,1,8,21667900,64482085,2018-12-12 05:51:31,,My Brilliant Friend
6619787,2022-06-16 20:54:42,1,3,21667900,64202711,2022-06-16 20:54:42,,Something in the Rain
6646752,2018-12-31 16:34:02,4,1,21667900,64577222,2018-12-31 16:34:02,,Poldark (2015)
6674483,2018-06-29 05:54:37,2,12,21667900,63865504,2018-06-29 05:54:25,,13 Reasons Why
6674484,2018-06-29 05:53:56,2,13,21667900,63865489,2018-06-29 05:53:46,,13 Reasons Why
6704749,2019-06-14 05:43:58,3,1,21667900,63324809,2019-06-14 05:43:58,,The Good Place
6704751,2019-06-14 05:44:26,3,2,21667900,63324809,2019-06-14 05:44:26,,The Good Place
6704944,2019-01-03 12:01:36,1,8,21667900,63449055,2019-01-03 12:01:36,,Sharp Objects
6709632,2024-05-17 20:23:41,4,1,21667900,65235978,2024-05-17 20:23:38,,Better Call Saul
6710020,2019-01-01 16:31:50,4,2,21667900,64577222,2019-01-01 16:31:40,,Poldark (2015)
6711743,2019-11-26 05:52:39,1,1,21667900,63489605,2019-11-26 05:52:39,,Gentleman Jack
6732018,2018-09-28 13:02:19,3,1,21667900,63626527,2018-09-28 13:02:19,,This Is Us
6733508,2018-12-08 05:06:07,1,1,21667900,64410360,2018-12-08 05:06:07,,Bodyguard (2018)
6733509,2018-12-08 06:07:33,1,2,21667900,64410360,2018-12-08 06:07:33,,Bodyguard (2018)
6733510,2018-12-08 09:29:25,1,3,21667900,64410360,2018-12-08 09:29:25,,Bodyguard (2018)
6733513,2018-12-08 16:28:48,1,6,21667900,64410360,2018-12-08 16:28:48,,Bodyguard (2018)
6735146,2019-07-24 10:59:58,2,1,21667900,63653568,2019-07-24 10:59:58,,Ozark
6741740,2022-07-25 00:50:59,1,1,21667900,63913899,2022-07-25 00:50:58,,Familiar Wife
6751911,2018-08-05 16:24:34,2,7,21667900,64051962,2018-08-05 16:24:34,,Anne with an E
6751912,2018-08-06 04:24:54,2,8,21667900,64051936,2018-08-06 04:24:54,,Anne with an E
6751913,2018-08-06 08:08:33,2,9,21667900,64051962,2018-08-06 08:08:33,,Anne with an E
6751914,2018-08-06 09:19:38,2,10,21667900,64051933,2018-08-06 09:19:38,,Anne with an E
6756799,2022-07-28 15:31:06,1,16,21667900,63913899,2022-07-28 15:31:06,,Familiar Wife
6757076,2024-05-17 21:52:09,4,2,21667900,65235964,2024-05-17 21:52:09,,Better Call Saul
6757077,2024-05-18 23:26:47,4,3,21667900,65235974,2024-05-18 23:26:47,,Better Call Saul
6757078,2024-05-19 00:13:57,4,4,21667900,65235978,2024-05-19 00:13:55,,Better Call Saul
6757079,2024-05-20 00:34:59,4,5,21667900,65235974,2024-05-20 00:34:59,,Better Call Saul
6762373,2018-10-30 05:25:47,1,5,21667900,508446,2018-10-30 05:25:47,,Chilling Adventures of Sabrina
6765383,2019-01-06 05:44:05,1,1,21667900,474643,2019-01-06 05:44:05,,The Little Drummer Girl
6765384,2019-01-06 06:43:20,1,2,21667900,474643,2019-01-06 06:43:20,,The Little Drummer Girl
6765385,2019-01-06 11:02:59,1,3,21667900,474643,2019-01-06 11:02:59,,The Little Drummer Girl
6765386,2019-01-07 06:03:09,1,4,21667900,474643,2019-01-07 06:03:09,,The Little Drummer Girl
6765387,2019-01-07 09:54:40,1,5,21667900,474643,2019-01-07 09:54:40,,The Little Drummer Girl
6765388,2019-01-07 10:55:43,1,6,21667900,474643,2019-01-07 10:55:43,,The Little Drummer Girl
6768101,2018-12-14 09:37:43,3,1,21667900,64607384,2018-12-14 09:37:43,,The Man in the High Castle
6769073,2018-12-14 10:35:00,3,2,21667900,64607387,2018-12-14 10:35:00,,The Man in the High Castle
6770149,2019-01-01 10:41:28,1,1,21667900,64097429,2019-01-01 10:41:23,,Escape at Dannemora
6775604,2020-04-19 17:25:32,1,5,21667900,64548247,2020-04-19 17:25:32,,Tom Clancy's Jack Ryan
6775605,2020-04-19 17:25:54,1,6,21667900,64548255,2020-04-19 17:25:54,,Tom Clancy's Jack Ryan
6775606,2020-04-20 05:49:48,1,7,21667900,64548247,2020-04-20 05:49:45,,Tom Clancy's Jack Ryan
6775607,2020-04-20 09:06:38,1,8,21667900,64548247,2020-04-20 09:06:38,,Tom Clancy's Jack Ryan
6778611,2019-07-25 11:35:16,2,2,21667900,63653568,2019-07-25 11:35:16,,Ozark
6778614,2019-07-25 11:35:58,2,3,21667900,63653575,2019-07-25 11:35:56,,Ozark
6778618,2019-07-25 16:29:11,2,4,21667900,63653568,2019-07-25 16:29:11,,Ozark
6778619,2019-07-26 14:11:10,2,5,21667900,63653568,2019-07-26 14:11:10,,Ozark
6778620,2019-07-26 16:28:06,2,6,21667900,63653568,2019-07-26 16:28:06,,Ozark
6778622,2019-07-27 05:15:37,2,7,21667900,63653573,2019-07-27 05:15:37,,Ozark
6778623,2019-07-27 08:17:39,2,8,21667900,63653568,2019-07-27 08:17:39,,Ozark
6778625,2019-07-27 09:27:15,2,9,21667900,63653568,2019-07-27 09:27:15,,Ozark
6778626,2019-07-27 11:35:02,2,10,21667900,63653573,2019-07-27 11:35:02,,Ozark
6780571,2018-11-10 12:53:12,4,1,21667900,64098129,2018-11-10 12:53:12,,Outlander
6782558,2024-05-22 18:13:58,4,7,21667900,65235964,2024-05-22 18:13:56,,Better Call Saul
6783481,2020-11-04 17:19:59,4,1,21667900,63909194,2020-11-04 17:19:59,,Lucifer
6786303,2018-11-23 05:37:32,1,1,21667900,63443671,2018-11-23 05:37:32,,A Discovery of Witches
6805101,2018-12-14 13:33:19,3,3,21667900,64607384,2018-12-14 13:33:19,,The Man in the High Castle
6805102,2018-12-14 16:17:45,3,4,21667900,64607396,2018-12-14 16:17:45,,The Man in the High Castle
6805103,2018-12-15 04:27:02,3,5,21667900,64607387,2018-12-15 04:27:02,,The Man in the High Castle
6805105,2018-12-15 05:40:42,3,6,21667900,64607381,2018-12-15 05:40:42,,The Man in the High Castle
6805107,2018-12-15 11:07:53,3,8,21667900,64607396,2018-12-15 11:07:40,,The Man in the High Castle
6805108,2018-12-15 16:22:49,3,9,21667900,64607390,2018-12-15 16:22:49,,The Man in the High Castle
6805110,2018-12-16 09:02:13,3,10,21667900,64607387,2018-12-16 09:02:13,,The Man in the High Castle
6806407,2024-04-30 20:48:20,1,1,21667900,64097101,2024-04-30 20:48:20,,Perfume (2018)
6809752,2020-11-05 04:25:17,4,2,21667900,63909194,2020-11-05 04:25:17,,Lucifer
6813799,2020-11-05 05:04:33,4,3,21667900,63909194,2020-11-05 05:04:33,,Lucifer
6827062,2020-08-22 11:54:05,1,2,21667900,63510448,2020-08-22 11:54:05,,Rascal Does Not Dream of Bunny Girl Senpai
6827063,2020-08-22 12:18:38,1,3,21667900,63510448,2020-08-22 12:18:36,,Rascal Does Not Dream of Bunny Girl Senpai
6827066,2020-08-23 05:48:28,1,6,21667900,63510448,2020-08-23 05:48:28,,Rascal Does Not Dream of Bunny Girl Senpai
6827068,2020-08-23 09:17:34,1,9,21667900,63510448,2020-08-23 09:17:31,,Rascal Does Not Dream of Bunny Girl Senpai
6827069,2020-08-23 08:49:02,1,8,21667900,63510448,2020-08-23 08:49:02,,Rascal Does Not Dream of Bunny Girl Senpai
6846157,2018-12-06 02:55:45,2,1,21667900,63434345,2018-12-06 02:55:45,,The Marvelous Mrs. Maisel
6866370,2019-06-09 14:02:35,1,1,21667900,65162150,2019-06-09 14:02:35,,Les Misérables (2018)
6866371,2019-06-09 16:41:34,1,2,21667900,65162150,2019-06-09 16:41:34,,Les Misérables (2018)
6866372,2019-06-10 06:43:52,1,3,21667900,65162153,2019-06-10 06:43:49,,Les Misérables (2018)
6866374,2019-06-10 12:04:28,1,4,21667900,65162153,2019-06-10 12:04:28,,Les Misérables (2018)
6866375,2019-06-10 13:05:21,1,5,21667900,512864,2019-06-10 13:05:21,,Les Misérables (2018)
6866376,2019-06-10 16:54:39,1,6,21667900,65162153,2019-06-10 16:54:37,,Les Misérables (2018)
6869215,2021-06-26 11:25:01,3,13,21667900,64401464,2021-06-26 11:25:01,,Marvel's Daredevil
6879261,2018-11-26 06:16:49,4,4,21667900,64098125,2018-11-26 06:16:49,,Outlander
6879271,2018-12-03 16:37:08,4,5,21667900,64098147,2018-12-03 16:37:08,,Outlander
6879272,2018-12-10 10:39:32,4,6,21667900,64098125,2018-12-10 10:39:32,,Outlander
6879274,2018-12-17 05:12:27,4,7,21667900,64098173,2018-12-17 05:12:27,,Outlander
6891638,2018-12-24 04:40:31,4,8,21667900,64098173,2018-12-24 04:40:31,,Outlander
6891642,2018-12-31 11:03:43,4,9,21667900,64098173,2018-12-31 11:03:43,,Outlander
6895534,2020-08-23 16:46:55,1,13,21667900,63510448,2020-08-23 16:46:53,,Rascal Does Not Dream of Bunny Girl Senpai
6898824,2019-01-16 16:18:41,3,10,21667900,63626527,2019-01-16 16:18:33,,This Is Us
6901192,2021-03-01 11:48:29,1,4,21667900,64788115,2021-03-01 11:48:29,,Better Than Us
6905974,2018-12-06 12:39:54,5,12,21667900,65136677,2018-12-06 12:39:54,,Vikings
6905975,2018-12-13 08:57:30,5,13,21667900,65136677,2018-12-13 08:57:30,,Vikings
6905976,2018-12-20 12:16:34,5,14,21667900,400418,2018-12-20 12:16:34,,Vikings
6905977,2018-12-28 02:43:01,5,15,21667900,65136756,2018-12-28 02:43:01,,Vikings
6909600,2018-12-06 05:20:57,2,2,21667900,63434318,2018-12-06 05:20:57,,The Marvelous Mrs. Maisel
6909602,2018-12-06 06:18:19,2,3,21667900,63434318,2018-12-06 06:18:19,,The Marvelous Mrs. Maisel
6909603,2018-12-06 10:46:03,2,4,21667900,63434318,2018-12-06 10:45:55,,The Marvelous Mrs. Maisel
6909605,2018-12-06 16:31:14,2,5,21667900,63434318,2018-12-06 16:31:14,,The Marvelous Mrs. Maisel
6909606,2018-12-07 05:38:41,2,6,21667900,63434324,2018-12-07 05:38:41,,The Marvelous Mrs. Maisel
6909607,2018-12-07 06:39:19,2,7,21667900,63434318,2018-12-07 06:39:19,,The Marvelous Mrs. Maisel
6909608,2018-12-07 10:02:55,2,8,21667900,63434318,2018-12-07 10:02:55,,The Marvelous Mrs. Maisel
6909609,2018-12-07 11:00:12,2,9,21667900,63434318,2018-12-07 11:00:12,,The Marvelous Mrs. Maisel
6909610,2018-12-07 16:26:45,2,10,21667900,63434318,2018-12-07 16:26:45,,The Marvelous Mrs. Maisel
6910003,2018-11-20 16:28:25,3,5,21667900,64534871,2018-11-20 16:28:25,,The Last Kingdom
6933995,2019-07-04 16:18:40,3,1,21667900,64923193,2019-07-04 16:18:40,,Stranger Things
6933996,2019-07-04 16:19:16,3,2,21667900,64923224,2019-07-04 16:19:16,,Stranger Things
6933997,2019-07-05 10:41:32,3,3,21667900,64923227,2019-07-05 10:41:29,,Stranger Things
6933998,2019-07-05 12:26:26,3,4,21667900,64923193,2019-07-05 12:26:26,,Stranger Things
6934000,2019-07-05 16:16:31,3,5,21667900,64923205,2019-07-05 16:16:31,,Stranger Things
6934001,2019-07-06 04:34:23,3,6,21667900,64923193,2019-07-06 04:34:23,,Stranger Things
6934002,2019-07-06 05:38:12,3,7,21667900,64923193,2019-07-06 05:38:12,,Stranger Things
6934003,2019-07-06 08:50:52,3,8,21667900,64923190,2019-07-06 08:50:52,,Stranger Things
6937767,2019-06-08 08:35:59,1,1,21667900,63429458,2019-06-08 08:35:59,,Russian Doll
6939920,2019-01-23 11:58:51,3,11,21667900,65629755,2019-01-23 11:58:51,,This Is Us
6939922,2019-02-13 05:42:42,3,12,21667900,63626539,2019-02-13 05:42:42,,This Is Us
6944526,2019-01-07 04:48:38,4,10,21667900,64098173,2019-01-07 04:48:38,,Outlander
6944527,2019-01-14 15:43:04,4,11,21667900,64098173,2019-01-14 15:43:04,,Outlander
6944528,2019-01-20 16:29:42,4,12,21667900,64098170,2019-01-20 16:29:42,,Outlander
6944529,2019-01-28 05:36:15,4,13,21667900,64098182,2019-01-28 05:36:13,,Outlander
6953134,2024-03-12 17:22:17,1,2,21667900,64416423,2024-03-12 17:22:10,,The Light in Your Eyes
6968885,2019-01-03 12:00:57,5,16,21667900,65136677,2019-01-03 12:00:53,,Vikings
6968888,2019-01-10 11:52:04,5,17,21667900,65136677,2019-01-10 11:52:04,,Vikings
6968894,2019-01-25 10:33:35,5,19,21667900,65136704,2019-01-25 10:33:33,,Vikings
6968896,2019-02-01 12:32:19,5,20,21667900,65136677,2019-02-01 12:32:19,,Vikings
6975016,2019-06-05 05:07:06,2,1,21667900,65236357,2019-06-05 05:07:06,,Killing Eve
7006197,2019-02-21 16:59:34,3,13,21667900,63626516,2019-02-21 16:59:34,,This Is Us
7036361,2019-06-06 18:22:47,3,1,21667900,63737033,2019-06-06 18:22:43,,The Handmaid's Tale
7036363,2019-06-07 08:01:20,3,2,21667900,63737033,2019-06-07 08:01:20,,The Handmaid's Tale
7036366,2019-06-07 08:51:45,3,3,21667900,63737033,2019-06-07 08:51:45,,The Handmaid's Tale
7036371,2019-06-14 03:46:57,3,4,21667900,63737033,2019-06-14 03:46:57,,The Handmaid's Tale
7043113,2019-03-06 13:37:38,3,14,21667900,63626533,2019-03-06 13:37:38,,This Is Us
7043114,2019-03-17 17:50:13,3,15,21667900,63626522,2019-03-17 17:50:13,,This Is Us
7043116,2019-04-12 13:14:40,3,16,21667900,63626527,2019-04-12 13:14:40,,This Is Us
7043117,2019-05-27 05:58:51,3,17,21667900,63626516,2019-05-27 05:58:51,,This Is Us
7043118,2019-05-27 12:08:28,3,18,21667900,63626522,2019-05-27 12:08:28,,This Is Us
7048358,2024-03-13 21:34:41,1,12,21667900,64416423,2024-03-13 21:34:40,,The Light in Your Eyes
7051266,2024-06-08 00:01:27,1,1,21667900,64941452,2024-06-08 00:01:27,,Formula 1: Drive to Survive
7052240,2021-11-04 14:04:53,2,1,21667900,64144390,2021-11-04 14:04:53,,Succession
7056163,2022-05-01 01:49:29,2,17,21667900,63502019,2022-05-01 01:49:23,,Prison Break
7059062,2019-07-02 16:36:40,1,1,21667900,63506291,2019-07-02 16:36:37,,Euphoria (US)
7062009,2021-11-19 07:12:53,1,1,21667900,63524846,2021-11-19 07:12:53,,The Wheel of Time
7062012,2021-11-19 11:02:33,1,3,21667900,68003277,2021-11-19 11:02:30,,The Wheel of Time
7062895,2019-06-06 02:30:51,2,2,21667900,65236357,2019-06-06 02:30:51,,Killing Eve
7064726,2021-06-27 15:38:43,1,1,21667900,63513549,2021-06-27 15:38:43,,When They See Us
7064737,2021-07-05 17:16:55,1,4,21667900,63513552,2021-07-05 17:16:55,,When They See Us
7067815,2019-10-28 09:18:25,1,1,21667900,64652011,2019-10-28 09:18:15,,Looking for Alaska
7075645,2019-07-11 11:47:56,3,1,21667900,64084102,2019-07-11 11:47:56,,Harlots
7077742,2019-06-06 04:44:36,2,3,21667900,65236357,2019-06-06 04:44:36,,Killing Eve
7080457,2020-11-19 04:07:50,1,2,21667900,63902680,2020-11-19 04:07:50,,Our Planet (2019)
7080462,2020-11-19 04:07:27,1,3,21667900,63902680,2020-11-19 04:07:27,,Our Planet (2019)
7082952,2019-06-06 12:38:23,1,1,21667900,63799740,2019-06-06 12:38:20,,Chernobyl
7098403,2019-06-06 06:32:53,2,4,21667900,65236357,2019-06-06 06:32:53,,Killing Eve
7107505,2019-05-27 10:05:21,0,55,21667900,350478,2019-05-27 10:05:21,,Game of Thrones
7112024,2020-01-03 13:09:34,1,1,21667900,65593154,2020-01-03 13:09:34,,Spinning Out
7112025,2020-01-03 13:10:12,1,2,21667900,65593154,2020-01-03 13:10:12,,Spinning Out
7112026,2020-01-03 13:10:46,1,3,21667900,65593154,2020-01-03 13:10:46,,Spinning Out
7112028,2020-01-03 13:11:05,1,4,21667900,65593154,2020-01-03 13:11:05,,Spinning Out
7112029,2020-01-03 14:07:10,1,5,21667900,65593154,2020-01-03 14:07:10,,Spinning Out
7112030,2020-01-03 17:19:08,1,6,21667900,529324,2020-01-03 17:19:05,,Spinning Out
7112031,2020-01-03 17:20:03,1,7,21667900,65109892,2020-01-03 17:19:58,,Spinning Out
7112035,2020-01-04 13:34:08,1,8,21667900,529324,2020-01-04 13:34:06,,Spinning Out
7112037,2020-01-04 13:34:30,1,9,21667900,65593154,2020-01-04 13:34:30,,Spinning Out
7112038,2020-01-04 13:34:53,1,10,21667900,65593154,2020-01-04 13:34:53,,Spinning Out
7116984,2019-06-08 08:15:28,1,4,21667900,63799740,2019-06-08 08:15:28,,Chernobyl
7116987,2019-06-09 11:56:23,1,5,21667900,63799740,2019-06-09 11:56:23,,Chernobyl
7117386,2019-04-15 07:27:39,8,1,21667900,63976230,2019-04-15 07:27:39,,Game of Thrones
7121401,2019-04-28 13:27:48,8,2,21667900,63976039,2019-04-28 13:27:48,,Game of Thrones
7121402,2019-04-30 07:36:44,8,3,21667900,63976052,2019-04-30 07:36:44,,Game of Thrones
7121403,2019-05-07 02:24:21,8,4,21667900,63976148,2019-05-07 02:24:21,,Game of Thrones
7121404,2019-05-13 06:30:54,8,5,21667900,63976093,2019-05-13 06:30:54,,Game of Thrones
7121405,2019-05-21 04:28:22,8,6,21667900,63976217,2019-05-21 04:28:22,,Game of Thrones
7123644,2019-06-06 08:10:15,2,5,21667900,65236357,2019-06-06 08:10:15,,Killing Eve
7123646,2019-06-06 08:52:42,2,6,21667900,65236357,2019-06-06 08:52:42,,Killing Eve
7123648,2019-06-06 09:37:50,2,7,21667900,65236357,2019-06-06 09:37:50,,Killing Eve
7123654,2019-06-06 11:18:49,2,8,21667900,65236357,2019-06-06 11:18:49,,Killing Eve
7129613,2019-12-18 06:08:15,1,1,21667900,63370906,2019-12-18 06:08:15,,The Loudest Voice
7133857,2019-11-13 05:18:27,1,1,21667900,63442722,2019-11-13 05:18:27,,The Mandalorian
7135184,2019-06-10 12:04:59,2,1,21667900,64789177,2019-06-10 12:04:59,,Big Little Lies
7191323,2019-07-03 10:29:01,1,2,21667900,63506277,2019-07-03 10:29:01,,Euphoria (US)
7191325,2019-07-03 11:28:50,1,3,21667900,63506279,2019-07-03 11:28:50,,Euphoria (US)
7191328,2019-07-09 10:50:32,1,4,21667900,63506284,2019-07-09 10:50:32,,Euphoria (US)
7194971,2019-07-15 11:44:09,1,5,21667900,63506267,2019-07-15 11:44:09,,Euphoria (US)
7194979,2019-07-22 12:30:50,1,6,21667900,63506287,2019-07-22 12:30:39,,Euphoria (US)
7219153,2019-06-17 03:52:29,2,2,21667900,64789072,2019-06-17 03:52:29,,Big Little Lies
7219154,2019-06-24 04:00:03,2,3,21667900,64789050,2019-06-24 04:00:03,,Big Little Lies
7221011,2019-12-19 10:56:30,1,5,21667900,63370906,2019-12-19 10:56:30,,The Loudest Voice
7221012,2019-12-19 09:18:55,1,4,21667900,63370920,2019-12-19 09:18:55,,The Loudest Voice
7221013,2019-12-18 06:09:03,1,3,21667900,63370906,2019-12-18 06:09:03,,The Loudest Voice
7221014,2019-12-18 06:08:45,1,2,21667900,63370906,2019-12-18 06:08:45,,The Loudest Voice
7222645,2020-08-18 16:38:36,1,19,21667900,63408664,2020-08-18 16:38:36,,Demon Slayer: Kimetsu no Yaiba
7222649,2020-08-18 17:30:21,1,21,21667900,63408665,2020-08-18 17:30:15,,Demon Slayer: Kimetsu no Yaiba
7222660,2020-08-19 06:15:38,1,26,21667900,63408664,2020-08-19 06:15:38,,Demon Slayer: Kimetsu no Yaiba
7223774,2019-06-08 05:34:25,1,3,21667900,63799740,2019-06-08 05:34:25,,Chernobyl
7223961,2019-07-01 10:23:09,2,4,21667900,64789072,2019-07-01 10:23:09,,Big Little Lies
7228430,2019-07-08 15:53:59,2,5,21667900,64789072,2019-07-08 15:53:52,,Big Little Lies
7228433,2019-07-15 10:18:06,2,6,21667900,64789072,2019-07-15 10:18:06,,Big Little Lies
7240720,2019-09-25 10:40:31,4,1,21667900,63626527,2019-09-25 10:40:31,,This Is Us
7241233,2019-08-06 09:54:55,1,8,21667900,63506291,2019-08-06 09:54:55,,Euphoria (US)
7271099,2019-08-02 09:03:41,3,2,21667900,64084102,2019-08-02 09:03:41,,Harlots
7277003,2019-08-17 04:29:25,2,1,21667900,63854207,2019-08-17 04:29:25,,MINDHUNTER
7285223,2019-07-20 12:06:49,2,8,21667900,64819105,2019-07-20 12:06:49,,Money Heist
7288509,2019-09-17 04:59:45,1,1,21667900,64548745,2019-09-17 04:59:45,,Unbelievable
7288522,2019-09-25 10:41:15,1,4,21667900,64548748,2019-09-25 10:41:15,,Unbelievable
7288526,2019-09-25 10:41:30,1,5,21667900,64548748,2019-09-25 10:41:30,,Unbelievable
7288530,2019-09-27 10:26:01,1,6,21667900,64548748,2019-09-27 10:25:59,,Unbelievable
7288537,2019-09-27 10:26:15,1,7,21667900,64548745,2019-09-27 10:26:15,,Unbelievable
7288543,2019-09-27 11:08:31,1,8,21667900,64548745,2019-09-27 11:08:31,,Unbelievable
7290837,2019-07-22 10:30:58,2,7,21667900,64789072,2019-07-22 10:30:58,,Big Little Lies
7291478,2019-12-24 16:31:03,3,1,21667900,63434318,2019-12-24 16:31:03,,The Marvelous Mrs. Maisel
7293190,2019-12-11 06:33:09,4,1,21667900,64607381,2019-12-11 06:33:07,,The Man in the High Castle
7298128,2019-07-29 05:17:53,1,7,21667900,63506277,2019-07-29 05:17:45,,Euphoria (US)
7306300,2019-08-23 10:26:59,3,1,21667900,63865488,2019-08-23 10:26:57,,13 Reasons Why
7314583,2019-08-17 05:14:33,2,2,21667900,63854207,2019-08-17 05:14:33,,MINDHUNTER
7314586,2019-08-17 09:08:11,2,3,21667900,63854207,2019-08-17 09:08:07,,MINDHUNTER
7314587,2019-08-17 09:09:35,2,4,21667900,63854210,2019-08-17 09:09:35,,MINDHUNTER
7314589,2019-08-17 11:11:57,2,5,21667900,63854225,2019-08-17 11:11:17,,MINDHUNTER
7314590,2019-08-17 13:20:13,2,6,21667900,63854207,2019-08-17 13:20:13,,MINDHUNTER
7314592,2019-08-17 16:12:12,2,7,21667900,63854207,2019-08-17 16:12:12,,MINDHUNTER
7314594,2019-08-19 09:42:22,2,8,21667900,63854207,2019-08-19 09:42:22,,MINDHUNTER
7319124,2019-11-22 09:37:44,3,1,21667900,63422083,2019-11-22 09:37:44,,The Crown
7323041,2019-08-19 10:54:11,2,9,21667900,63854207,2019-08-19 10:54:11,,MINDHUNTER
7325436,2019-11-13 04:31:09,1,1,21667900,65304565,2019-11-13 04:31:09,,Mrs. Fletcher
7328134,2019-08-24 09:22:13,3,2,21667900,63865515,2019-08-24 09:22:13,,13 Reasons Why
7328135,2019-08-24 09:23:28,3,3,21667900,63865504,2019-08-24 09:23:25,,13 Reasons Why
7328138,2019-08-25 05:16:28,3,4,21667900,63865486,2019-08-25 05:16:24,,13 Reasons Why
7328142,2019-08-25 05:16:57,3,5,21667900,63865481,2019-08-25 05:16:57,,13 Reasons Why
7328145,2019-08-25 09:07:39,3,6,21667900,63865492,2019-08-25 09:07:36,,13 Reasons Why
7328147,2019-08-25 09:58:16,3,7,21667900,63865489,2019-08-25 09:58:10,,13 Reasons Why
7328151,2019-08-26 10:38:11,3,8,21667900,63865486,2019-08-26 10:38:11,,13 Reasons Why
7328155,2019-08-26 11:32:06,3,9,21667900,63865504,2019-08-26 11:32:02,,13 Reasons Why
7328159,2019-08-26 16:09:41,3,10,21667900,63865494,2019-08-26 16:09:41,,13 Reasons Why
7328167,2019-08-26 16:10:24,3,11,21667900,63865486,2019-08-26 16:10:19,,13 Reasons Why
7328170,2019-08-27 11:54:16,3,12,21667900,63865489,2019-08-27 11:54:14,,13 Reasons Why
7328174,2019-08-27 16:26:50,3,13,21667900,63865487,2019-08-27 16:26:50,,13 Reasons Why
7337980,2019-10-02 06:23:42,4,2,21667900,63626527,2019-10-02 06:23:42,,This Is Us
7337981,2019-10-11 04:54:23,4,3,21667900,63626539,2019-10-11 04:54:20,,This Is Us
7344283,2019-10-23 11:48:12,1,1,21667900,65101773,2019-10-23 11:48:12,,Watchmen
7347093,2020-04-20 11:34:54,2,1,21667900,64548247,2020-04-20 11:34:54,,Tom Clancy's Jack Ryan
7347095,2020-04-20 16:14:33,2,2,21667900,64548247,2020-04-20 16:14:33,,Tom Clancy's Jack Ryan
7347099,2020-04-21 06:16:36,2,3,21667900,64548247,2020-04-21 06:16:36,,Tom Clancy's Jack Ryan
7352474,2019-10-28 11:02:05,1,2,21667900,64651993,2019-10-28 11:02:05,,Looking for Alaska
7352475,2019-10-28 11:02:13,1,3,21667900,64651995,2019-10-28 11:02:09,,Looking for Alaska
7357130,2019-11-13 04:31:56,1,2,21667900,65304565,2019-11-13 04:31:56,,Mrs. Fletcher
7357136,2019-11-13 04:32:50,1,3,21667900,65304565,2019-11-13 04:32:50,,Mrs. Fletcher
7361557,2019-10-28 04:16:40,1,2,21667900,65101773,2019-10-28 04:16:40,,Watchmen
7361558,2019-11-06 05:56:16,1,3,21667900,65101796,2019-11-06 05:56:16,,Watchmen
7362279,2019-11-18 09:42:09,1,4,21667900,65304565,2019-11-18 09:42:09,,Mrs. Fletcher
7362284,2019-11-25 10:40:01,1,5,21667900,65304565,2019-11-25 10:40:01,,Mrs. Fletcher
7362289,2019-12-02 10:55:54,1,6,21667900,65304565,2019-12-02 10:55:54,,Mrs. Fletcher
7362292,2019-12-10 05:58:35,1,7,21667900,65304565,2019-12-10 05:58:35,,Mrs. Fletcher
7363291,2020-11-06 16:49:34,5,2,21667900,63909199,2020-11-06 16:49:34,,Lucifer
7381097,2019-10-16 16:17:53,4,4,21667900,63626539,2019-10-16 16:17:53,,This Is Us
7383844,2021-11-06 10:54:39,2,10,21667900,64144380,2021-11-06 10:54:39,,Succession
7393627,2020-01-05 15:52:13,6,1,21667900,65136660,2020-01-05 15:52:13,,Vikings
7394401,2019-10-23 09:11:48,4,5,21667900,63626527,2019-10-23 09:11:48,,This Is Us
7395719,2019-11-06 05:57:31,2,1,21667900,64821437,2019-11-06 05:57:29,,The End of the F***ing World
7398586,2019-11-12 09:34:11,1,4,21667900,65101773,2019-11-12 09:34:11,,Watchmen
7398587,2019-11-18 09:42:37,1,5,21667900,65101782,2019-11-18 09:42:37,,Watchmen
7398588,2019-11-26 10:08:06,1,6,21667900,564867,2019-11-26 10:08:06,,Watchmen
7402644,2019-10-30 04:55:31,4,6,21667900,63626527,2019-10-30 04:55:31,,This Is Us
7402646,2019-11-07 08:40:06,4,7,21667900,63626527,2019-11-07 08:40:06,,This Is Us
7408840,2020-01-16 16:41:59,1,1,21667900,65408579,2020-01-16 16:41:59,,The Outsider (2020)
7408842,2020-01-16 16:42:32,1,2,21667900,65408579,2020-01-16 16:42:32,,The Outsider (2020)
7410440,2019-12-30 01:25:25,1,5,21667900,63442722,2019-12-30 01:25:25,,The Mandalorian
7410442,2019-12-30 14:08:42,1,6,21667900,63442722,2019-12-30 14:08:42,,The Mandalorian
7410445,2019-12-30 16:10:25,1,7,21667900,65400366,2019-12-30 16:10:25,,The Mandalorian
7410449,2019-12-30 16:54:41,1,8,21667900,65401316,2019-12-30 16:54:41,,The Mandalorian
7416277,2021-01-25 10:54:53,3,10,21667900,64667397,2021-01-25 10:54:53,,Atypical
7422382,2019-12-05 12:23:20,1,7,21667900,65101794,2019-12-05 12:23:20,,Watchmen
7422383,2019-12-09 06:20:56,1,8,21667900,65101794,2019-12-09 06:20:56,,Watchmen
7422384,2019-12-16 14:39:33,1,9,21667900,65101773,2019-12-16 14:39:29,,Watchmen
7424748,2019-11-14 03:41:48,4,8,21667900,63626457,2019-11-14 03:41:48,,This Is Us
7427005,2019-11-12 09:36:12,1,2,21667900,64746272,2019-11-12 09:36:12,,His Dark Materials
7428555,2019-12-20 12:03:38,1,1,21667900,64245681,2019-12-20 12:03:38,,The Witcher
7428567,2019-12-20 13:07:54,1,2,21667900,549995,2019-12-20 13:07:45,,The Witcher
7428568,2019-12-21 06:03:34,1,3,21667900,64245681,2019-12-21 06:03:34,,The Witcher
7428571,2019-12-21 06:04:04,1,4,21667900,64245681,2019-12-21 06:04:04,,The Witcher
7428572,2019-12-21 10:01:47,1,5,21667900,64245681,2019-12-21 10:01:47,,The Witcher
7428573,2019-12-21 12:02:14,1,6,21667900,64245681,2019-12-21 12:02:14,,The Witcher
7428574,2019-12-21 17:06:10,1,7,21667900,64245681,2019-12-21 17:06:10,,The Witcher
7428575,2019-12-21 17:06:15,1,8,21667900,549995,2019-12-21 17:06:15,,The Witcher
7432829,2019-11-19 10:52:38,1,3,21667900,64746272,2019-11-19 10:52:37,,His Dark Materials
7432830,2019-11-26 05:49:19,1,4,21667900,64746272,2019-11-26 05:49:19,,His Dark Materials
7432832,2019-12-04 11:56:04,1,5,21667900,64746272,2019-12-04 11:56:04,,His Dark Materials
7432833,2019-12-10 07:02:12,1,6,21667900,64746272,2019-12-10 07:02:12,,His Dark Materials
7432834,2019-12-18 06:07:09,1,7,21667900,64746272,2019-12-18 06:07:09,,His Dark Materials
7432835,2019-12-23 06:33:49,1,8,21667900,64746272,2019-12-23 06:33:49,,His Dark Materials
7435497,2019-11-25 10:38:54,4,9,21667900,65629755,2019-11-25 10:38:52,,This Is Us
7446892,2019-12-26 12:03:25,2,1,21667900,63456990,2019-12-26 12:03:25,,You
7447653,2019-12-27 10:33:26,2,2,21667900,63456990,2019-12-27 10:33:26,,You
7447661,2019-12-27 10:33:33,2,3,21667900,63456990,2019-12-27 10:33:33,,You
7447922,2019-11-22 10:30:04,3,2,21667900,63422080,2019-11-22 10:30:04,,The Crown
7447924,2019-11-23 05:58:48,3,3,21667900,63422087,2019-11-23 05:58:48,,The Crown
7447926,2019-11-23 06:00:05,3,4,21667900,63422087,2019-11-23 06:00:05,,The Crown
7447927,2019-11-23 08:28:55,3,5,21667900,63422083,2019-11-23 08:28:55,,The Crown
7447929,2019-11-23 09:42:24,3,6,21667900,65399102,2019-11-23 09:42:24,,The Crown
7447930,2019-11-23 11:04:24,3,7,21667900,63422087,2019-11-23 11:04:24,,The Crown
7447933,2019-11-25 10:41:00,3,8,21667900,65399102,2019-11-25 10:41:00,,The Crown
7447935,2019-11-25 11:47:54,3,9,21667900,65399102,2019-11-25 11:47:54,,The Crown
7447937,2019-11-25 13:00:26,3,10,21667900,63422080,2019-11-25 13:00:23,,The Crown
7448010,2019-12-27 10:33:49,2,4,21667900,63456990,2019-12-27 10:33:47,,You
7448019,2019-12-27 10:34:01,2,5,21667900,63456990,2019-12-27 10:34:01,,You
7448020,2019-12-27 11:56:21,2,6,21667900,63456990,2019-12-27 11:56:21,,You
7448021,2019-12-28 10:27:08,2,7,21667900,63456990,2019-12-28 10:27:08,,You
7448022,2019-12-28 10:27:45,2,8,21667900,63456990,2019-12-28 10:27:45,,You
7448023,2019-12-28 11:12:44,2,9,21667900,63456990,2019-12-28 11:12:44,,You
7448024,2019-12-28 12:05:45,2,10,21667900,63456990,2019-12-28 12:05:45,,You
7453308,2019-12-25 10:14:26,3,2,21667900,63434318,2019-12-25 10:14:26,,The Marvelous Mrs. Maisel
7458663,2024-05-23 02:53:37,5,1,21667900,65235974,2024-05-23 02:53:37,,Better Call Saul
7459168,2020-11-07 06:19:46,5,5,21667900,63909194,2020-11-07 06:19:46,,Lucifer
7459171,2020-11-07 10:18:09,5,8,21667900,63909194,2020-11-07 10:18:09,,Lucifer
7459925,2020-01-15 09:28:34,4,10,21667900,63626527,2020-01-15 09:28:34,,This Is Us
7465726,2019-12-11 16:23:54,4,2,21667900,64607381,2019-12-11 16:23:54,,The Man in the High Castle
7465728,2019-12-12 06:26:15,4,3,21667900,64607381,2019-12-12 06:26:15,,The Man in the High Castle
7465731,2019-12-12 16:00:45,4,4,21667900,64607381,2019-12-12 16:00:45,,The Man in the High Castle
7465734,2019-12-18 16:22:08,4,5,21667900,64607381,2019-12-18 16:22:08,,The Man in the High Castle
7465735,2019-12-22 05:53:14,4,6,21667900,64607381,2019-12-22 05:53:14,,The Man in the High Castle
7465736,2019-12-22 09:45:44,4,7,21667900,64607399,2019-12-22 09:45:44,,The Man in the High Castle
7465737,2019-12-23 12:47:33,4,8,21667900,64607381,2019-12-23 12:47:33,,The Man in the High Castle
7465738,2019-12-23 12:47:43,4,9,21667900,64607381,2019-12-23 12:47:43,,The Man in the High Castle
7465741,2019-12-23 13:52:10,4,10,21667900,64607381,2019-12-23 13:52:10,,The Man in the High Castle
7478806,2021-03-17 03:06:54,1,1,21667900,65418693,2021-03-17 03:06:54,,Messiah (2020)
7479250,2020-04-22 11:23:29,2,1,21667900,64482087,2020-04-22 11:23:29,,My Brilliant Friend
7483410,2022-06-30 19:44:17,1,16,21667900,66358752,2022-06-30 19:44:17,,Crash Landing on You
7486455,2020-08-10 05:25:49,1,1,21667900,65435531,2020-08-10 05:25:49,,Normal People
7486456,2020-08-10 05:30:24,1,2,21667900,65435529,2020-08-10 05:30:24,,Normal People
7486458,2020-08-10 06:12:34,1,3,21667900,65435531,2020-08-10 06:12:34,,Normal People
7486461,2020-08-10 06:57:31,1,4,21667900,65435531,2020-08-10 06:57:31,,Normal People
7486462,2020-08-10 07:35:05,1,5,21667900,65435531,2020-08-10 07:35:05,,Normal People
7486463,2020-08-10 10:27:13,1,6,21667900,65435531,2020-08-10 10:27:13,,Normal People
7486464,2020-08-10 11:12:34,1,7,21667900,65435531,2020-08-10 11:12:34,,Normal People
7486474,2020-08-12 11:16:01,1,12,21667900,65435529,2020-08-12 11:16:01,,Normal People
7488825,2022-05-28 00:00:16,4,1,21667900,68699185,2022-05-28 00:00:10,,Stranger Things
7493294,2020-04-18 05:14:37,1,1,21667900,65435721,2020-04-18 05:14:37,,Little Fires Everywhere
7509621,2020-01-22 11:36:39,4,11,21667900,63626513,2020-01-22 11:36:39,,This Is Us
7509624,2020-01-29 10:24:55,4,12,21667900,63626539,2020-01-29 10:24:55,,This Is Us
7509625,2020-02-12 08:24:24,4,13,21667900,63626522,2020-02-12 08:24:20,,This Is Us
7529885,2020-03-29 11:33:56,3,1,21667900,63653568,2020-03-29 11:33:55,,Ozark
7531684,2020-04-18 16:12:30,1,1,21667900,64934011,2020-04-18 16:12:30,,Mrs. America
7537283,2020-03-25 16:27:26,3,1,21667900,64482003,2020-03-25 16:27:25,,Westworld
7541802,2020-11-10 04:58:13,1,1,21667900,65689050,2020-11-10 04:58:13,,The Undoing
7542903,2024-05-24 23:50:34,5,4,21667900,65235974,2024-05-24 23:50:34,,Better Call Saul
7542906,2024-05-24 04:12:34,5,3,21667900,65235974,2024-05-24 04:12:34,,Better Call Saul
7550297,2023-09-26 01:43:27,1,1,21667900,65186526,2023-09-26 01:43:27,,The Great
7552112,2021-12-05 07:46:24,1,4,21667900,68003273,2021-12-05 07:46:24,,The Wheel of Time
7553440,2020-08-05 16:24:48,1,1,21667900,65466650,2020-08-05 16:24:48,,Unorthodox
7553443,2020-08-06 06:51:27,1,4,21667900,65466650,2020-08-06 06:51:27,,Unorthodox
7556901,2020-02-20 02:18:17,4,14,21667900,63626527,2020-02-20 02:18:17,,This Is Us
7556909,2020-02-26 10:32:50,4,15,21667900,63626539,2020-02-26 10:32:50,,This Is Us
7578994,2020-03-26 10:03:24,3,2,21667900,64481997,2020-03-26 10:03:24,,Westworld
7578995,2020-03-30 05:12:55,3,3,21667900,64482027,2020-03-30 05:12:48,,Westworld
7578996,2020-04-06 06:07:12,3,4,21667900,64481990,2020-04-06 06:07:12,,Westworld
7578999,2020-04-14 10:08:21,3,5,21667900,65470370,2020-04-14 10:08:21,,Westworld
7579000,2020-04-20 04:23:48,3,6,21667900,64482027,2020-04-20 04:23:48,,Westworld
7579002,2020-04-27 09:13:43,3,7,21667900,64481997,2020-04-27 09:13:43,,Westworld
7579004,2020-05-06 08:08:17,3,8,21667900,64481997,2020-05-06 08:08:17,,Westworld
7581969,2021-04-02 11:12:19,1,6,21667900,65526041,2021-04-02 11:12:19,,Snowpiercer
7591103,2020-04-14 11:00:15,3,1,21667900,65236377,2020-04-14 11:00:11,,Killing Eve
7597566,2020-03-11 12:38:58,4,16,21667900,63626522,2020-03-11 12:38:58,,This Is Us
7597569,2020-03-18 06:03:42,4,17,21667900,63626522,2020-03-18 06:03:42,,This Is Us
7597570,2020-03-25 06:25:07,4,18,21667900,395688,2020-03-25 06:25:07,,This Is Us
7611871,2020-04-04 16:27:47,1,1,21667900,65436124,2020-04-04 16:27:47,,Tales from the Loop
7611874,2020-04-04 16:28:12,1,2,21667900,65436126,2020-04-04 16:28:11,,Tales from the Loop
7611876,2020-04-05 05:58:32,1,3,21667900,65484516,2020-04-05 05:58:32,,Tales from the Loop
7611877,2020-04-05 08:46:46,1,4,21667900,65436125,2020-04-05 08:46:44,,Tales from the Loop
7611878,2020-04-05 10:22:47,1,5,21667900,65484516,2020-04-05 10:22:47,,Tales from the Loop
7611880,2020-04-06 08:40:17,1,6,21667900,65484516,2020-04-06 08:40:17,,Tales from the Loop
7614190,2020-04-18 05:15:43,1,2,21667900,65435721,2020-04-18 05:15:43,,Little Fires Everywhere
7614191,2020-04-18 12:30:22,1,7,21667900,65435745,2020-04-18 12:30:17,,Little Fires Everywhere
7614193,2020-04-18 11:23:14,1,6,21667900,65435722,2020-04-18 11:23:14,,Little Fires Everywhere
7614195,2020-04-18 06:18:11,1,3,21667900,65435722,2020-04-18 06:18:11,,Little Fires Everywhere
7614197,2020-04-18 09:51:02,1,5,21667900,65435721,2020-04-18 09:51:02,,Little Fires Everywhere
7614198,2020-04-18 08:36:58,1,4,21667900,65435721,2020-04-18 08:36:54,,Little Fires Everywhere
7620104,2020-04-02 06:41:10,3,9,21667900,63653573,2020-04-02 06:41:10,,Ozark
7620105,2020-04-03 12:22:31,3,10,21667900,63653568,2020-04-03 12:22:31,,Ozark
7620959,2020-11-10 04:58:37,1,2,21667900,65689050,2020-11-10 04:58:37,,The Undoing
7629417,2021-05-28 17:34:38,5,16,21667900,63909194,2021-05-28 17:34:38,,Lucifer
7645408,2020-04-27 05:50:48,4,1,21667900,64534871,2020-04-27 05:50:48,,The Last Kingdom
7656407,2020-04-27 10:17:55,4,2,21667900,64534871,2020-04-27 10:17:55,,The Last Kingdom
7658043,2020-04-03 12:21:58,2,10,21667900,64819096,2020-04-03 12:21:59,,Money Heist
7658045,2020-04-04 05:40:03,2,12,21667900,64819094,2020-04-04 05:40:03,,Money Heist
7658047,2020-04-04 06:24:38,2,13,21667900,64819105,2020-04-04 06:24:38,,Money Heist
7673417,2020-04-21 05:01:24,3,2,21667900,65236357,2020-04-21 05:01:24,,Killing Eve
7673418,2020-04-29 12:38:21,3,3,21667900,65236357,2020-04-29 12:38:21,,Killing Eve
7681207,2020-04-22 11:22:18,1,0,21667900,65435745,2020-04-22 11:22:18,,Little Fires Everywhere
7705112,2022-07-16 01:07:24,1,1,21667900,65462533,2022-07-16 01:07:24,,It's Okay to Not Be Okay
7708153,2023-09-26 16:48:24,1,4,21667900,65186526,2023-09-26 16:48:24,,The Great
7804422,2024-03-08 21:35:10,1,11,21667900,65462745,2024-03-08 21:35:10,,Flower of Evil
7812679,2021-09-06 11:09:59,2,1,21667900,66362952,2021-09-06 11:09:59,,Modern Love
7812916,2020-09-04 05:41:07,2,1,21667900,63473683,2020-09-04 05:41:07,,The Boys
7812917,2020-09-04 06:45:58,2,2,21667900,63473683,2020-09-04 06:45:55,,The Boys
7812918,2020-09-04 09:38:01,2,3,21667900,63473735,2020-09-04 09:37:59,,The Boys
7812919,2020-09-11 10:46:57,2,4,21667900,63473761,2020-09-11 10:46:57,,The Boys
7812920,2020-09-18 05:12:14,2,5,21667900,63473761,2020-09-18 05:12:14,,The Boys
7812923,2020-09-25 12:32:38,2,6,21667900,63473683,2020-09-25 12:32:37,,The Boys
7812925,2020-10-02 05:34:21,2,7,21667900,63473761,2020-10-02 05:34:17,,The Boys
7812926,2020-10-09 04:26:43,2,8,21667900,63473761,2020-10-09 04:26:43,,The Boys
7877067,2020-11-19 09:30:01,1,4,21667900,65689050,2020-11-19 09:30:01,,The Undoing
7877071,2021-02-24 11:24:09,1,6,21667900,65689050,2021-02-24 11:24:09,,The Undoing
7896442,2020-11-15 10:55:10,4,1,21667900,63422083,2020-11-15 10:55:06,,The Crown
7896631,2020-11-15 10:56:06,4,2,21667900,65399102,2020-11-15 10:56:06,,The Crown
7896632,2020-11-15 11:36:55,4,3,21667900,63422083,2020-11-15 11:36:55,,The Crown
7896637,2020-11-17 06:00:24,4,8,21667900,63421988,2020-11-17 06:00:24,,The Crown
7896638,2020-11-17 09:27:53,4,9,21667900,65399102,2020-11-17 09:27:50,,The Crown
7896640,2020-11-17 09:29:55,4,10,21667900,65714895,2020-11-17 09:29:55,,The Crown
7905328,2020-10-28 17:18:05,5,1,21667900,63626539,2020-10-28 17:18:03,,This Is Us
7905559,2020-10-28 17:18:59,5,2,21667900,63626513,2020-10-28 17:18:59,,This Is Us
7992608,2020-11-11 08:14:48,5,3,21667900,63626539,2020-11-11 08:14:45,,This Is Us
7993541,2020-11-19 06:41:43,2,3,21667900,63442722,2020-11-19 06:41:43,,The Mandalorian
7993544,2020-12-02 04:28:38,2,5,21667900,63442722,2020-12-02 04:28:38,,The Mandalorian
7993545,2020-12-09 03:45:50,2,6,21667900,63442722,2020-12-09 03:45:50,,The Mandalorian
7995063,2021-01-20 06:36:22,1,8,21667900,64819289,2021-01-20 06:36:19,,Bridgerton
8001669,2023-05-04 02:23:19,1,1,21667900,65689127,2023-05-04 02:23:17,,The White Lotus
8022000,2020-11-19 05:15:42,5,4,21667900,63626527,2020-11-19 05:15:42,,This Is Us
8043108,2021-02-07 12:26:42,1,2,21667900,65771670,2021-02-07 12:26:42,,WandaVision
8043110,2021-02-08 05:49:46,1,4,21667900,65771670,2021-02-08 05:49:43,,WandaVision
8043111,2021-02-08 05:50:54,1,5,21667900,65771670,2021-02-08 05:50:54,,WandaVision
8043112,2021-02-15 07:20:34,1,6,21667900,65771670,2021-02-15 07:20:34,,WandaVision
8064491,2021-02-27 13:13:06,1,10,21667900,65163310,2021-02-27 13:13:06,,A Teacher
8105217,2021-02-20 06:38:32,1,7,21667900,65771671,2021-02-20 06:38:32,,WandaVision
8105218,2021-02-27 05:36:16,1,8,21667900,65771670,2021-02-27 05:36:16,,WandaVision
8120638,2021-03-05 13:02:00,1,9,21667900,65771670,2021-03-05 13:02:00,,WandaVision
8126409,2021-09-10 08:14:41,6,1,21667900,63909194,2021-09-10 08:14:41,,Lucifer
8159092,2024-03-24 22:32:59,1,4,21667900,65711571,2024-03-24 22:32:59,,Vincenzo
8212911,2021-02-24 11:22:11,5,9,21667900,63626527,2021-02-24 11:22:11,,This Is Us
8214191,2021-03-17 12:52:08,5,10,21667900,63626522,2021-03-17 12:52:08,,This Is Us
8234217,2021-06-09 17:14:01,1,1,21667900,64487535,2021-06-09 17:14:01,,Loki
8238358,2021-03-27 11:40:05,1,2,21667900,66004498,2021-03-27 11:40:05,,The Falcon and The Winter Soldier
8238359,2021-04-04 03:40:50,1,3,21667900,66004497,2021-04-04 03:40:50,,The Falcon and The Winter Soldier
8238360,2021-04-11 16:38:50,1,4,21667900,66004497,2021-04-11 16:38:50,,The Falcon and The Winter Soldier
8238361,2021-04-19 13:02:00,1,5,21667900,66004498,2021-04-19 13:02:00,,The Falcon and The Winter Soldier
8238362,2021-04-23 10:49:14,1,6,21667900,66004498,2021-04-23 10:49:14,,The Falcon and The Winter Soldier
8239389,2021-06-02 18:40:11,1,8,21667900,66049582,2021-06-02 18:40:11,,Shadow and Bone
8287133,2022-08-27 16:58:18,1,1,21667900,68358041,2022-08-27 16:58:14,,House of the Dragon
8293533,2021-04-08 15:48:46,5,12,21667900,63626527,2021-04-08 15:48:46,,This Is Us
8304007,2024-02-24 23:59:42,1,6,21667900,68370172,2024-02-24 23:59:42,,Our Beloved Summer
8324652,2021-06-01 17:51:25,1,5,21667900,66051159,2021-06-01 17:51:25,,Mare of Easttown
8334515,2021-05-19 09:27:52,5,15,21667900,63626522,2021-05-19 09:27:50,,This Is Us
8358732,2021-05-26 08:17:28,5,16,21667900,63626522,2021-05-26 08:17:25,,This Is Us
8371186,2021-06-02 10:04:18,1,7,21667900,66051159,2021-06-02 10:04:18,,Mare of Easttown
8381861,2024-02-10 23:25:07,1,1,21667900,66064866,2024-02-10 23:25:03,,My Liberation Notes
8415207,2021-10-23 05:14:32,1,1,21667900,66184652,2021-10-23 05:14:32,,Komi Can't Communicate
8423100,2023-05-04 20:38:28,1,2,21667900,65689127,2023-05-04 20:38:27,,The White Lotus
8423101,2023-05-04 21:55:08,1,3,21667900,65689126,2023-05-04 21:55:08,,The White Lotus
8423103,2023-05-05 02:03:32,1,5,21667900,65689126,2023-05-05 02:03:32,,The White Lotus
8447795,2021-09-03 16:41:34,3,1,21667900,64819092,2021-09-03 16:41:34,,Money Heist
8447799,2021-09-04 12:52:27,3,5,21667900,64819094,2021-09-04 12:52:27,,Money Heist
8452518,2021-06-30 16:14:56,1,4,21667900,64487535,2021-06-30 16:14:56,,Loki
8452682,2021-09-07 08:53:29,2,2,21667900,66362949,2021-09-07 08:53:29,,Modern Love
8452683,2021-09-07 09:45:34,2,3,21667900,66362960,2021-09-07 09:45:34,,Modern Love
8452688,2021-09-08 11:17:23,2,8,21667900,66362943,2021-09-08 11:17:23,,Modern Love
8487985,2023-01-11 21:44:29,1,13,21667900,66061248,2023-01-11 21:44:29,,Alchemy of Souls
8507460,2022-02-28 04:55:45,3,3,21667900,67766815,2022-02-28 04:55:45,,Sex Education
8513240,2021-07-29 04:29:04,4,10,21667900,64667397,2021-07-29 04:29:04,,Atypical
8560400,2024-03-14 01:24:28,1,1,21667900,68626612,2024-03-14 01:24:28,,"Twenty Five, Twenty One"
8618763,2021-10-05 10:58:54,1,3,21667900,65755436,2021-10-05 10:58:54,,Scenes From A Marriage (US)
8618765,2021-11-03 05:02:31,1,5,21667900,65755437,2021-11-03 05:02:31,,Scenes From A Marriage (US)
8640506,2022-07-24 21:01:11,1,8,21667900,65985071,2022-07-24 21:01:11,,My Name
8644085,2021-10-15 10:45:27,3,4,21667900,63456990,2021-10-15 10:45:27,,You
8685515,2021-12-06 12:46:11,3,8,21667900,64144380,2021-12-06 12:46:09,,Succession
8697562,2022-01-20 23:52:02,6,3,21667900,63626527,2022-01-20 23:52:02,,This Is Us
8697564,2022-02-06 12:39:03,6,5,21667900,63626522,2022-02-06 12:39:03,,This Is Us
8723673,2022-08-08 16:39:30,1,1,21667900,67993452,2022-08-08 16:39:30,,The Sandman
8791888,2022-01-22 13:55:53,4,1,21667900,63653568,2022-01-22 13:55:51,,Ozark
8825812,2022-06-05 17:08:45,4,7,21667900,64923193,2022-06-05 17:08:45,,Stranger Things
8853056,2022-02-24 22:23:16,6,6,21667900,63626516,2022-02-24 22:23:16,,This Is Us
8932006,2022-07-13 15:38:02,3,8,21667900,63473687,2022-07-13 15:38:02,,The Boys
8945268,2022-03-31 16:37:27,6,10,21667900,63626513,2022-03-31 16:37:27,,This Is Us
8983189,2025-03-23 22:14:35,1,1,21667900,68839732,2025-03-23 22:14:35,,Presumed Innocent
8986043,2022-04-20 16:58:14,6,13,21667900,63626522,2022-04-20 16:58:11,,This Is Us
8986052,2022-05-04 18:36:17,6,15,21667900,63626486,2022-05-04 18:36:17,,This Is Us
8986054,2022-05-18 18:53:27,6,17,21667900,63626522,2022-05-18 18:53:27,,This Is Us
9046258,2024-02-10 23:26:19,1,2,21667900,66064866,2024-02-10 23:26:19,,My Liberation Notes
9046261,2024-02-11 19:19:25,1,4,21667900,66064865,2024-02-11 19:19:25,,My Liberation Notes
9046264,2024-02-11 20:27:27,1,5,21667900,66064866,2024-02-11 20:27:24,,My Liberation Notes
9046265,2024-02-11 22:24:51,1,6,21667900,66064866,2024-02-11 22:24:50,,My Liberation Notes
9046274,2024-02-15 22:56:33,1,13,21667900,66064865,2024-02-15 22:56:26,,My Liberation Notes
9046275,2024-02-16 00:07:28,1,14,21667900,66064865,2024-02-16 00:07:28,,My Liberation Notes
9046276,2024-02-16 01:19:21,1,15,21667900,66064864,2024-02-16 01:19:21,,My Liberation Notes
9046277,2024-02-16 02:37:13,1,16,21667900,66064864,2024-02-16 02:37:12,,My Liberation Notes
9082147,2022-08-30 16:28:02,1,2,21667900,68766717,2022-08-30 16:28:02,,House of the Dragon
9082148,2022-09-05 13:04:31,1,3,21667900,68358043,2022-09-05 13:04:31,,House of the Dragon
9082149,2022-09-12 20:42:38,1,4,21667900,68766717,2022-09-12 20:42:38,,House of the Dragon
9138252,2022-05-04 01:43:08,4,8,21667900,63653575,2022-05-04 01:43:08,,Ozark
9162276,2023-01-13 21:11:22,1,20,21667900,66061248,2023-01-13 21:11:22,,Alchemy of Souls
9240063,2024-04-25 20:31:08,1,1,21667900,69042430,2024-04-25 20:31:08,,Shōgun
9288822,2022-08-08 20:08:18,1,4,21667900,67993452,2022-08-08 20:08:18,,The Sandman
9288823,2022-08-08 21:14:03,1,5,21667900,67993452,2022-08-08 21:14:03,,The Sandman
9297694,2023-04-23 20:54:41,4,1,21667900,64144390,2023-04-23 20:54:41,,Succession
9328540,2023-01-16 03:37:53,2,10,21667900,66061248,2023-01-16 03:37:53,,Alchemy of Souls
9365337,2023-02-10 04:49:12,4,4,21667900,63456990,2023-02-10 04:49:12,,You
9365338,2023-02-10 05:25:40,4,5,21667900,63456990,2023-02-10 05:25:40,,You
9365343,2023-03-11 04:49:21,4,10,21667900,63456990,2023-03-11 04:49:21,,You
9543947,2023-04-23 22:05:32,4,2,21667900,64144388,2023-04-23 22:05:32,,Succession
9543948,2023-04-24 01:36:04,4,3,21667900,64144377,2023-04-24 01:36:04,,Succession
9543952,2023-05-02 00:12:58,4,5,21667900,68934495,2023-05-02 00:12:58,,Succession
9543954,2023-05-02 01:50:43,4,6,21667900,64144380,2023-05-02 01:50:43,,Succession
9543955,2023-05-09 01:36:27,4,7,21667900,64144394,2023-05-09 01:36:27,,Succession
9543956,2023-05-16 22:30:43,4,8,21667900,64144380,2023-05-16 22:30:43,,Succession
10396624,2024-07-04 16:09:20,2,1,21667900,68358041,2024-07-04 16:09:20,,House of the Dragon
10396629,2024-07-05 01:12:36,2,2,21667900,68358041,2024-07-05 01:12:36,,House of the Dragon
10396630,2024-07-08 01:37:41,2,3,21667900,68358041,2024-07-08 01:37:41,,House of the Dragon
10396631,2024-07-09 18:44:19,2,4,21667900,69168152,2024-07-09 18:44:19,,House of the Dragon
10396632,2024-07-16 01:00:40,2,5,21667900,68358041,2024-07-16 01:00:40,,House of the Dragon
10396634,2024-07-29 23:08:59,2,7,21667900,68358041,2024-07-29 23:08:59,,House of the Dragon
10396635,2024-08-06 02:23:04,2,8,21667900,68358041,2024-08-06 02:23:04,,House of the Dragon
10398314,2024-05-07 17:07:29,1,1,21667900,68644993,2024-05-07 17:07:29,,Baby Reindeer
10410193,2024-05-07 17:33:12,1,2,21667900,68644993,2024-05-07 17:33:12,,Baby Reindeer
10410194,2024-05-07 18:21:21,1,3,21667900,68644993,2024-05-07 18:21:21,,Baby Reindeer
10410195,2024-05-07 19:11:47,1,4,21667900,68644993,2024-05-07 19:11:47,,Baby Reindeer
10410197,2024-05-07 21:19:33,1,6,21667900,68644993,2024-05-07 21:19:33,,Baby Reindeer
10410198,2024-05-07 21:53:10,1,7,21667900,68644993,2024-05-07 21:53:10,,Baby Reindeer
10592768,2025-03-21 18:24:00,2,10,21667900,64711207,2025-03-21 18:24:00,,Severance
